Nama Kelompok,Nama komoditi,Tahun,Masukan,Keluaran,Impor,Ekpor,Perubahan stok,Pakan,Bibit,Makanan,Bukan makanan,Tercecer,Penggunaan lain,Bahan makanan,Kg tahun,Gram hari,Kalori hari,Protein hari,Lemak hari,Status angka,Kd uraian,Create at
Padi - Padian,Beras,1993,44230,28750,24,351,-474,0,0,0,0,722,,28175,150.2,411.49,1481,27.98,2.88,0,,04/01/2023 - 08:59
Padi - Padian,Beras,1994,42753,27789,625,160,-1069,0,0,0,0,733,,28590,149.94,410.8,1479,27.93,2.88,0,,04/01/2023 - 08:59
Padi - Padian,Beras,1995,45576,29624,1807,0,1311,0,0,0,0,753,,29367,151.78,415.83,1497,28.28,2.91,0,,04/01/2023 - 08:59
Padi - Padian,Beras,1996,46858,30458,2150,0,344,0,0,0,0,807,,31457,159.84,437.92,1577,29.78,3.07,0,,04/01/2023 - 08:59
Padi - Padian,Beras,1997,45333,29466,345,0,-771,0,0,0,0,765,,29817,149.21,408.79,1472,27.8,2.86,0,,04/01/2023 - 08:59
Padi - Padian,Beras,1998,44966,28419,2895,2,764,0,0,0,3,764,,29781,146.8,402.18,1460,35.79,5.63,0,,04/01/2023 - 08:59
Padi - Padian,Beras,1999,46563,29428,4742,3,-886,0,0,0,1,876,,34176,168.49,461.62,1676,41.08,6.46,0,,04/01/2023 - 08:59
Padi - Padian,Beras,2000,47539,30045,1354,1,-197,0,0,0,0,790,,30805,149.65,410,1488,36.49,5.74,0,,04/01/2023 - 08:59
Padi - Padian,Beras,2001,46248,29229,637,4,58,0,0,0,15,745,,29045,139.35,381.77,1386,33.98,5.34,0,,04/01/2023 - 08:59
Padi - Padian,Beras,2002,46568,29431,1786,4,526,52,0,0,203,767,,29665,140.55,385.07,1398,34.27,5.39,0,,04/01/2023 - 08:59
Padi - Padian,Beras,2003,47143.05,29794.41,1425.43,0.68,58,52.97,0,0,205.66,779.03,,30123.49,140.95,386.16,1402,34.37,5.41,0,,04/01/2023 - 08:59
Padi - Padian,Beras,2004,48888,30897,236,2,-179,53,0,0,207,783,,30268,139.88,383.23,1391,34.11,5.37,0,,04/01/2023 - 08:59
Padi - Padian,Beras,2005,50042,31626,189,43,-678,55,0,0,214,811,,31370,142.69,390.93,1419,34.79,5.47,0,,04/01/2023 - 08:59
Padi - Padian,Beras,2006,50404,31855,438,1,-135,55,0,0,23,811,,31538,141.59,387.91,1408,34.52,5.43,0,,04/01/2023 - 08:59
Padi - Padian,Beras,2007,53116,33569,1405,2,615,58,0,0,65,859,,33374,147.91,405.23,1471,36.07,5.67,0,,04/01/2023 - 08:59
Padi - Padian,Beras,2008,56131,35475,286,1,-329,61,0,0,64,902,,35061,153.42,420.33,1526,37.41,5.88,0,,04/01/2023 - 08:59
Padi - Padian,Beras,2009,60033,37665,245,2,448,64,0,0,18,936,,36441,155.47,425.93,1546,37.91,5.96,0,,04/01/2023 - 08:59
Padi - Padian,Beras,2010,61891,38830,683,0,-726,68.41,0,0,25.1818,1006,,39139.2,164.09,449.57,1632,40.01,6.29,0,,04/01/2023 - 08:59
Padi - Padian,Beras,2011,61264,38437,2745,1,125,70,0,0,29,1026,,39930,165.01,452.08,1637,38.34,6.56,0,,04/01/2023 - 08:59
Padi - Padian,Jagung,1993,0,6460,494,61,0,414,76,0,646,345,,5412,28.85,79.04,253,6.54,2.77,0,,04/01/2023 - 08:59
Padi - Padian,Jagung,1994,0,6869,1118,37,0,477,85,0,669,398,,6321,33.15,90.82,290,7.52,3.19,0,,04/01/2023 - 08:59
Padi - Padian,Jagung,1995,0,8246,969,79,0,548,102,0,1629,457,,6400,33.08,90.62,290,7.5,3.18,0,,04/01/2023 - 08:59
Padi - Padian,Jagung,1996,0,9307,617,27,0,594,102,0,1805,495,,6901,35.06,96.07,307,7.95,3.37,0,,04/01/2023 - 08:59
Padi - Padian,Jagung,1997,0,8771,1098,19,0,591,97,0,1419,493,,7250,36.28,99.4,318,8.23,3.49,0,,04/01/2023 - 08:59
Padi - Padian,Jagung,1998,0,10000,313,625,0,591,108,0,264,493,,8401,41.41,113.45,362,9.39,3.98,0,,04/01/2023 - 08:59
Padi - Padian,Jagung,1999,0,9204,618,91,0,584,107,0,0,487,,8554,42.17,115.54,369,9.57,4.06,0,,04/01/2023 - 08:59
Padi - Padian,Jagung,2000,0,9677,1265,28,0,655,98,0,0,546,,9615,46.71,127.97,409,10.6,4.49,0,,04/01/2023 - 08:59
Padi - Padian,Jagung,2001,0,9347,1036,90,0,618,94,0,1225,515,,7841,37.62,103.07,329,8.53,3.62,0,,04/01/2023 - 08:59
Padi - Padian,Jagung,2002,0,9654,1154,16,325,628,90,0,2095,523,,7130,33.78,92.56,296,7.66,3.25,0,,04/01/2023 - 08:59
Padi - Padian,Jagung,2003,0,10886,1345.45,33.69,367.17,709.86,96.01,0,2368.57,591.55,,8065.04,37.74,103.39,330,8.56,3.63,0,,04/01/2023 - 08:59
Padi - Padian,Jagung,2004,0,11225,1089,34,370,715,102,0,2385,596,,8114,37.5,102.74,328,8.51,3.61,0,,04/01/2023 - 08:59
Padi - Padian,Jagung,2005,0,12524,186,54,0,759,97,0,2534,633,,8633,39.27,107.58,344,8.91,3.78,0,,04/01/2023 - 08:59
Padi - Padian,Jagung,2006,0,11609,1779,28,0,802,87,0,7311,668,,4493,20.17,55.26,177,4.58,1.94,0,,04/01/2023 - 08:59
Padi - Padian,Jagung,2007,0,13288,771,102,0,837,105,0,2713,698,,9603,42.56,116.6,373,9.65,4.09,0,,04/01/2023 - 08:59
Padi - Padian,Jagung,2008,0,16317,404,107,0,997,109,0,3217,831,,11461,50.15,137.4,439,11.38,4.82,0,,04/01/2023 - 08:59
Padi - Padian,Jagung,2009,0,17630,419,63,0,1079,86,0,3415,899,,12506,53.35,146.17,467,12.1,5.13,0,,04/01/2023 - 08:59
Padi - Padian,Jagung,2010,0,18327.636,1781.1,42.39,0,1203.98,89.78,0,4431.91,1003.32,,13337.36,55.92,153.2,489,12.68,5.38,0,,04/01/2023 - 08:59
Padi - Padian,Jagung,2011,0,17643,3305,30,0,1255,91,0,3670,1046,,14855,61.39,168.19,484,12.53,5.9,0,,04/01/2023 - 08:59
Padi - Padian,Jagung basah,1993,0,263,0,0,0,0,0,0,0,0,,263,1.4,3.84,1,0.04,0.01,0,,04/01/2023 - 08:59
Padi - Padian,Jagung basah,1994,0,267,0,0,0,0,0,0,0,0,,267,1.4,3.84,1,0.04,0.01,0,,04/01/2023 - 08:59
Padi - Padian,Jagung basah,1995,0,240,0,0,0,0,0,0,0,0,,240,1.24,3.4,1,0.04,0.01,0,,04/01/2023 - 08:59
Padi - Padian,Jagung basah,1996,0,236,0,0,0,0,0,0,0,0,,236,1.2,3.29,1,0.04,0.01,0,,04/01/2023 - 08:59
Padi - Padian,Jagung basah,1997,0,224,0,0,0,0,0,0,0,0,,224,1.12,3.07,1,0.04,0.01,0,,04/01/2023 - 08:59
Padi - Padian,Jagung basah,1998,0,521,0,2,0,0,0,0,308,0,,211,1.04,2.85,1,0.03,0.01,0,,04/01/2023 - 08:59
Padi - Padian,Jagung basah,1999,0,151,0,3,0,0,0,0,0,0,,148,0.73,2,1,0.02,0.01,0,,04/01/2023 - 08:59
Padi - Padian,Jagung basah,2000,0,152,0,2,0,0,0,0,0,0,,150,0.73,2,1,0.02,0.01,0,,04/01/2023 - 08:59
Padi - Padian,Jagung basah,2001,0,172,0,1,0,0,0,0,19,0,,152,0.73,2,1,0.02,0.01,0,,04/01/2023 - 08:59
Padi - Padian,Jagung basah,2002,0,304,0,2,12,0,0,0,0,0,,291,1.38,3.78,1,0.04,0.01,0,,04/01/2023 - 08:59
Padi - Padian,Jagung basah,2003,0,267.06,0,0.65,10.26,0,0,0,0,0,,256.47,1.2,3.29,1,0.04,0.01,0,,04/01/2023 - 08:59
Padi - Padian,Jagung basah,2004,0,348,1,0,13,0,0,0,0,0,,335,1.55,4.25,2,0.05,0.02,0,,04/01/2023 - 08:59
Padi - Padian,Jagung basah,2005,0,226,1,0,0,0,0,0,0,0,,226,1.03,2.82,1,0.03,0.01,0,,04/01/2023 - 08:59
Padi - Padian,Jagung basah,2006,0,191,1,0,0,0,0,0,0,0,,192,0.86,2.36,1,0.03,0.01,0,,04/01/2023 - 08:59
Padi - Padian,Jagung basah,2007,0,597,1,4,0,0,0,0,0,0,,593,2.63,7.21,3,0.08,0.03,0,,04/01/2023 - 08:59
Padi - Padian,Jagung basah,2008,0,399,1,1,0,0,0,0,85,0,,313,1.37,3.75,1,0.04,0.01,0,,04/01/2023 - 08:59
Padi - Padian,Jagung basah,2009,0,322,1,1,0,0,0,0,160,0,,162,0.69,1.89,1,0.02,0.01,0,,04/01/2023 - 08:59
Padi - Padian,Jagung basah,2010,0,525,0,0,0,0,0,0,279,0,,246,1.03,2.82,1,0.03,0.01,0,,04/01/2023 - 08:59
Padi - Padian,Jagung basah,2011,0,1747,1,1,0,0,0,0,1581,0,,167,0.69,1.89,0,0.01,0,0,,04/01/2023 - 08:59
Padi - Padian,Jagung basah,2012,0,1762,3,1,0,0,0,0,1603,0,,162,0.66,1.81,0,0.01,0,0,,04/01/2023 - 08:59
Padi - Padian,Tepung Gandum,1993,2636,1898,42,0,-11,0,0,0,12,0,,1939,10.34,28.32,103,2.52,0.37,0,,04/01/2023 - 08:59
Padi - Padian,Tepung Gandum,1994,3355,2416,25,0,7,0,0,0,34,0,,2400,12.58,34.47,126,3.07,0.45,0,,04/01/2023 - 08:59
Padi - Padian,Tepung Gandum,1995,3882,2795,158,0,21,0,0,0,87,0,,2845,14.7,40.29,147,3.59,0.52,0,,04/01/2023 - 08:59
Padi - Padian,Tepung Gandum,1996,4122,2968,20,2,-9,0,0,0,62,0,,2933,14.9,40.83,149,3.63,0.53,0,,04/01/2023 - 08:59
Padi - Padian,Tepung Gandum,1997,3506,2524,15,0,6,0,0,0,50,0,,2483,12.43,34.05,124,3.03,0.44,0,,04/01/2023 - 08:59
Padi - Padian,Tepung Gandum,1998,3133,2256,23,0,0,0,0,0,53,0,,2226,10.97,30.06,100,2.71,0.3,0,,04/01/2023 - 08:59
Padi - Padian,Tepung Gandum,1999,2713,1953,367,1,0,0,0,0,6,0,,2313,11.41,31.25,101,2.81,0.31,0,,04/01/2023 - 08:59
Padi - Padian,Tepung Gandum,2000,3589,2584,459,3,0,0,0,0,6,0,,3034,14.74,40.38,134,3.63,0.4,0,,04/01/2023 - 08:59
Padi - Padian,Tepung Gandum,2001,2718,1957,256,2,0,0,0,0,46,0,,2164,10.38,28.45,95,2.56,0.28,0,,04/01/2023 - 08:59
Padi - Padian,Tepung Gandum,2002,4345,3129,343,31,63,0,0,0,6,10,,3362,15.93,43.65,145,3.93,0.44,0,,04/01/2023 - 08:59
Padi - Padian,Tepung Gandum,2003,3582.15,2579.15,343.55,55.81,52.18,0,0,0,5.35,8.16,,2801.2,13.11,35.91,120,3.23,0.36,0,,04/01/2023 - 08:59
Padi - Padian,Tepung Gandum,2004,4630,3334,308,229,62,0,0,0,6,10,,3334,15.41,42.21,141,3.8,0.42,0,,04/01/2023 - 08:59
Padi - Padian,Tepung Gandum,2005,4416,3179,478,231,0,0,0,0,7,10,,3410,15.51,42.5,142,3.82,0.42,0,,04/01/2023 - 08:59
Padi - Padian,Tepung Gandum,2006,4467,3216,537,173,0,0,0,0,11,10,,3559,15.98,43.77,146,3.94,0.44,0,,04/01/2023 - 08:59
Padi - Padian,Tepung Gandum,2007,4542,3270,584,55,0,0,0,0,14,11,,3775,16.73,45.83,153,4.12,0.46,0,,04/01/2023 - 08:59
Padi - Padian,Tepung Gandum,2008,4458,3210,533,49,0,0,0,0,24,11,,3658,16.01,43.86,146,3.95,0.44,0,,04/01/2023 - 08:59
Padi - Padian,Tepung Gandum,2009,4641,3341,648,66,0,0,0,0,59,11,,3853,16.44,45.03,150,4.05,0.45,0,,04/01/2023 - 08:59
Padi - Padian,Tepung Gandum,2010,4758,3426,779,145,0,0,0,0,34,12,,4014,16.83,46.11,1564,4.15,0.46,0,,04/01/2023 - 08:59
Padi - Padian,Tepung Gandum,2011,5617,4044,681,32,0,0,0,0,67,14,,4614,19.06,52.23,174,4.7,0.52,0,,04/01/2023 - 08:59
Padi - Padian,Tepung Gandum,2012,6195,4461,490,46,0,0,0,0,54,14,,4837,19.71,53.99,180,4.86,0.54,0,,04/01/2023 - 08:59
Makanan berpati,Sagu/Tepung sagu,1993,321,129,0,1,0,0,0,0,0,0,,128,0.68,1.86,7,0.01,0,0,,04/01/2023 - 08:59
Makanan berpati,Sagu/Tepung sagu,1994,328,131,0,0,0,0,0,0,1,0,,130,0.68,1.86,7,0.01,0,0,,04/01/2023 - 08:59
Makanan berpati,Sagu/Tepung sagu,1995,344,137,0,1,0,0,0,0,1,0,,135,0.7,1.92,7,0.01,0,0,,04/01/2023 - 08:59
Makanan berpati,Sagu/Tepung sagu,1996,305,122,0,0,0,0,0,0,0,0,,122,0.62,1.7,6,0.01,0,0,,04/01/2023 - 08:59
Makanan berpati,Sagu/Tepung sagu,1997,343,137,0,0,0,0,0,0,13,0,,124,0.62,1.7,6,0.01,0,0,,04/01/2023 - 08:59
Makanan berpati,Sagu/Tepung sagu,1998,417,167,0,1,0,0,0,0,40,0,,126,0.62,1.7,4,0.01,0,0,,04/01/2023 - 08:59
Makanan berpati,Sagu/Tepung sagu,1999,258,103,0,1,0,0,0,0,7,0,,95,0.47,1.29,3,0,0,0,,04/01/2023 - 08:59
Makanan berpati,Sagu/Tepung sagu,2000,342,137,0,0,0,0,0,0,5,0,,132,0.64,1.75,4,0.01,0,0,,04/01/2023 - 08:59
Makanan berpati,Sagu/Tepung sagu,2001,347,139,0,0,0,0,0,0,1,0,,138,0.66,1.81,4,0.01,0,0,,04/01/2023 - 08:59
Makanan berpati,Sagu/Tepung sagu,2002,194,78,0,2,-2,0,0,0,14,1,,63,0.3,0.82,2,0,0,0,,04/01/2023 - 08:59
Makanan berpati,Sagu/Tepung sagu,2003,192.96,77.18,0.03,0.31,-1.79,0,0,0,14.01,0.57,,64.12,0.3,0.82,2,0,0,0,,04/01/2023 - 08:59
Makanan berpati,Sagu/Tepung sagu,2004,313,125,0,1,-3,0,0,0,23,1,,104,0.48,1.32,3,0,0,0,,04/01/2023 - 08:59
Makanan berpati,Sagu/Tepung sagu,2005,426,170,0,0,0,0,0,0,30,1,,139,0.63,1.73,4,0.01,0,0,,04/01/2023 - 08:59
Makanan berpati,Sagu/Tepung sagu,2006,297,119,0,0,0,0,0,0,4,1,,114,0.51,1.4,3,0,0,0,,04/01/2023 - 08:59
Makanan berpati,Sagu/Tepung sagu,2007,523,209,1,5,0,0,0,0,23,1,,181,0.8,2.19,5,0.01,0,0,,04/01/2023 - 08:59
Makanan berpati,Sagu/Tepung sagu,2008,438,175,0,8,0,0,0,0,36,1,,130,0.57,1.56,3,0,0,0,,04/01/2023 - 08:59
Makanan berpati,Sagu/Tepung sagu,2009,322,129,3,6,0,0,0,0,19,1,,108,0.46,1.26,3,0,0,0,,04/01/2023 - 08:59
Makanan berpati,Sagu/Tepung sagu,2010,225,90,0,5,0,0,0,0,17,1,,67,0.28,0.77,2,0,0,0,,04/01/2023 - 08:59
Makanan berpati,Sagu/Tepung sagu,2011,430,86,7,6,0,0,0,0,8,1,,78,0.32,0.88,3,0.01,0,0,,04/01/2023 - 08:59
Makanan berpati,Sagu/Tepung sagu,2012,438,88,0,5,0,0,0,0,9,1,,73,0.3,0.82,3,0,0,1,,04/01/2023 - 08:59
Makanan berpati,Sagu/Tepung sagu,2013,224,89,0,6,0,0,0,0,19,1,,64,0.26,0.71,2,0,0,2,,04/01/2023 - 08:59
Makanan berpati,Ubi Kayu/Tapioka,1993,1724,483,0,442,0,0,0,0,41,0,,0,0,0,0,0,0,0,,04/01/2023 - 08:59
Makanan berpati,Ubi Kayu/Tapioka,1994,675,189,132,251,0,0,0,0,70,0,,0,0,0,0,0,0,0,,04/01/2023 - 08:59
Makanan berpati,Ubi Kayu/Tapioka,1995,657,184,3,98,0,0,0,0,89,0,,0,0,0,0,0,0,0,,04/01/2023 - 08:59
Makanan berpati,Ubi Kayu/Tapioka,1996,703,197,2,121,0,0,0,0,78,0,,0,0,0,0,0,0,0,,04/01/2023 - 08:59
Makanan berpati,Ubi Kayu/Tapioka,1997,100,28,105,61,0,0,0,0,72,0,,0,0,0,0,0,0,0,,04/01/2023 - 08:59
Makanan berpati,Ubi Kayu/Tapioka,1998,421,118,82,122,0,0,0,0,78,0,,0,0,0,0,0,0,0,,04/01/2023 - 08:59
Makanan berpati,Ubi Kayu/Tapioka,1999,703,197,8,107,0,0,0,0,98,0,,0,0,0,0,0,0,0,,04/01/2023 - 08:59
Makanan berpati,Ubi Kayu/Tapioka,2000,1014,284,206,10,0,0,0,0,481,0,,0,0,0,0,0,0,0,,04/01/2023 - 08:59
Makanan berpati,Ubi Kayu/Tapioka,2001,1331,373,66,33,0,0,0,0,406,0,,0,0,0,0,0,0,0,,04/01/2023 - 08:59
Makanan berpati,Ubi Kayu/Tapioka,2002,6977,1954,26,21,-45,0,0,0,357,14,,1633,7.74,21.2,77,0.11,0.06,0,,04/01/2023 - 08:59
Makanan berpati,Ubi Kayu/Tapioka,2003,2169.93,607.82,188.09,5.76,-18.1,0,0,0,143.87,5.74,,658.65,3.08,8.44,31,0.04,0.03,0,,04/01/2023 - 08:59
Makanan berpati,Ubi Kayu/Tapioka,2004,5047,1414,56,187,-29,0,0,0,234,9,,1070,4.94,13.54,49,0.07,0.04,0,,04/01/2023 - 08:59
Makanan berpati,Ubi Kayu/Tapioka,2005,4727,1324,103,72,0,0,0,0,241,10,,1104,5.02,13.76,50,0.07,0.04,0,,04/01/2023 - 08:59
Makanan berpati,Ubi Kayu/Tapioka,2006,1330,372,309,4,0,0,0,0,121,5,,553,2.48,6.8,25,0.03,0.02,0,,04/01/2023 - 08:59
Makanan berpati,Ubi Kayu/Tapioka,2007,10000,3902,308,24,0,0,0,0,745,30,,3411,15.12,41.41,150,0.21,0.12,0,,04/01/2023 - 08:59
Makanan berpati,Ubi Kayu/Tapioka,2008,10000,3756,158,40,0,0,0,0,690,28,,3158,13.82,37.86,137,0.19,0.11,0,,04/01/2023 - 08:59
Makanan berpati,Ubi Kayu/Tapioka,2009,10000,3682,167,15,0,0,0,0,682,27,,3124,13.33,36.51,132,0.18,0.11,0,,04/01/2023 - 08:59
Makanan berpati,Ubi Kayu/Tapioka,2010,10000,3016,295,28,0,0,0,0,584.4,23,,2675.4,11.22,30.73,111,0.15,0.09,0,,04/01/2023 - 08:59
Makanan berpati,Ubi Kayu/Tapioka,2011,6432,1802,435.46,96.81,0,0,0,0,381,15,,1744,7.21,19.75,71,0.1,0.06,0,,04/01/2023 - 08:59
Makanan berpati,Ubi Kayu/Tapioka,2012,10000,3091,758,12,0,0,0,0,683,27,,3127,12.74,34.91,126,0.17,0.1,1,,04/01/2023 - 08:59
Makanan berpati,Ubi Kayu/Tapioka,2013,10000,3663,213,39,0,0,0,0,683,27,,3127,12.57,34.43,125,0.17,0.1,2,,04/01/2023 - 08:59
Makanan berpati,Ubi Jalar,1993,0,2088,0,8,0,42,0,0,0,208,,1830,9.76,26.73,28,0.41,0.16,0,,04/01/2023 - 08:59
Makanan berpati,Ubi Jalar,1994,0,1845,0,4,0,37,0,0,0,184,,1620,8.5,23.29,25,0.36,0.14,0,,04/01/2023 - 08:59
Makanan berpati,Ubi Jalar,1995,0,2171,0,5,0,43,0,0,0,217,,1906,9.85,26.99,29,0.42,0.16,0,,04/01/2023 - 08:59
Makanan berpati,Ubi Jalar,1996,0,2018,0,3,0,40,0,0,0,202,,1773,9.01,24.68,26,0.38,0.15,0,,04/01/2023 - 08:59
Makanan berpati,Ubi Jalar,1997,0,1847,0,10,0,0,0,0,0,184,,1616,8.09,22.16,23,0.34,0.13,0,,04/01/2023 - 08:59
Makanan berpati,Ubi Jalar,1998,0,1935,0,6,0,39,0,0,0,193,,1697,8.36,22.92,29,0.27,0.08,0,,04/01/2023 - 08:59
Makanan berpati,Ubi Jalar,1999,0,1666,0,7,0,33,0,0,0,166,,1460,7.2,19.72,25,0.23,0.07,0,,04/01/2023 - 08:59
Makanan berpati,Ubi Jalar,2000,0,1828,0,0,0,37,0,0,0,183,,1609,7.81,21.41,27,0.25,0.08,0,,04/01/2023 - 08:59
Makanan berpati,Ubi Jalar,2001,0,1749,0,8,0,35,0,0,0,174,,1532,7.35,20.14,25,0.24,0.07,0,,04/01/2023 - 08:59
Makanan berpati,Ubi Jalar,2002,0,1772,0,13,25,35,0,0,11,173,,1514,7.17,19.65,25,0.23,0.07,0,,04/01/2023 - 08:59
Makanan berpati,Ubi Jalar,2003,0,1991.48,0,10.64,27.93,39.06,0,0,12.89,195.29,,1705.67,7.98,21.87,27,0.26,0.08,0,,04/01/2023 - 08:59
Makanan berpati,Ubi Jalar,2004,0,1902,0,12,27,37,0,0,12,186,,1627,7.52,20.61,26,0.24,0.07,0,,04/01/2023 - 08:59
Makanan berpati,Ubi Jalar,2005,0,1857,0,11,0,37,0,0,12,185,,1612,7.33,20.09,25,0.24,0.07,0,,04/01/2023 - 08:59
Makanan berpati,Ubi Jalar,2006,0,1854,1,11,0,37,0,0,5,184,,1618,7.26,19.9,25,0.23,0.07,0,,04/01/2023 - 08:59
Makanan berpati,Ubi Jalar,2007,0,1887,0,8,0,38,0,0,5,188,,1648,7.31,20.02,25,0.23,0.07,0,,04/01/2023 - 08:59
Makanan berpati,Ubi Jalar,2008,0,1882,0,8,0,37,0,0,0,187,,1649,7.21,19.76,25,0.23,0.07,0,,04/01/2023 - 08:59
Makanan berpati,Ubi Jalar,2009,0,2058,0,7,0,41,0,0,0,205,,1805,7.7,21.09,26,0.25,0.08,0,,04/01/2023 - 08:59
Makanan berpati,Ubi Jalar,2010,0,2051,0,7,0,41,0,0,0,204,,1799,7.54,20.66,26,0.24,0.07,0,,04/01/2023 - 08:59
Makanan berpati,Ubi Jalar,2011,0,2196,0,7,0,44,0,0,0,219,,1926,7.96,21.81,23,0.22,0.62,0,,04/01/2023 - 08:59
Makanan berpati,Ubi Jalar,2012,0,2483,0,10,0,49,0,0,0,247,,2177,8.87,24.3,26,0.25,0.7,1,,04/01/2023 - 08:59
Makanan berpati,Ubi Jalar,2013,0,2366,0,8,0,47,0,0,0,236,,2075,8.34,22.85,25,0.23,0.65,2,,04/01/2023 - 08:59
Makanan berpati,Ubi Kayu,1993,0,10000,0,0,0,346,0,3959,0,2247,,10000,57.21,156.75,172,1.41,0.35,0,,04/01/2023 - 08:59
Makanan berpati,Ubi Kayu,1994,0,10000,0,0,0,315,0,3486,0,2045,,9883,51.83,142,155,1.28,0.32,0,,04/01/2023 - 08:59
Makanan berpati,Ubi Kayu,1995,0,10000,0,0,0,309,0,2784,0,2007,,10000,53.45,146.43,160,1.32,0.33,0,,04/01/2023 - 08:59
Makanan berpati,Ubi Kayu,1996,0,10000,0,0,0,340,0,2293,0,2210,,10000,61.78,169.26,185,1.52,0.38,0,,04/01/2023 - 08:59
Makanan berpati,Ubi Kayu,1997,0,10000,0,0,0,303,0,831,0,1967,,10000,60.21,164.97,181,1.48,0.37,0,,04/01/2023 - 08:59
Makanan berpati,Ubi Kayu,1998,0,10000,0,0,0,294,0,1038,0,1910,,10000,56.46,154.68,202,1.31,0.39,0,,04/01/2023 - 08:59
Makanan berpati,Ubi Kayu,1999,0,10000,0,0,0,329,0,1471,0,2140,,10000,61.72,169.11,221,1.44,0.43,0,,04/01/2023 - 08:59
Makanan berpati,Ubi Kayu,2000,0,10000,0,0,0,322,0,1521,0,2092,,10000,59.05,161.78,212,1.38,0.41,0,,04/01/2023 - 08:59
Makanan berpati,Ubi Kayu,2001,0,10000,0,0,0,341,0,2006,0,2217,,10000,59.92,164.17,215,1.4,0.42,0,,04/01/2023 - 08:59
Makanan berpati,Ubi Kayu,2002,0,10000,0,0,-129,341,0,7578,1293,363,,7466,35.37,96.91,127,0.82,0.25,0,,04/01/2023 - 08:59
Makanan berpati,Ubi Kayu,2003,0,10000,0,0,-140.78,373.29,0,2267.32,1416.64,397.56,,10000,66.49,182.16,238,1.55,0.46,0,,04/01/2023 - 08:59
Makanan berpati,Ubi Kayu,2004,0,10000,0,0,-148,391,0,6360,1486,417,,10000,50.46,138.24,181,1.18,0.35,0,,04/01/2023 - 08:59
Makanan berpati,Ubi Kayu,2005,0,10000,0,0,0,386,0,6046,1466,412,,10000,50.08,137.21,180,1.17,0.35,0,,04/01/2023 - 08:59
Makanan berpati,Ubi Kayu,2006,0,10000,0,0,0,400,0,3094,1517,426,,10000,65.32,178.97,234,1.52,0.46,0,,04/01/2023 - 08:59
Makanan berpati,Ubi Kayu,2007,0,10000,0,0,0,400,0,10000,0,426,,4007,17.76,48.65,64,0.41,0.12,0,,04/01/2023 - 08:59
Makanan berpati,Ubi Kayu,2008,0,10000,0,0,0,435,0,10000,0,463,,5572,24.38,66.8,87,0.06,0.17,0,,04/01/2023 - 08:59
Makanan berpati,Ubi Kayu,2009,0,10000,0,0,0,441,0,10000,0,469,,6576,28.05,76.86,101,0.65,0.2,0,,04/01/2023 - 08:59
Makanan berpati,Ubi Kayu,2010,0,10000,0,0,0,478.3,0,10000,0,509.46,,10000,44.86,122.89,161,1.04,0.31,0,,04/01/2023 - 08:59
Makanan berpati,Ubi Kayu,2011,0,10000,0,0,0,481,0,6747,0,512,,10000,67.37,184.58,181,1.18,0.36,0,,04/01/2023 - 08:59
Makanan berpati,Ubi Kayu,2012,0,10000,0,0,0,484,0,10000,0,515,,10000,45.96,125.93,124,0.8,0.25,1,,04/01/2023 - 08:59
Makanan berpati,Ubi Kayu,2013,0,10000,0,0,0,510,0,10000,0,543,,10000,42.21,115.64,114,0.74,0.23,2,,04/01/2023 - 08:59
Makanan berpati,Ubi Kayu/Gaplek,1993,2235,804,0,527,0,0,0,0,277,0,,0,0,0,0,0,0,0,,04/01/2023 - 08:59
Makanan berpati,Ubi Kayu/Gaplek,1994,2811,1011,0,387,0,0,0,0,624,0,,0,0,0,0,0,0,0,,04/01/2023 - 08:59
Makanan berpati,Ubi Kayu/Gaplek,1995,2127,765,0,428,0,0,0,0,337,0,,0,0,0,0,0,0,0,,04/01/2023 - 08:59
Makanan berpati,Ubi Kayu/Gaplek,1996,1590,572,0,295,0,0,0,0,277,0,,0,0,0,0,0,0,0,,04/01/2023 - 08:59
Makanan berpati,Ubi Kayu/Gaplek,1997,731,263,0,188,0,0,0,0,75,0,,0,0,0,0,0,0,0,,04/01/2023 - 08:59
Makanan berpati,Ubi Kayu/Gaplek,1998,617,222,0,197,0,0,0,0,25,0,,0,0,0,0,0,0,0,,04/01/2023 - 08:59
Makanan berpati,Ubi Kayu/Gaplek,1999,767,276,0,276,0,0,0,0,0,0,,0,0,0,0,0,0,0,,04/01/2023 - 08:59
Makanan berpati,Ubi Kayu/Gaplek,2000,506,182,0,151,0,0,0,0,31,0,,0,0,0,0,0,0,0,,04/01/2023 - 08:59
Makanan berpati,Ubi Kayu/Gaplek,2001,676,243,0,177,0,0,0,0,66,0,,0,0,0,0,0,0,0,,04/01/2023 - 08:59
Makanan berpati,Ubi Kayu/Gaplek,2002,601,216,0,70,-3,0,0,0,27,1,,122,0.58,1.58,5,0.02,0.01,0,,04/01/2023 - 08:59
Makanan berpati,Ubi Kayu/Gaplek,2003,97.39,35.03,2.14,19,-0.42,0,0,0,3.31,0.13,,15.15,0.07,0.19,1,0,0,0,,04/01/2023 - 08:59
Makanan berpati,Ubi Kayu/Gaplek,2004,1313,472,2,234,-6,0,0,0,44,2,,200,0.92,2.53,9,0.04,0.02,0,,04/01/2023 - 08:59
Makanan berpati,Ubi Kayu/Gaplek,2005,1319,474,0,230,0,0,0,0,44,2,,199,0.91,2.49,8,0.04,0.02,0,,04/01/2023 - 08:59
Makanan berpati,Ubi Kayu/Gaplek,2006,1764,635,0,132,0,0,0,0,89,4,,410,1.84,5.04,17,0.08,0.04,0,,04/01/2023 - 08:59
Makanan berpati,Ubi Kayu/Gaplek,2007,1226,441,0,222,0,0,0,0,39,2,,178,0.79,2.17,7,0.03,0.02,0,,04/01/2023 - 08:59
Makanan berpati,Ubi Kayu/Gaplek,2008,1878,675,0,137,0,0,0,0,96,4,,438,1.92,5.26,18,0.08,0.04,0,,04/01/2023 - 08:59
Makanan berpati,Ubi Kayu/Gaplek,2009,1410,507,2,178,0,0,0,0,59,2,,270,1.15,3.15,11,0.05,0.02,0,,04/01/2023 - 08:59
Makanan berpati,Ubi Kayu/Gaplek,2010,1464,527,0,154,0,0,0,0,66,3,,304,1.27,3.49,12,0.05,0.02,0,,04/01/2023 - 08:59
Makanan berpati,Ubi Kayu/Gaplek,2011,316,114,0,111.65,0,0,0,0,0,0,,2,0.01,0.02,0,0,0,0,,04/01/2023 - 08:59
Makanan berpati,Ubi Kayu/Gaplek,2012,863,310,14,43,0,0,0,0,50,2,,230,0.94,2.56,9,0.04,0.02,1,,04/01/2023 - 08:59
Makanan berpati,Ubi Kayu/Gaplek,2013,863,310,14,43,0,0,0,0,50,2,,230,0.92,2.53,9,0.04,0.02,2,,04/01/2023 - 08:59
Gula,Gula Mangkok,1993,0,269,0,2,0,0,0,0,1,0,,266,1.42,3.89,14,0.04,0.14,0,,04/01/2023 - 08:59
Gula,Gula Mangkok,1994,0,273,0,0,0,0,0,0,0,0,,271,1.42,3.89,14,0.04,0.14,0,,04/01/2023 - 08:59
Gula,Gula Mangkok,1995,0,275,0,0,0,0,0,0,0,0,,275,1.42,3.89,14,0.04,0.14,0,,04/01/2023 - 08:59
Gula,Gula Mangkok,1996,0,278,0,0,0,0,0,0,1,0,,277,1.41,3.86,14,0.04,0.14,0,,04/01/2023 - 08:59
Gula,Gula Mangkok,1997,0,234,0,0,0,0,0,0,0,0,,234,1.17,3.21,12,0.04,0.11,0,,04/01/2023 - 08:59
Gula,Gula Mangkok,1998,0,231,0,0,0,0,0,0,0,0,,231,1.14,3.12,12,0.03,0.11,0,,04/01/2023 - 08:59
Gula,Gula Mangkok,1999,0,195,0,0,0,0,0,0,0,0,,195,0.96,2.63,10,0.03,0.09,0,,04/01/2023 - 08:59
Gula,Gula Mangkok,2000,0,220,0,0,0,0,0,0,0,0,,220,1.07,2.93,11,0.03,0.1,0,,04/01/2023 - 08:59
Gula,Gula Mangkok,2001,0,261,0,0,0,0,0,0,0,0,,261,1.25,3.42,13,0.04,0.12,0,,04/01/2023 - 08:59
Gula,Gula Mangkok,2002,0,256,0,0,-15,0,0,0,0,0,,270,1.28,3.51,13,0.04,0.12,0,,04/01/2023 - 08:59
Gula,Gula Mangkok,2003,0,228.53,0,0,-13.2,0,0,0,0.22,0,,241.51,1.13,3.1,11,0.03,0.11,0,,04/01/2023 - 08:59
Gula,Gula Mangkok,2004,0,229,0,0,-13,0,0,0,0,0,,242,1.12,3.07,11,0.03,0.11,0,,04/01/2023 - 08:59
Gula,Gula Mangkok,2005,0,242,0,0,0,0,0,0,0,0,,242,1.1,3.01,11,0.03,0.11,0,,04/01/2023 - 08:59
Gula,Gula Mangkok,2006,0,207,0,0,0,0,0,0,0,0,,207,0.93,2.55,9,0.03,0.09,0,,04/01/2023 - 08:59
Gula,Gula Mangkok,2007,0,271,0,0,0,0,0,0,0,0,,271,1.2,3.29,12,0.04,0.12,0,,04/01/2023 - 08:59
Gula,Gula Mangkok,2008,0,247,0,0,0,0,0,0,0,0,,247,1.08,2.96,11,0.03,0.1,0,,04/01/2023 - 08:59
Gula,Gula Mangkok,2009,0,201,0,0,0,0,0,0,0,0,,204,0.87,2.38,9,0.03,0.08,0,,04/01/2023 - 08:59
Gula,Gula Mangkok,2010,0,236,0,0,0,0,0,0,0,0,,235,0.99,2.7,10,0.03,0.09,0,,04/01/2023 - 08:59
Gula,Gula Mangkok,2011,0,217,0,0,0,0,0,0,5,0,,212,0.88,2.4,9,0.07,0.24,0,,04/01/2023 - 08:59
Gula,Gula Pasir,1993,0,2330,168,0,0,0,0,0,0,0,,2171,11.57,31.71,115,0,0,0,,04/01/2023 - 08:59
Gula,Gula Pasir,1994,0,1111,0,3,0,0,0,0,9,0,,1099,14.29,39.15,142,0,0,0,,04/01/2023 - 08:59
Gula,Gula Pasir,1995,0,2077,222,0,-550,0,0,0,1,0,,2848,14.72,40.33,147,0,0,0,,04/01/2023 - 08:59
Gula,Gula Pasir,1996,0,2094,1036,0,3,0,0,0,1,0,,3126,15.88,43.52,158,0,0,0,,04/01/2023 - 08:59
Gula,Gula Pasir,1997,0,2192,1126,6,188,0,0,0,10,0,,3114,15.58,42.69,155,0,0,0,,04/01/2023 - 08:59
Gula,Gula Pasir,1998,0,1488,973,6,252,0,0,0,38,0,,2165,10.67,29.24,106,0,0,0,,04/01/2023 - 08:59
Gula,Gula Pasir,1999,0,1542,1998,17,1024,0,0,0,16,0,,2483,12.24,33.54,122,0,0,0,,04/01/2023 - 08:59
Gula,Gula Pasir,2000,0,1690,1399,6,783,0,0,0,1,0,,2300,11.17,30.62,111,0,0,0,,04/01/2023 - 08:59
Gula,Gula Pasir,2001,0,1725,1130,5,-258,0,0,0,2,0,,3106,14.9,40.83,149,0,0,0,,04/01/2023 - 08:59
Gula,Gula Pasir,2002,0,1749,795,38,44,0,0,0,2,24,,2435,11.54,31.61,115,0,0,0,,04/01/2023 - 08:59
Gula,Gula Pasir,2003,0,1631.92,681.3,30.36,44,0,0,0,2.01,21.94,,2214.91,10.36,28.39,103,0,0,0,,04/01/2023 - 08:59
Gula,Gula Pasir,2004,0,2052,559,1,-13,0,0,0,2,26,,2594,11.99,32.85,120,0,0,0,,04/01/2023 - 08:59
Gula,Gula Pasir,2005,0,2242,1256,1,62,0,0,0,3,34,,3398,15.46,42.35,154,0,0,0,,04/01/2023 - 08:59
Gula,Gula Pasir,2006,0,2308,918,1,118,0,0,0,144,30,,2932,13.16,36.06,131,0,0,0,,04/01/2023 - 08:59
Gula,Gula Pasir,2007,0,2448,2943,0,0,0,0,0,8,53,,5329,23.62,64.7,236,0,0,0,,04/01/2023 - 08:59
Gula,Gula Pasir,2008,0,2668.43,1015.02,2,442.34,0,0,0,13,32,,3195,13.98,38.3,139,0,0,0,,04/01/2023 - 08:59
Gula,Gula Pasir,2009,0,2404,1376,1,-597,0,0,0,10,43,,4322,18.44,50.51,184,0,0,0,,04/01/2023 - 08:59
Gula,Gula Pasir,2010,0,2352,1755,1,633,0,0,0,11,34,,3429,14.38,39.39,143,0,0,0,,04/01/2023 - 08:59
Gula,Gula Pasir,2011,0,2268,0,0,-273,0,0,0,31,25,,2485,10.27,28.14,102,0,0,0,,04/01/2023 - 08:59
Buah Biji Berminyak,Kacang Hijau,1993,0,322,0,0,0,6,10,0,0,16,,290,1.54,4.23,15,0.94,0.05,0,,04/01/2023 - 08:59
Buah Biji Berminyak,Kacang Hijau,1994,0,284,0,0,0,6,8,0,0,14,,256,1.34,3.67,13,0.81,0.04,0,,04/01/2023 - 08:59
Buah Biji Berminyak,Kacang Hijau,1995,0,325,0,0,0,7,9,0,0,16,,293,1.52,4.15,14,0.92,0.05,0,,04/01/2023 - 08:59
Buah Biji Berminyak,Kacang Hijau,1996,0,301,0,0,0,6,9,0,0,15,,271,1.38,3.77,13,0.84,0.05,0,,04/01/2023 - 08:59
Buah Biji Berminyak,Kacang Hijau,1997,0,262,0,0,0,5,8,0,0,13,,236,1.18,3.23,11,0.72,0.04,0,,04/01/2023 - 08:59
Buah Biji Berminyak,Kacang Hijau,1998,0,306,0,0,0,6,8,0,0,15,,277,1.36,3.74,13,0.76,0.07,0,,04/01/2023 - 08:59
Buah Biji Berminyak,Kacang Hijau,1999,0,265,0,0,0,5,8,0,0,13,,238,1.18,3.22,11,0.65,0.06,0,,04/01/2023 - 08:59
Buah Biji Berminyak,Kacang Hijau,2000,0,290,0,0,0,6,8,0,0,15,,262,1.27,3.48,12,0.71,0.06,0,,04/01/2023 - 08:59
Buah Biji Berminyak,Kacang Hijau,2001,0,301,0,0,0,6,12,0,0,15,,268,1.28,3.52,12,0.71,0.06,0,,04/01/2023 - 08:59
Buah Biji Berminyak,Kacang Hijau,2002,0,288,0,0,-11,6,10,0,0,15,,269,1.27,3.49,12,0.71,0.06,0,,04/01/2023 - 08:59
Buah Biji Berminyak,Kacang Hijau,2003,0,335,0,0,-13.04,6.97,10.52,0,0,17.41,,313.36,1.47,4.02,14,0.82,0.07,0,,04/01/2023 - 08:59
Buah Biji Berminyak,Kacang Hijau,2004,0,310,0,0,-12,6,10,0,0,16,,290,1.34,3.67,12,0.75,0.07,0,,04/01/2023 - 08:59
Buah Biji Berminyak,Kacang Hijau,2005,0,321,0,0,0,6,9,0,0,16,,289,1.31,3.6,12,0.73,0.06,0,,04/01/2023 - 08:59
Buah Biji Berminyak,Kacang Hijau,2006,0,316,0,0,0,6,10,0,0,16,,284,1.28,3.5,12,0.71,0.06,0,,04/01/2023 - 08:59
Buah Biji Berminyak,Kacang Hijau,2007,0,322,0,0,0,6,9,0,1,16,,290,1.28,3.52,12,0.71,0.06,0,,04/01/2023 - 08:59
Buah Biji Berminyak,Kacang Hijau,2008,0,298,0,0,0,6,8,0,0,15,,269,1.18,3.22,11,0.65,0.06,0,,04/01/2023 - 08:59
Buah Biji Berminyak,Kacang Hijau,2009,0,314,0,0,0,6,9,0,0,16,,284,1.21,3.32,11,0.67,0.06,0,,04/01/2023 - 08:59
Buah Biji Berminyak,Kacang Hijau,2010,0,292,0,0,0,6,8,0,0,15,,263,1.1,3.02,10,0.61,0.05,0,,04/01/2023 - 08:59
Buah Biji Berminyak,Kacang Hijau,2011,0,341,0,0,0,7,9,0,0,17,,308,1.27,3.49,12,0.71,0.06,0,,04/01/2023 - 08:59
Buah Biji Berminyak,Kacang Hijau,2012,0,284,0,0,0,6,7,0,0,14,,257,1.05,2.87,10,0.58,0.05,1,,04/01/2023 - 08:59
Buah Biji Berminyak,Kacang Hijau,2013,0,210,0,0,0,4,5,0,0,10,,190,0.77,2.1,7,0.42,0.04,2,,04/01/2023 - 08:59
Buah Biji Berminyak,Kacang tanah lepas kulit,1993,1065,639,108,0,0,0,34,4,8,37,,664,3.54,9.7,44,2.45,4.15,0,,04/01/2023 - 08:59
Buah Biji Berminyak,Kacang tanah lepas kulit,1994,1053,632,151,0,0,0,37,0,41,39,,666,3.49,9.56,43,2.42,4.09,0,,04/01/2023 - 08:59
Buah Biji Berminyak,Kacang tanah lepas kulit,1995,1267,760,149,0,0,0,38,3,53,45,,770,3.98,10.9,49,2.76,4.67,0,,04/01/2023 - 08:59
Buah Biji Berminyak,Kacang tanah lepas kulit,1996,1230,738,162,0,0,0,31,35,26,45,,763,3.88,10.62,48,2.69,4.55,0,,04/01/2023 - 08:59
Buah Biji Berminyak,Kacang tanah lepas kulit,1997,1147,688,171,0,0,0,29,46,9,43,,732,3.66,10.04,45,2.54,4.3,0,,04/01/2023 - 08:59
Buah Biji Berminyak,Kacang tanah lepas kulit,1998,1153,692,41,2,0,0,26,10,7,37,,651,3.21,8.8,40,2.23,3.77,0,,04/01/2023 - 08:59
Buah Biji Berminyak,Kacang tanah lepas kulit,1999,1100,660,103,0,0,0,26,22,0,38,,677,3.34,9.14,41,2.31,3.91,0,,04/01/2023 - 08:59
Buah Biji Berminyak,Kacang tanah lepas kulit,2000,1228,737,111,0,0,0,28,27,0,42,,751,3.65,9.99,45,2.53,4.28,0,,04/01/2023 - 08:59
Buah Biji Berminyak,Kacang tanah lepas kulit,2001,1183,710,98,0,0,0,44,39,0,40,,685,3.28,9,41,2.28,3.85,0,,04/01/2023 - 08:59
Buah Biji Berminyak,Kacang tanah lepas kulit,2002,1197,718,120,0,6,0,39,71,35,42,,646,3.06,8.38,38,2.12,3.59,0,,04/01/2023 - 08:59
Buah Biji Berminyak,Kacang tanah lepas kulit,2003,1309,786,102,1,6,0,40.55,74.93,36.89,44.03,,684.1,3.2,8.77,40,2.22,3.75,0,,04/01/2023 - 08:59
Buah Biji Berminyak,Kacang tanah lepas kulit,2004,1396,838,71,0,6,0,30,77,38,45,,712,3.29,9.02,41,2.28,3.86,0,,04/01/2023 - 08:59
Buah Biji Berminyak,Kacang tanah lepas kulit,2005,1394,836,82,1,0,0,30,78,38,46,,725,3.3,9.04,41,2.29,3.87,0,,04/01/2023 - 08:59
Buah Biji Berminyak,Kacang tanah lepas kulit,2006,1397,838,64,0,0,0,27,77,0,45,,752,3.38,9.25,42,2.34,3.96,0,,04/01/2023 - 08:59
Buah Biji Berminyak,Kacang tanah lepas kulit,2007,1315,789,104,1,0,0,27,76,0,45,,744,3.3,9.03,41,2.29,3.87,0,,04/01/2023 - 08:59
Buah Biji Berminyak,Kacang tanah lepas kulit,2008,1283,770,140,1,0,0,26,77,0,45,,761,3.33,9.12,41,2.31,3.9,0,,04/01/2023 - 08:59
Buah Biji Berminyak,Kacang tanah lepas kulit,2009,1296,778,132,0,0,0,25,77,0,45,,761,3.25,8.9,40,2.25,3.81,0,,04/01/2023 - 08:59
Buah Biji Berminyak,Kacang tanah lepas kulit,2010,1299,779,135,0,0,0,24,78,0,46,,766,3.21,8.8,40,2.23,3.76,0,,04/01/2023 - 08:59
Buah Biji Berminyak,Kacang tanah lepas kulit,2011,1152,691,121,1,0,0,23,69,0,41,,679,2.81,7.69,35,1.94,3.29,0,,04/01/2023 - 08:59
Buah Biji Berminyak,Kacang tanah lepas kulit,2012,1188,713,100,0,0,0,23,69,0,41,,680,2.77,7.59,34,1.92,3.25,1,,04/01/2023 - 08:59
Buah Biji Berminyak,Kacang tanah lepas kulit,2013,1512,907,121,1,0,0,15,88,0,51,,875,3.52,9.63,44,2.44,4.12,2,,04/01/2023 - 08:59
Buah Biji Berminyak,Kedelai,1993,0,1709,724,1,-4,0,67,0,41,122,,2206,11.76,32.22,107,11.25,5.83,0,,04/01/2023 - 08:59
Buah Biji Berminyak,Kedelai,1994,0,1565,800,0,10,0,67,0,39,118,,2131,11.18,30.63,101,10.69,5.54,0,,04/01/2023 - 08:59
Buah Biji Berminyak,Kedelai,1995,0,1680,607,0,-42,0,59,0,16,116,,2138,11.05,30.27,100,10.56,5.48,0,,04/01/2023 - 08:59
Buah Biji Berminyak,Kedelai,1996,0,1517,746,0,-88,0,51,0,0,118,,2182,11.09,30.38,101,10.6,5.5,0,,04/01/2023 - 08:59
Buah Biji Berminyak,Kedelai,1997,0,1357,616,0,33,0,48,0,0,97,,1795,8.98,24.61,81,8.59,4.45,0,,04/01/2023 - 08:59
Buah Biji Berminyak,Kedelai,1998,0,1306,343,0,141,0,56,0,94,75,,1283,6.32,17.32,66,7,2.89,0,,04/01/2023 - 08:59
Buah Biji Berminyak,Kedelai,1999,0,1383,1302,0,0,0,57,0,0,134,,2494,12.29,33.68,128,13.61,5.63,0,,04/01/2023 - 08:59
Buah Biji Berminyak,Kedelai,2000,0,1018,1278,1,0,0,39,0,0,115,,2141,10.4,28.5,109,11.51,4.76,0,,04/01/2023 - 08:59
Buah Biji Berminyak,Kedelai,2001,0,827,1136,1,0,0,27,0,636,98,,1201,5.76,15.79,60,6.38,2.64,0,,04/01/2023 - 08:59
Buah Biji Berminyak,Kedelai,2002,0,673,1365,0,9,7,21,0,67,101,,1833,8.68,23.79,91,9.61,3.97,0,,04/01/2023 - 08:59
Buah Biji Berminyak,Kedelai,2003,0,671.6,1192.72,0.17,8.2,6.31,20.65,0,61.06,92.8,,1675.13,7.84,21.47,82,8.68,3.59,0,,04/01/2023 - 08:59
Buah Biji Berminyak,Kedelai,2004,0,723,1116,1,8,6,31,0,60,91,,1641,7.58,20.77,79,8.39,3.47,0,,04/01/2023 - 08:59
Buah Biji Berminyak,Kedelai,2005,0,808,1086,1,0,6,26,0,62,95,,1704,7.75,21.24,81,8.58,3.55,0,,04/01/2023 - 08:59
Buah Biji Berminyak,Kedelai,2006,0,748,1132,2,0,6,24,0,169,94,,1585,7.11,19.49,74,7.87,3.26,0,,04/01/2023 - 08:59
Buah Biji Berminyak,Kedelai,2007,0,593,1419,2,0,7,21,0,283,101,,1599,7.09,19.41,74,7.84,3.24,0,,04/01/2023 - 08:59
Buah Biji Berminyak,Kedelai,2008,0,776,1180,1,0,7,28,0,95,98,,1729,7.56,20.72,79,8.37,3.46,0,,04/01/2023 - 08:59
Buah Biji Berminyak,Kedelai,2009,0,975,1321,1,0,8,29,0,124,115,,2019,8.62,23.6,90,9.54,3.94,0,,04/01/2023 - 08:59
Buah Biji Berminyak,Kedelai,2010,0,907,1745,0,0,9,39,0,113,133,,2358,9.89,27.08,103,10.94,4.52,0,,04/01/2023 - 08:59
Buah Biji Berminyak,Kedelai,2011,0,851,2093,1,0,10,36,0,111,147,,2640,10.91,29.89,114,12.08,4.99,0,,04/01/2023 - 08:59
Buah Biji Berminyak,Kedelai,2012,0,843,1923,2,0,9,34,0,141,138,,2442,9.95,27.26,104,11.01,4.55,1,,04/01/2023 - 08:59
Buah Biji Berminyak,Kedelai,2013,0,808,1393,1,0,7,25,0,141,110,,1916,770,21.1,80,8.52,3.52,2,,04/01/2023 - 08:59
Buah Biji Berminyak,Kelapa Berkulit/daging,1993,10000,5811,0,20,0,0,0,2615,1,579,,2596,13.84,37.91,136,1.29,13.16,0,,04/01/2023 - 08:59
Buah Biji Berminyak,Kelapa Berkulit/daging,1994,10000,5887,0,6,0,0,0,2646,0,588,,2647,13.88,38.03,72,0.69,6.99,0,,04/01/2023 - 08:59
Buah Biji Berminyak,Kelapa Berkulit/daging,1995,10000,6009,0,24,0,0,0,2704,0,598,,2683,13.87,37.99,72,0.68,6.99,0,,04/01/2023 - 08:59
Buah Biji Berminyak,Kelapa Berkulit/daging,1996,10000,6135,0,72,0,0,0,2761,0,606,,2696,13.7,37.54,71,0.68,6.9,0,,04/01/2023 - 08:59
Buah Biji Berminyak,Kelapa Berkulit/daging,1997,10000,6009,0,79,0,0,0,2704,0,593,,2633,13.18,36.1,69,0.65,6.64,0,,04/01/2023 - 08:59
Buah Biji Berminyak,Kelapa Berkulit/daging,1998,10000,6241,0,68,0,0,0,2778,0,617,,2778,13.69,37.52,71,0.68,6.9,0,,04/01/2023 - 08:59
Buah Biji Berminyak,Kelapa Berkulit/daging,1999,10000,6734,0,78,0,0,0,2995,0,666,,2995,14.77,40.45,77,0.73,7.44,0,,04/01/2023 - 08:59
Buah Biji Berminyak,Kelapa Berkulit/daging,2000,10000,6871,0,99,0,0,0,3048,0,677,,3048,14.81,40.56,77,0.73,0.73,0,,04/01/2023 - 08:59
Buah Biji Berminyak,Kelapa Berkulit/daging,2001,10000,7107,0,106,0,0,0,3147,4,700,,3151,15.12,41.41,79,0.75,7.62,0,,04/01/2023 - 08:59
Buah Biji Berminyak,Kelapa Berkulit/daging,2002,10000,6886,1,149,-2,0,3,3580,42,246,,2867,13.58,37.22,71,0.67,6.84,0,,04/01/2023 - 08:59
Buah Biji Berminyak,Kelapa Berkulit/daging,2003,10000,7176,0,117,-2,0,3.53,3751.39,44.49,257.77,,3004.92,14.06,38.52,73,0.69,7.08,0,,04/01/2023 - 08:59
Buah Biji Berminyak,Kelapa Berkulit/daging,2004,10000,7342,1,99,-2,0,4,3849,46,264,,3083,14.25,39.04,74,0.7,7.18,0,,04/01/2023 - 08:59
Buah Biji Berminyak,Kelapa Berkulit/daging,2005,10000,6882,1,164,0,0,3,3569,42,245,,2859,13,35.62,68,0.64,6.55,0,,04/01/2023 - 08:59
Buah Biji Berminyak,Kelapa Berkulit/daging,2006,10000,6958,2,209,0,0,3,3586,0,246,,2915,13.09,35.85,68,0.65,6.59,0,,04/01/2023 - 08:59
Buah Biji Berminyak,Kelapa Berkulit/daging,2007,10000,6754,1,195,0,0,3,3484,0,239,,2832,12.55,34.39,65,0.62,6.32,0,,04/01/2023 - 08:59
Buah Biji Berminyak,Kelapa Berkulit/daging,2008,10000,7199,1,182,0,0,4,3728,9,256,,3022,13.22,36.23,69,0.65,6.66,0,,04/01/2023 - 08:59
Buah Biji Berminyak,Kelapa Berkulit/daging,2009,10000,7240,2,160,0,0,4,3762,0,258,,3057,13.04,35.74,68,0.64,6.57,0,,04/01/2023 - 08:59
Buah Biji Berminyak,Kelapa Berkulit/daging,2010,10000,10000,0.83,168.54,0,0,7,7038,16,484,,5704,23.92,65.52,125,1.18,12.05,0,,04/01/2023 - 08:59
Buah Biji Berminyak,Kelapa Berkulit/daging,2011,0,10000,0,226,0,0,0,7893,3,455,,4120,17.03,46.64,89,0.84,8.58,0,,04/01/2023 - 08:59
Buah Biji Berminyak,Kelapa Berkulit/daging,2012,0,10000,2,218,0,0,0,7924,3,457,,4136,16.85,46.17,88,0.83,8.49,1,,04/01/2023 - 08:59
Buah Biji Berminyak,Kelapa Berkulit/daging,2013,0,10000,1,222,0,0,1,7904,3,456,,4125,16.58,45.42,86,0.82,8.35,2,,04/01/2023 - 08:59
Buah Biji Berminyak,Kelapa daging/kopra,1993,2615,1177,0,9,0,0,0,1164,4,0,,0,0,0,0,0,0,0,,04/01/2023 - 08:59
Buah Biji Berminyak,Kelapa daging/kopra,1994,2632,10000,0,37,0,0,0,1121,26,0,,0,0,0,0,0,0,0,,04/01/2023 - 08:59
Buah Biji Berminyak,Kelapa daging/kopra,1995,2704,1217,2,0,0,0,0,1218,1,0,,0,0,0,0,0,0,0,,04/01/2023 - 08:59
Buah Biji Berminyak,Kelapa daging/kopra,1996,2761,1242,3,0,0,0,0,1244,1,0,,0,0,0,0,0,0,0,,04/01/2023 - 08:59
Buah Biji Berminyak,Kelapa daging/kopra,1997,2704,1217,0,23,0,0,0,1190,4,0,,0,0,0,0,0,0,0,,04/01/2023 - 08:59
Buah Biji Berminyak,Kelapa daging/kopra,1998,2778,1250,0,48,0,0,0,1191,11,0,,0,0,0,0,0,0,0,,04/01/2023 - 08:59
Buah Biji Berminyak,Kelapa daging/kopra,1999,2995,1348,0,43,0,0,0,1305,0,0,,0,0,0,0,0,0,0,,04/01/2023 - 08:59
Buah Biji Berminyak,Kelapa daging/kopra,2000,3048,1371,0,35,0,0,0,1337,0,0,,0,0,0,0,0,0,0,,04/01/2023 - 08:59
Buah Biji Berminyak,Kelapa daging/kopra,2001,3147,1416,0,24,0,0,0,3187,5,0,,0,0,0,0,0,0,0,,04/01/2023 - 08:59
Buah Biji Berminyak,Kelapa daging/kopra,2002,3580,1611,2,40,0,0,0,1540,16,17,,0,0,0,0,0,0,0,,04/01/2023 - 08:59
Buah Biji Berminyak,Kelapa daging/kopra,2003,3751,1688,0,25,0,0,0,1628,17,18,,0,0,0,0,0,0,0,,04/01/2023 - 08:59
Buah Biji Berminyak,Kelapa daging/kopra,2004,3849,1732,0,36,0,0,0,1661,17,18,,0,0,0,0,0,0,0,,04/01/2023 - 08:59
Buah Biji Berminyak,Kelapa daging/kopra,2005,3569,1606,0,57,0,0,0,1517,15,17,,0,0,0,0,0,0,0,,04/01/2023 - 08:59
Buah Biji Berminyak,Kelapa daging/kopra,2006,3586,1614,0,38,0,0,0,1500,59,17,,0,0,0,0,0,0,0,,04/01/2023 - 08:59
Buah Biji Berminyak,Kelapa daging/kopra,2007,3484,1568,0,47,0,0,0,1499,6,17,,0,0,0,0,0,0,0,,04/01/2023 - 08:59
Buah Biji Berminyak,Kelapa daging/kopra,2008,3728,1678,0,26,0,0,0,1575,59,18,,0,0,0,0,0,0,0,,04/01/2023 - 08:59
Buah Biji Berminyak,Kelapa daging/kopra,2009,3762,1693,0,40,0,0,0,1562,73,18,,0,0,0,0,0,0,0,,04/01/2023 - 08:59
Buah Biji Berminyak,Kelapa daging/kopra,2010,7038,3167,0,38,0,0,0,3067,27,34,,0,0,0,0,0,0,0,,04/01/2023 - 08:59
Buah Biji Berminyak,Kelapa daging/kopra,2011,7893,1973,0,35,0,0,0,1902,15,21,,0,0,0,0,0,0,0,,04/01/2023 - 08:59
Buah-buahan,,2012,7924,1981,0,48,0,0,0,1896,15,21,,0,0,0,0,0,0,1,,04/01/2023 - 08:59
Buah-buahan,,2013,7904,1976,0,23,0,0,0,1917,15,21,,0,0,0,0,0,0,2,,04/01/2023 - 08:59
Buah-buahan,Alpokat,1993,0,94,0,0,0,0,0,0,0,9,,85,0.45,1.24,1,0.01,0.05,0,,04/01/2023 - 08:59
Buah-buahan,Alpokat,1994,0,102,0,0,0,0,0,0,0,10,,92,0.48,1.32,1,0.01,0.05,0,,04/01/2023 - 08:59
Buah-buahan,Alpokat,1995,0,163,0,0,0,0,0,0,0,16,,147,0.76,2.08,1,0.01,0.08,0,,04/01/2023 - 08:59
Buah-buahan,Alpokat,1996,0,143,0,0,0,0,0,0,0,14,,129,0.66,1.8,1,0.01,0.07,0,,04/01/2023 - 08:59
Buah-buahan,Alpokat,1997,0,130,0,0,0,0,0,0,0,13,,117,0.59,1.6,1,0.01,0.06,0,,04/01/2023 - 08:59
Buah-buahan,Alpokat,1998,0,131,0,0,0,0,0,0,0,13,,118,0.58,1.59,1,0.01,0.06,0,,04/01/2023 - 08:59
Buah-buahan,Alpokat,1999,0,126,0,0,0,0,0,0,0,13,,113,0.56,1.53,1,0.01,0.06,0,,04/01/2023 - 08:59
Buah-buahan,Alpokat,2000,0,146,0,0,0,0,0,0,0,15,,131,0.64,1.75,1,0.01,0.07,0,,04/01/2023 - 08:59
Buah-buahan,Alpokat,2001,0,142,0,0,0,0,0,0,0,14,,128,0.61,1.68,1,0.01,0.07,0,,04/01/2023 - 08:59
Buah-buahan,Alpokat,2002,0,238,0,0,0,0,0,0,0,2,,234,1.11,3.04,2,0.02,0.12,0,,04/01/2023 - 08:59
Buah-buahan,Alpokat,2003,0,256,0,0,0,0,0,0,2,2,,252,1.18,3.23,2,0.02,0.13,0,,04/01/2023 - 08:59
Buah-buahan,Alpokat,2004,0,222,0,0,0,0,0,0,2,2,,218,1.01,2.76,1,0.02,0.11,0,,04/01/2023 - 08:59
Buah-buahan,Alpokat,2005,0,228,0,0,0,0,0,0,2,2,,224,1.02,2.79,1,0.02,0.11,0,,04/01/2023 - 08:59
Buah-buahan,Alpokat,2006,0,239,0,0,0,0,0,0,2,2,,236,1.06,2.9,2,0.02,0.11,0,,04/01/2023 - 08:59
Buah-buahan,Alpokat,2007,0,202,0,0,0,0,0,0,0,2,,200,0.89,2.43,1,0.01,0.1,0,,04/01/2023 - 08:59
Buah-buahan,Alpokat,2008,0,244,0,0,0,0,0,0,0,2,,242,1.06,2.9,2,0.02,0.12,0,,04/01/2023 - 08:59
Buah-buahan,Alpokat,2009,0,258,0,0,0,0,0,0,0,2,,255,1.1,2.99,2,0.02,0.12,0,,04/01/2023 - 08:59
Buah-buahan,Alpokat,2010,0,224,0,0,0,0,0,0,0,2,,222,0.93,2.55,1,0.01,0.1,0,,04/01/2023 - 08:59
Buah-buahan,Alpokat,2011,0,276,0,0,0,0,0,0,0,2,,274,1.13,3.1,2,0.02,0.12,0,,04/01/2023 - 08:59
Buah-buahan,Alpokat,2012,0,294,0,0,0,0,0,0,0,2,,292,1.19,3.26,2,0.02,0.13,1,,04/01/2023 - 08:59
Buah-buahan,Alpokat,2013,0,276,0,0,0,0,0,0,0,2,,274,1.1,3.02,2,0.02,0.12,2,,04/01/2023 - 08:59
Buah-buahan,Apel,1993,0,0,0,0,0,0,0,0,0,0,,0,0,0,0,0,0,,,04/01/2023 - 08:59
Buah-buahan,Apel,1994,0,0,0,0,0,0,0,0,0,0,,0,0,0,0,0,0,,,04/01/2023 - 08:59
Buah-buahan,Apel,1995,0,0,0,0,0,0,0,0,0,0,,0,0,0,0,0,0,,,04/01/2023 - 08:59
Buah-buahan,Apel,1996,0,0,0,0,0,0,0,0,0,0,,0,0,0,0,0,0,,,04/01/2023 - 08:59
Buah-buahan,Apel,1997,0,0,0,0,0,0,0,0,0,0,,0,0,0,0,0,0,,,04/01/2023 - 08:59
Buah-buahan,Apel,1998,0,0,0,0,0,0,0,0,0,0,,0,0,0,0,0,0,,,04/01/2023 - 08:59
Buah-buahan,Apel,1999,0,0,0,0,0,0,0,0,0,0,,0,0,0,0,0,0,,,04/01/2023 - 08:59
Buah-buahan,Apel,2000,0,0,0,0,0,0,0,0,0,0,,0,0,0,0,0,0,,,04/01/2023 - 08:59
Buah-buahan,Apel,2001,0,0,0,0,0,0,0,0,0,0,,0,0,0,0,0,0,,,04/01/2023 - 08:59
Buah-buahan,Apel,2002,0,0,0,0,0,0,0,0,0,0,,0,0,0,0,0,0,,,04/01/2023 - 08:59
Buah-buahan,Apel,2003,0,0,0,0,0,0,0,0,0,0,,0,0,0,0,0,0,,,04/01/2023 - 08:59
Buah-buahan,Apel,2004,0,0,0,0,0,0,0,0,0,0,,0,0,0,0,0,0,,,04/01/2023 - 08:59
Buah-buahan,Apel,2005,0,0,0,0,0,0,0,0,0,0,,0,0,0,0,0,0,,,04/01/2023 - 08:59
Buah-buahan,Apel,2006,0,0,0,0,0,0,0,0,0,0,,0,0,0,0,0,0,,,04/01/2023 - 08:59
Buah-buahan,Apel,2007,0,0,0,0,0,0,0,0,0,0,,0,0,0,0,0,0,,,04/01/2023 - 08:59
Buah-buahan,Apel,2008,0,21.97,27.44,0,0,0,0,0,0,0,,49,0.21,0.59,0,0,0.04,0,,04/01/2023 - 08:59
Buah-buahan,Apel,2009,0,9.52,36.94,0,0,0,0,0,0,0,,46,0.2,0.54,0,0,0.03,0,,04/01/2023 - 08:59
Buah-buahan,Apel,2010,0,12,43,0,0,0,0,0,0,0,,54,0.23,0.62,0,0,0.04,0,,04/01/2023 - 08:59
Buah-buahan,Apel,2011,0,12,58,0,0,0,0,0,0,1,,69,0.29,0.79,0,0,0,0,,04/01/2023 - 08:59
Buah-buahan,Apel,2012,0,10,61,0,0,0,0,0,0,1,,71,0.29,0.79,0,0,0,1,,04/01/2023 - 08:59
Buah-buahan,Jambu Air,1993,0,0,0,0,0,0,0,0,0,0,,0,0,0,0,0,0,,,04/01/2023 - 08:59
Buah-buahan,Jambu Air,1994,0,0,0,0,0,0,0,0,0,0,,0,0,0,0,0,0,,,04/01/2023 - 08:59
Buah-buahan,Jambu Air,1995,0,0,0,0,0,0,0,0,0,0,,0,0,0,0,0,0,,,04/01/2023 - 08:59
Buah-buahan,Jambu Air,1996,0,0,0,0,0,0,0,0,0,0,,0,0,0,0,0,0,,,04/01/2023 - 08:59
Buah-buahan,Jambu Air,1997,0,0,0,0,0,0,0,0,0,0,,0,0,0,0,0,0,,,04/01/2023 - 08:59
Buah-buahan,Jambu Air,1998,0,0,0,0,0,0,0,0,0,0,,0,0,0,0,0,0,,,04/01/2023 - 08:59
Buah-buahan,Jambu Air,1999,0,0,0,0,0,0,0,0,0,0,,0,0,0,0,0,0,,,04/01/2023 - 08:59
Buah-buahan,Jambu Air,2000,0,0,0,0,0,0,0,0,0,0,,0,0,0,0,0,0,,,04/01/2023 - 08:59
Buah-buahan,Jambu Air,2001,0,0,0,0,0,0,0,0,0,0,,0,0,0,0,0,0,,,04/01/2023 - 08:59
Buah-buahan,Jambu Air,2002,0,0,0,0,0,0,0,0,0,0,,0,0,0,0,0,0,,,04/01/2023 - 08:59
Buah-buahan,Jambu Air,2003,0,0,0,0,0,0,0,0,0,0,,0,0,0,0,0,0,,,04/01/2023 - 08:59
Buah-buahan,Jambu Air,2004,0,0,0,0,0,0,0,0,0,0,,0,0,0,0,0,0,,,04/01/2023 - 08:59
Buah-buahan,Jambu Air,2005,0,0,0,0,0,0,0,0,0,0,,0,0,0,0,0,0,,,04/01/2023 - 08:59
Buah-buahan,Jambu Air,2007,0,0,0,0,0,0,0,0,0,0,,0,0,0,0,0,0,,,04/01/2023 - 08:59
Buah-buahan,Jambu Air,2008,0,160.79,139.82,0,0,0,0,0,0,2,,298,1.3,3.57,2,0.02,0.01,0,,04/01/2023 - 08:59
Buah-buahan,Jambu Air,2009,0,262.01,153.56,0,0,0,0,0,0,3,,412,1.78,4.82,2,0.02,0.02,0,,04/01/2023 - 08:59
Buah-buahan,Jambu Air,2010,0,262,154,0,0,0,0,0,0,3,,412,1.78,4.37,2,0.02,0.01,0,,04/01/2023 - 08:59
Buah-buahan,Jambu Air,2011,0,200,213,0,0,0,0,0,0,3,,409,1.69,4.64,2,0.02,0.01,0,,04/01/2023 - 08:59
Buah-buahan,Jambu Air,2012,0,247,184,0,0,0,0,0,0,4,,427,1.74,4.77,2,0.02,0.01,1,,04/01/2023 - 08:59
Buah-buahan,Jambu Air,2013,0,239,107,0,0,0,0,0,0,3,,343,1.38,3.78,2,0.01,0.01,2,,04/01/2023 - 08:59
Buah-buahan,Belimbing,1993,0,0,0,0,0,0,0,0,0,0,,0,0,0,0,0,0,,,04/01/2023 - 08:59
Buah-buahan,Belimbing,1994,0,0,0,0,0,0,0,0,0,0,,0,0,0,0,0,0,,,04/01/2023 - 08:59
Buah-buahan,Belimbing,1995,0,0,0,0,0,0,0,0,0,0,,0,0,0,0,0,0,,,04/01/2023 - 08:59
Buah-buahan,Belimbing,1996,0,0,0,0,0,0,0,0,0,0,,0,0,0,0,0,0,,,04/01/2023 - 08:59
Buah-buahan,Belimbing,1997,0,0,0,0,0,0,0,0,0,0,,0,0,0,0,0,0,,,04/01/2023 - 08:59
Buah-buahan,Belimbing,1998,0,0,0,0,0,0,0,0,0,0,,0,0,0,0,0,0,,,04/01/2023 - 08:59
Buah-buahan,Belimbing,1999,0,0,0,0,0,0,0,0,0,0,,0,0,0,0,0,0,,,04/01/2023 - 08:59
Buah-buahan,Belimbing,2000,0,0,0,0,0,0,0,0,0,0,,0,0,0,0,0,0,,,04/01/2023 - 08:59
Buah-buahan,Belimbing,2001,0,0,0,0,0,0,0,0,0,0,,0,0,0,0,0,0,,,04/01/2023 - 08:59
Buah-buahan,Belimbing,2002,0,0,0,0,0,0,0,0,0,0,,0,0,0,0,0,0,,,04/01/2023 - 08:59
Buah-buahan,Belimbing,2003,0,0,0,0,0,0,0,0,0,0,,0,0,0,0,0,0,,,04/01/2023 - 08:59
Buah-buahan,Belimbing,2004,0,0,0,0,0,0,0,0,0,0,,0,0,0,0,0,0,,,04/01/2023 - 08:59
Buah-buahan,Belimbing,2005,0,66,0,0,0,0,0,0,0,1,,65,0.3,0.82,0,0,0,0,,04/01/2023 - 08:59
Buah-buahan,Belimbing,2006,0,70,0,0,0,0,0,0,0,1,,70,0.31,0.86,0,0,0,0,,04/01/2023 - 08:59
Buah-buahan,Belimbing,2007,0,60,0,0,0,0,0,0,0,0,,59,0.26,0.72,0,0,0,0,,04/01/2023 - 08:59
Buah-buahan,Belimbing,2008,0,72,0,0,0,0,0,0,0,1,,72,0.31,0.86,0,0,0,0,,04/01/2023 - 08:59
Buah-buahan,Belimbing,2009,0,72,0,0,0,0,0,0,0,1,,72,0.31,0.84,0,0,0,0,,04/01/2023 - 08:59
Buah-buahan,Belimbing,2010,0,69,0,0,0,0,0,0,0,1,,69,0.29,0.79,0,0,0,0,,04/01/2023 - 08:59
Buah-buahan,Belimbing,2011,0,81,0,0,0,0,0,0,0,1,,80,0.33,0.91,0,0,0,0,,04/01/2023 - 08:59
Buah-buahan,Belimbing,2012,0,92,0,0,0,0,0,0,0,1,,91,0.37,1.02,0,0,0,1,,04/01/2023 - 08:59
Buah-buahan,Belimbing,2013,0,85,0,0,0,0,0,0,0,1,,85,0.34,0.93,0,0,0,2,,04/01/2023 - 08:59
Buah-buahan,Duku,1993,0,60,0,0,0,0,0,0,0,6,,54,0.29,0.79,0,0.01,0,0,,04/01/2023 - 08:59
Buah-buahan,Duku,1994,0,88,0,0,0,0,0,0,0,9,,79,0.42,1.15,0,0.01,0,0,,04/01/2023 - 08:59
Buah-buahan,Duku,1995,0,143,0,0,0,0,0,0,0,14,,129,0.67,1.83,1,0.01,0,0,,04/01/2023 - 08:59
Buah-buahan,Duku,1996,0,91,0,0,0,0,0,0,0,9,,82,0.42,1.14,0,0.01,0,0,,04/01/2023 - 08:59
Buah-buahan,Duku,1997,0,69,0,0,0,0,0,0,0,7,,62,0.31,0.85,0,0.01,0,0,,04/01/2023 - 08:59
Buah-buahan,Duku,1998,0,92,0,0,0,0,0,0,0,9,,83,0.41,1.12,0,0.01,0,0,,04/01/2023 - 08:59
Buah-buahan,Duku,1999,0,70,0,0,0,0,0,0,0,7,,63,0.31,0.85,0,0.01,0,0,,04/01/2023 - 08:59
Buah-buahan,Duku,2000,0,111,0,0,0,0,0,0,0,11,,100,0.49,1.33,1,0.01,0,0,,04/01/2023 - 08:59
Buah-buahan,Duku,2001,0,113,0,0,0,0,0,0,0,11,,102,0.49,1.34,1,0.01,0,0,,04/01/2023 - 08:59
Buah-buahan,Duku,2002,0,208,0,0,0,0,0,0,0,2,,207,0.98,2.68,1,0.02,0,0,,04/01/2023 - 08:59
Buah-buahan,Duku,2003,0,233,0,0,0,0,0,0,0,2,,231,1.08,2.96,1,0.02,0,0,,04/01/2023 - 08:59
Buah-buahan,Duku,2004,0,146,0,0,0,0,0,0,0,1,,145,0.67,1.83,1,0.01,0,0,,04/01/2023 - 08:59
Buah-buahan,Duku,2005,0,163,0,0,0,0,0,0,0,1,,162,0.74,2.02,1,0.01,0,0,,04/01/2023 - 08:59
Buah-buahan,Duku,2006,0,158,0,0,0,0,0,0,0,1,,156,0.7,1.92,1,0.01,0,0,,04/01/2023 - 08:59
Buah-buahan,Duku,2007,0,178,0,0,0,0,0,0,0,1,,177,0.78,2.14,1,0.01,0,0,,04/01/2023 - 08:59
Buah-buahan,Duku,2008,0,159,0,0,0,0,0,0,0,1,,157,0.69,1.89,1,0.01,0,0,,04/01/2023 - 08:59
Buah-buahan,Duku,2009,0,195,0,0,0,0,0,0,0,2,,194,0.84,2.27,1,0.01,0,0,,04/01/2023 - 08:59
Buah-buahan,Duku,2010,0,229,0,0,0,0,0,0,0,2,,227,0.95,2.61,1,0.02,0,0,,04/01/2023 - 08:59
Buah-buahan,Duku,2011,0,171,0,0,0,0,0,0,0,1,,170,0.7,1.92,0,0.01,0,0,,04/01/2023 - 08:59
Buah-buahan,Duku,2012,0,258,0,0,0,0,0,0,0,2,,256,1.04,2.86,1,0.01,0,1,,04/01/2023 - 08:59
Buah-buahan,Duku,2013,0,282,0,0,0,0,0,0,0,2,,280,1.12,3.08,1,0.01,0,2,,04/01/2023 - 08:59
Buah-buahan,Durian,1993,0,171,0,0,0,0,0,0,0,17,,154,0.82,2.25,1,0.01,0.01,0,,04/01/2023 - 08:59
Buah-buahan,Durian,1994,0,269,0,0,0,0,0,0,0,27,,242,1.27,3.48,1,0.02,0.02,0,,04/01/2023 - 08:59
Buah-buahan,Durian,1995,0,290,1,0,0,0,0,0,0,29,,262,1.35,3.71,1,0.02,0.02,0,,04/01/2023 - 08:59
Buah-buahan,Durian,1996,0,267,0,0,0,0,0,0,0,27,,240,1.22,3.34,1,0.02,0.02,0,,04/01/2023 - 08:59
Buah-buahan,Durian,1997,0,236,1,1,0,0,0,0,0,24,,212,1.06,2.91,1,0.02,0.02,0,,04/01/2023 - 08:59
Buah-buahan,Durian,1998,0,210,0,0,0,0,0,0,0,21,,189,0.93,2.55,1,0.01,0.02,0,,04/01/2023 - 08:59
Buah-buahan,Durian,1999,0,194,0,0,0,0,0,0,0,19,,175,0.86,2.36,1,0.01,0.02,0,,04/01/2023 - 08:59
Buah-buahan,Durian,2000,0,237,1,0,0,0,0,0,0,24,,214,1.04,2.85,1,0.02,0.02,0,,04/01/2023 - 08:59
Buah-buahan,Durian,2001,0,347,4,0,0,0,0,0,0,35,,316,1.52,4.15,1,0.02,0.03,0,,04/01/2023 - 08:59
Buah-buahan,Durian,2002,0,525,7,0,0,0,0,0,0,53,,479,2.27,6.22,2,0.03,0.04,0,,04/01/2023 - 08:59
Buah-buahan,Durian,2003,0,741.83,3.09,0.01,0,0,0,0,0,74.49,,670.42,3.14,8.59,3,0.05,0.06,0,,04/01/2023 - 08:59
Buah-buahan,Durian,2004,0,676,11,0,0,0,0,0,0,69,,618,2.86,7.83,2,0.04,0.05,0,,04/01/2023 - 08:59
Buah-buahan,Durian,2005,0,566,11,0,0,0,0,0,0,58,,520,2.36,6.48,2,0.04,0.04,0,,04/01/2023 - 08:59
Buah-buahan,Durian,2006,0,748,16,0,0,0,0,0,0,76,,688,3.09,8.46,2,0.05,0.06,0,,04/01/2023 - 08:59
Buah-buahan,Durian,2007,0,595,23,0,0,0,0,0,0,62,,556,2.46,6.75,2,0.04,0.04,0,,04/01/2023 - 08:59
Buah-buahan,Durian,2008,0,682.32,24.68,0,0,0,0,0,0,71,,636,2.78,7.63,2,0.04,0.05,0,,04/01/2023 - 08:59
Buah-buahan,Durian,2009,0,797.8,28.94,0,0,0,0,0,0,83,,744,3.22,8.7,3,0.05,0.06,0,,04/01/2023 - 08:59
Buah-buahan,Durian,2010,0,492,24,0,0,0,0,0,0,52,,465,1.95,5.34,2,0.03,0.04,0,,04/01/2023 - 08:59
Buah-buahan,Durian,2011,0,171,0,0,0,0,0,0,0,91,,820,3.39,9.28,0,0.01,0.01,0,,04/01/2023 - 08:59
Buah-buahan,Durian,2012,0,888,20,0,0,0,0,0,0,91,,817,3.33,9.12,1,0.01,0.01,1,,04/01/2023 - 08:59
Buah-buahan,Durian,2013,0,804,5,0,0,0,0,0,0,81,,728,2.93,8.01,1,0.01,0.01,2,,04/01/2023 - 08:59
Buah-buahan,Jambu,1993,0,318,0,0,0,0,0,0,0,32,,286,1.52,4.18,2,0.02,0.01,0,,04/01/2023 - 08:59
Buah-buahan,Jambu,1994,0,343,0,0,0,0,0,0,0,34,,309,1.62,4.44,2,0.02,0.01,0,,04/01/2023 - 08:59
Buah-buahan,Jambu,1995,0,241,0,0,0,0,0,0,0,24,,217,1.12,3.07,1,0.02,0.01,0,,04/01/2023 - 08:59
Buah-buahan,Jambu,1996,0,209,0,0,0,0,0,0,0,21,,188,0.96,2.62,1,0.02,0.01,0,,04/01/2023 - 08:59
Buah-buahan,Jambu,1997,0,160,0,0,0,0,0,0,0,16,,144,0.72,1.97,1,0.01,0,0,,04/01/2023 - 08:59
Buah-buahan,Jambu,1998,0,198,0,0,0,0,0,0,0,20,,178,0.88,2.41,1,0.02,0.01,0,,04/01/2023 - 08:59
Buah-buahan,Jambu,1999,0,194,0,0,0,0,0,0,0,19,,175,0.86,2.36,1,0.02,0.01,0,,04/01/2023 - 08:59
Buah-buahan,Jambu,2000,0,192,0,0,0,0,0,0,0,19,,173,0.84,2.3,1,0.02,0.01,0,,04/01/2023 - 08:59
Buah-buahan,Jambu,2001,0,211,0,0,0,0,0,0,0,21,,190,0.91,2.49,1,0.02,0.01,0,,04/01/2023 - 08:59
Buah-buahan,Jambu,2002,0,259,0,0,0,0,0,0,0,2,,257,1.22,6.22,2,0.03,0.04,0,,04/01/2023 - 08:59
Buah-buahan,Jambu,2003,0,354.32,0.65,0.05,0,0,0,0,0,2.87,,352.05,1.65,4.51,2,0.03,0.01,0,,04/01/2023 - 08:59
Buah-buahan,Jambu,2004,0,328,1,0,0,0,0,0,0,3,,326,1.51,4.13,2,0.03,0.01,0,,04/01/2023 - 08:59
Buah-buahan,Jambu,2005,0,289,0,0,0,0,0,0,0,2,,287,1.31,3.58,1,0.02,0.01,0,,04/01/2023 - 08:59
Buah-buahan,Jambu,2006,0,325,0,0,0,0,0,0,0,3,,322,1.45,3.96,2,0.03,0.01,0,,04/01/2023 - 08:59
Buah-buahan,Jambu,2007,0,273,0,0,0,0,0,0,0,2,,271,1.2,3.29,1,0.02,0.01,0,,04/01/2023 - 08:59
Buah-buahan,Jambu,2008,0,323.76,0,0,0,0,0,0,0,3,,321,1.41,3.85,2,0.03,0.01,0,,04/01/2023 - 08:59
Buah-buahan,Jambu,2009,0,325.09,0,0,0,0,0,0,0,3,,322,1.39,3.77,2,0.03,0.01,0,,04/01/2023 - 08:59
Buah-buahan,Jambu,2010,0,291,0,0,0,0,0,0,0,2,,288,1.21,3.31,1,0.02,0.01,0,,04/01/2023 - 08:59
Buah-buahan,Jambu,2011,0,315,0,0,0,0,0,0,0,3,,312,1.29,3.54,1,0.02,0.01,0,,04/01/2023 - 08:59
Buah-buahan,Jeruk,1993,0,260,23,0,0,0,0,0,0,28,,255,1.36,3.72,1,0.02,0.01,0,,04/01/2023 - 08:59
Buah-buahan,Jeruk,1994,0,393,27,0,0,0,0,0,0,42,,378,1.98,5.42,2,0.03,0.01,0,,04/01/2023 - 08:59
Buah-buahan,Jeruk,1995,0,1005,38,2,0,0,0,0,0,104,,937,4.84,13.27,4,0.08,0.02,0,,04/01/2023 - 08:59
Buah-buahan,Jeruk,1996,0,731,50,1,0,0,0,0,0,78,,702,3.57,9.77,3,0.06,0.01,0,,04/01/2023 - 08:59
Buah-buahan,Jeruk,1997,0,696,66,0,0,0,0,0,0,76,,686,3.43,9.4,3,0.05,0.01,0,,04/01/2023 - 08:59
Buah-buahan,Jeruk,1998,0,491,25,0,0,0,0,0,0,52,,464,2.29,6.27,2,0.04,0.01,0,,04/01/2023 - 08:59
Buah-buahan,Jeruk,1999,0,450,35,1,0,0,0,0,0,48,,436,2.15,5.88,2,0.03,0.01,0,,04/01/2023 - 08:59
Buah-buahan,Jeruk,2000,0,644,79,1,0,0,0,0,0,72,,650,3.16,8.65,3,0.05,0.01,0,,04/01/2023 - 08:59
Buah-buahan,Jeruk,2001,0,691,76,2,0,0,0,0,0,77,,689,3.3,9.05,3,0.05,0.01,0,,04/01/2023 - 08:59
Buah-buahan,Jeruk,2002,0,968,77,1,0,0,0,0,0,41,,1003,4.75,13.02,4,0.07,0.02,0,,04/01/2023 - 08:59
Buah-buahan,Jeruk,2003,0,1529.82,57.45,0.93,0,0,0,0,0,62.03,,1524.31,7.13,19.54,6,0.11,0.03,0,,04/01/2023 - 08:59
Buah-buahan,Jeruk,2004,0,2071,95,2,0,0,0,0,0,85,,2080,9.61,26.34,8,0.15,0.04,0,,04/01/2023 - 08:59
Buah-buahan,Jeruk,2005,0,2214,84,1,0,0,0,0,0,90,,2208,10.04,27.51,9,0.16,0.04,0,,04/01/2023 - 08:59
Buah-buahan,Jeruk,2006,0,2566,96,0,0,0,0,0,0,104,,2557,11.48,31.45,10,0.18,0.04,0,,04/01/2023 - 08:59
Buah-buahan,Jeruk,2007,0,2626,144,1,0,0,0,0,0,107,,2632,11.67,31.96,10,0.18,0.05,0,,04/01/2023 - 08:59
Buah-buahan,Jeruk,2008,0,2467.63,138.71,0.92,0,0,0,0,0,102,,2504,10.96,30.01,9,0.17,0.04,0,,04/01/2023 - 08:59
Buah-buahan,Jeruk,2009,0,2131.77,209.62,1,0,0,0,0,0,92,,2249,9.72,26.29,8,0.15,0.04,0,,04/01/2023 - 08:59
Buah-buahan,Jeruk,2010,0,2029,193,1,0,0,0,0,0,87,,2134,8.95,24.52,8,0.14,0.03,0,,04/01/2023 - 08:59
Buah-buahan,Jeruk,2011,0,1.82,218,0,0,0,0,0,0,80,,1957,8.09,22.15,5,0.08,0.03,0,,04/01/2023 - 08:59
Buah-buahan,Lainnya,1993,0,45,0,0,0,0,0,0,0,5,,41,0.22,0.59,0,0,0,0,,04/01/2023 - 08:59
Buah-buahan,Lainnya,1994,0,54,0,0,0,0,0,0,0,5,,49,0.25,0.68,0,0,0.01,0,,04/01/2023 - 08:59
Buah-buahan,Lainnya,1995,0,159,0,0,0,0,0,0,0,16,,143,0.74,2.03,1,0.01,0.01,0,,04/01/2023 - 08:59
Buah-buahan,Lainnya,1996,0,166,0,0,0,0,0,0,0,17,,149,0.76,2.08,1,0.01,0.01,0,,04/01/2023 - 08:59
Buah-buahan,Lainnya,1997,0,1116,0,0,0,0,0,0,0,112,,1004,5.03,13.77,4,0.05,0.03,0,,04/01/2023 - 08:59
Buah-buahan,Lainnya,1998,0,736,0,0,0,0,0,0,0,74,,662,3.27,8.95,3,0.03,0.02,0,,04/01/2023 - 08:59
Buah-buahan,Lainnya,1999,0,824,0,0,0,0,0,0,0,82,,742,3.66,10.02,3,0.04,0.03,0,,04/01/2023 - 08:59
Buah-buahan,Lainnya,2000,0,830,0,0,0,0,0,0,0,83,,747,3.63,9.94,3,0.04,0.03,0,,04/01/2023 - 08:59
Buah-buahan,Lainnya,2001,0,1141,0,0,0,0,0,0,0,114,,1027,4.93,13.49,4,0.05,0.03,0,,04/01/2023 - 08:59
Buah-buahan,Lainnya,2002,0,1202,0,0,0,0,0,0,1,10,,1191,5.64,15.46,5,0.06,0.04,0,,04/01/2023 - 08:59
Buah-buahan,Lainnya,2003,0,1601.3,0,0,0,0,0,0,1.28,13.29,,1586.73,7.42,20.34,6,0.08,0.05,0,,04/01/2023 - 08:59
Buah-buahan,Lainnya,2004,0,1552,0,0,0,0,0,0,1,13,,1538,7.11,19.47,6,0.07,0.05,0,,04/01/2023 - 08:59
Buah-buahan,Lainnya,2005,0,122,0,0,0,0,0,0,0,1,,121,0.55,1.51,0,0.01,0,0,,04/01/2023 - 08:59
Buah-buahan,Lainnya,2006,0,123,0,0,0,0,0,0,0,1,,122,0.55,1.5,0,0.01,0,0,,04/01/2023 - 08:59
Buah-buahan,Lainnya,2007,0,118,0,0,0,0,0,0,0,1,,117,0.52,1.42,0,0.01,0,0,,04/01/2023 - 08:59
Buah-buahan,Lainnya,2008,0,241.58,1,0,0,0,0,0,0,2,,240,1.05,2.88,1,0.01,0.01,0,,04/01/2023 - 08:59
Buah-buahan,Lainnya,2009,0,180.12,1.17,1.17,0,0,0,0,0,2,,179,0.76,2.09,1,0.01,0.01,0,,04/01/2023 - 08:59
Buah-buahan,Lainnya,2010,0,141,1,1,0,0,0,0,0,1,,140,0.59,1.6,0,0.01,0,0,,04/01/2023 - 08:59
Buah-buahan,Lainnya,2011,0,208,1,0,0,0,0,0,0,2,,207,0.85,2.34,1,0.01,0.03,0,,04/01/2023 - 08:59
Buah-buahan,Lainnya,2012,0,353,1,1,0,0,0,0,0,3,,351,1.43,3.92,1,0.02,0.04,1,,04/01/2023 - 08:59
Buah-buahan,Lainnya,2013,0,178,1,0,0,0,0,0,0,1,,177,0.71,1.95,1,0.01,0.02,2,,04/01/2023 - 08:59
Buah-buahan,Mangga,1993,0,460,0,1,0,0,0,0,0,46,,413,2.2,6.03,2,0.02,0.01,0,,04/01/2023 - 08:59
Buah-buahan,Mangga,1994,0,668,0,1,0,0,0,0,0,67,,600,3.15,8.63,3,0.02,0.01,0,,04/01/2023 - 08:59
Buah-buahan,Mangga,1995,0,889,0,2,0,0,0,0,0,89,,798,4.12,11.3,4,0.04,0.01,0,,04/01/2023 - 08:59
Buah-buahan,Mangga,1996,0,783,0,1,0,0,0,0,0,78,,704,3.58,9.8,4,0.04,0.01,0,,04/01/2023 - 08:59
Buah-buahan,Mangga,1997,0,1088,0,0,0,0,0,0,0,109,,979,4.9,13.42,5,0.05,0.02,0,,04/01/2023 - 08:59
Buah-buahan,Mangga,1998,0,600,0,0,0,0,0,0,0,60,,540,2.66,7.29,3,0.03,0.01,0,,04/01/2023 - 08:59
Buah-buahan,Mangga,1999,0,827,0,1,0,0,0,0,0,83,,743,3.67,10.04,4,0.04,0.01,0,,04/01/2023 - 08:59
Buah-buahan,Mangga,2000,0,876,0,0,0,0,0,0,0,88,,788,3.83,10.49,4,0.04,0.01,0,,04/01/2023 - 08:59
Buah-buahan,Mangga,2001,0,923,0,0,0,0,0,0,0,92,,830,3.98,10.92,4,0.04,0.01,0,,04/01/2023 - 08:59
Buah-buahan,Mangga,2002,0,1403,0,2,0,0,0,0,0,98,,1303,6.18,16.92,6,0.07,0.02,0,,04/01/2023 - 08:59
Buah-buahan,Mangga,2003,0,1526.47,0.35,0.56,0,0,0,0,0,106.84,,1419.42,6.64,18.2,7,0.07,0.02,0,,04/01/2023 - 08:59
Buah-buahan,Mangga,2004,0,1438,1,2,0,0,0,0,0,101,,1336,6.17,16.91,6,0.07,0.02,0,,04/01/2023 - 08:59
Buah-buahan,Mangga,2005,0,1413,1,1,0,0,0,0,0,99,,1314,5.98,16.37,6,0.06,0.02,0,,04/01/2023 - 08:59
Buah-buahan,Mangga,2006,0,1622,1,1,0,0,0,0,0,114,,1508,6.77,18.55,7,0.07,0.02,0,,04/01/2023 - 08:59
Buah-buahan,Mangga,2007,0,1819,1,1,0,0,0,0,0,127,,1691,7.5,20.53,7,0.08,0.03,0,,04/01/2023 - 08:59
Buah-buahan,Mangga,2008,0,2105.09,0.97,2,0,0,0,0,0,147,,1957,8.56,23.46,9,0.09,0.03,0,,04/01/2023 - 08:59
Buah-buahan,Mangga,2009,0,2243.44,1,1,0,0,0,0,0,157,,2086,9.02,24.38,9,0.1,0.03,0,,04/01/2023 - 08:59
Buah-buahan,Mangga,2010,0,1287,1,1,0,0,0,0,0,90,,1197,5.02,13.75,5,0.05,0.02,0,,04/01/2023 - 08:59
Buah-buahan,Mangga,2011,0,2131,1,1,0,0,0,0,0,149,,1981,819,22.43,5,0.05,0.02,0,,04/01/2023 - 08:59
Buah-buahan,Mangga,2012,0,2376,1,2,0,0,0,0,0,166,,2210,9,24.67,6,0.06,0.02,1,,04/01/2023 - 08:59
Buah-buahan,Mangga,2013,0,2467,0,0,0,0,0,0,0,173,,2294,9.22,25.26,6,0.06,0.02,2,,04/01/2023 - 08:59
Buah-buahan,Manggis,1993,0,0,0,0,0,0,0,0,0,0,,0,0,0,0,0,0,,,04/01/2023 - 08:59
Buah-buahan,Manggis,1994,0,0,0,0,0,0,0,0,0,0,,0,0,0,0,0,0,,,04/01/2023 - 08:59
Buah-buahan,Manggis,1995,0,0,0,0,0,0,0,0,0,0,,0,0,0,0,0,0,,,04/01/2023 - 08:59
Buah-buahan,Manggis,1996,0,0,0,0,0,0,0,0,0,0,,0,0,0,0,0,0,,,04/01/2023 - 08:59
Buah-buahan,Manggis,1997,0,0,0,0,0,0,0,0,0,0,,0,0,0,0,0,0,,,04/01/2023 - 08:59
Buah-buahan,Manggis,1998,0,0,0,0,0,0,0,0,0,0,,0,0,0,0,0,0,,,04/01/2023 - 08:59
Buah-buahan,Manggis,1999,0,0,0,0,0,0,0,0,0,0,,0,0,0,0,0,0,,,04/01/2023 - 08:59
Buah-buahan,Manggis,2000,0,0,0,0,0,0,0,0,0,0,,0,0,0,0,0,0,,,04/01/2023 - 08:59
Buah-buahan,Manggis,2001,0,0,0,0,0,0,0,0,0,0,,0,0,0,0,0,0,,,04/01/2023 - 08:59
Buah-buahan,Manggis,2002,0,0,0,0,0,0,0,0,0,0,,0,0,0,0,0,0,,,04/01/2023 - 08:59
Buah-buahan,Manggis,2003,0,0,0,0,0,0,0,0,0,0,,0,0,0,0,0,0,,,04/01/2023 - 08:59
Buah-buahan,Manggis,2004,0,0,0,0,0,0,0,0,0,0,,0,0,0,0,0,0,,,04/01/2023 - 08:59
Buah-buahan,Manggis,2005,0,65,0,0,0,0,0,0,0,1,,64,0.29,0.8,0,0,0,0,,04/01/2023 - 08:59
Buah-buahan,Manggis,2006,0,73,0,6,0,0,0,0,0,1,,66,0.3,0.82,0,0,0,0,,04/01/2023 - 08:59
Buah-buahan,Manggis,2007,0,113,0,9,0,0,0,0,0,1,,103,0.46,1.25,0,0,0,0,,04/01/2023 - 08:59
Buah-buahan,Manggis,2008,0,79,0,9,0,0,0,0,0,1,,69,0.3,0.82,0,0,0,0,,04/01/2023 - 08:59
Buah-buahan,Manggis,2009,0,106,0,10,0,0,0,0,0,1,,95,0.41,1.11,0,0,0,0,,04/01/2023 - 08:59
Buah-buahan,Manggis,2010,0,85,0,11,0,0,0,0,0,1,,73,0.3,0.83,0,0,0,0,,04/01/2023 - 08:59
Buah-buahan,Manggis,2011,0,118,0,13,0,0,0,0,0,1,,104,0.43,1.18,0,0,0,0,,04/01/2023 - 08:59
Buah-buahan,Manggis,2012,0,190,0,20,0,0,0,0,0,1,,169,0.69,1.88,0,0,0,1,,04/01/2023 - 08:59
Buah-buahan,Manggis,2013,0,107,0,5,0,0,0,0,0,1,,101,0.41,1.12,0,0,0,2,,04/01/2023 - 08:59
Buah-buahan,Markisa,1993,0,0,0,0,0,0,0,0,0,0,,0,0,0,0,0,0,,,04/01/2023 - 08:59
Buah-buahan,Markisa,1994,0,0,0,0,0,0,0,0,0,0,,0,0,0,0,0,0,,,04/01/2023 - 08:59
Buah-buahan,Markisa,1995,0,0,0,0,0,0,0,0,0,0,,0,0,0,0,0,0,,,04/01/2023 - 08:59
Buah-buahan,Markisa,1996,0,0,0,0,0,0,0,0,0,0,,0,0,0,0,0,0,,,04/01/2023 - 08:59
Buah-buahan,Markisa,1997,0,0,0,0,0,0,0,0,0,0,,0,0,0,0,0,0,,,04/01/2023 - 08:59
Buah-buahan,Markisa,1998,0,0,0,0,0,0,0,0,0,0,,0,0,0,0,0,0,,,04/01/2023 - 08:59
Buah-buahan,Markisa,1999,0,0,0,0,0,0,0,0,0,0,,0,0,0,0,0,0,,,04/01/2023 - 08:59
Buah-buahan,Markisa,2000,0,0,0,0,0,0,0,0,0,0,,0,0,0,0,0,0,,,04/01/2023 - 08:59
Buah-buahan,Markisa,2001,0,0,0,0,0,0,0,0,0,0,,0,0,0,0,0,0,,,04/01/2023 - 08:59
Buah-buahan,Markisa,2002,0,0,0,0,0,0,0,0,0,0,,0,0,0,0,0,0,,,04/01/2023 - 08:59
Buah-buahan,Markisa,2003,0,0,0,0,0,0,0,0,0,0,,0,0,0,0,0,0,,,04/01/2023 - 08:59
Buah-buahan,Markisa,2004,0,0,0,0,0,0,0,0,0,0,,0,0,0,0,0,0,,,04/01/2023 - 08:59
Buah-buahan,Markisa,2005,0,83,0,0,0,0,0,0,0,1,,82,0.37,1.02,1,0.02,0.01,0,,04/01/2023 - 08:59
Buah-buahan,Markisa,2006,0,120,0,0,0,0,0,0,0,1,,119,0.53,1.46,1,0.02,0.01,0,,04/01/2023 - 08:59
Buah-buahan,Markisa,2007,0,107,0,0,0,0,0,0,0,1,,106,0.47,1.29,1,0.02,0.01,0,,04/01/2023 - 08:59
Buah-buahan,Markisa,2008,0,138.03,0,0,0,0,0,0,0,1,,137,0.6,1.64,1,0.03,0.01,0,,04/01/2023 - 08:59
Buah-buahan,Markisa,2009,0,120.8,0,0,0,0,0,0,0,1,,120,0.52,1.4,1,0.02,0.01,0,,04/01/2023 - 08:59
Buah-buahan,Markisa,2010,0,132,0,0,0,0,0,0,0,1,,131,0.55,1.5,1,0.03,0.01,0,,04/01/2023 - 08:59
Buah-buahan,Markisa,2011,0,141,0,0,0,0,0,0,0,1,,140,0.58,1.58,1,0.03,0.01,0,,04/01/2023 - 08:59
Buah-buahan,Markisa,2012,0,135,0,0,0,0,0,0,0,1,,133,0.54,1.49,1,0.03,0.01,1,,04/01/2023 - 08:59
Buah-buahan,Markisa,2013,0,167,0,0,0,0,0,0,0,1,,166,0.67,1.82,1,0.03,0.01,2,,04/01/2023 - 08:59
Buah-buahan,Nanas,1993,0,459,0,0,0,0,0,0,0,46,,413,2.2,6.03,2,0.01,0.01,0,,04/01/2023 - 08:59
Buah-buahan,Nanas,1994,0,346,0,0,0,0,0,0,0,35,,311,1.63,4.47,1,0.01,0,0,,04/01/2023 - 08:59
Buah-buahan,Nanas,1995,0,703,0,2,0,0,0,0,0,70,,631,3.26,8.93,2,0.02,0.01,0,,04/01/2023 - 08:59
Buah-buahan,Nanas,1996,0,501,0,11,0,0,0,0,0,49,,441,2.24,6.14,2,0.01,0.01,0,,04/01/2023 - 08:59
Buah-buahan,Nanas,1997,0,386,0,6,0,0,0,0,0,38,,342,1.71,4.69,1,0.01,0,0,,04/01/2023 - 08:59
Buah-buahan,Nanas,1998,0,327,0,0,0,0,0,0,0,33,,294,1.45,3.97,1,0.01,0.01,0,,04/01/2023 - 08:59
Buah-buahan,Nanas,1999,0,317,0,1,0,0,0,0,0,32,,284,1.4,3.84,1,0.01,0.01,0,,04/01/2023 - 08:59
Buah-buahan,Nanas,2000,0,393,0,3,0,0,0,0,0,39,,351,1.71,4.68,1,0.01,0.01,0,,04/01/2023 - 08:59
Buah-buahan,Nanas,2001,0,495,0,2,0,0,0,0,0,49,,444,2.13,5.83,1,0.02,0.01,0,,04/01/2023 - 08:59
Buah-buahan,Nanas,2002,0,556,0,4,0,0,0,0,0,29,,523,2.48,6.79,1,0.02,0.01,0,,04/01/2023 - 08:59
Buah-buahan,Nanas,2003,0,677.09,0,2.28,0,0,0,0,0,35.09,,639.72,2.99,8.2,2,0.03,0.01,0,,04/01/2023 - 08:59
Buah-buahan,Nanas,2004,0,710,0,2,0,0,0,0,0,37,,671,3.1,8.49,2,0.03,0.01,0,,04/01/2023 - 08:59
Buah-buahan,Nanas,2005,0,925,0,1,0,0,0,0,0,48,,876,3.99,10.92,2,0.03,0.02,0,,04/01/2023 - 08:59
Buah-buahan,Nanas,2006,0,1428,0,0,0,0,0,0,0,74,,1353,6.08,16.65,3,0.05,0.03,0,,04/01/2023 - 08:59
Buah-buahan,Nanas,2007,0,2238,0,0,0,0,0,0,0,116,,2121,9.4,25.76,5,0.08,0.04,0,,04/01/2023 - 08:59
Buah-buahan,Nanas,2008,0,1433.13,0,0,0,0,0,0,0,75,,1359,5.95,16.29,3,0.05,0.02,0,,04/01/2023 - 08:59
Buah-buahan,Nanas,2009,0,1558.2,0,0,0,0,0,0,0,81,,1477,6.38,17.27,4,0.05,0.03,0,,04/01/2023 - 08:59
Buah-buahan,Nanas,2010,0,1406,0,0,0,0,0,0,0,73,,1333,5.59,15.32,3,0.05,0.02,0,,04/01/2023 - 08:59
Buah-buahan,Nanas,2011,0,1541,0,0,0,0,0,0,0,80,,1461,6.04,16.54,2,0.03,0.01,0,,04/01/2023 - 08:59
Buah-buahan,Nanas,2012,0,1782,0,162,0,0,0,0,0,84,,1536,6.26,17.14,2,0.03,0.01,1,,04/01/2023 - 08:59
Buah-buahan,Nanas,2013,0,1726,0,124,0,0,0,0,0,83,,1519,6.1,16.72,2,0.03,0.01,2,,04/01/2023 - 08:59
Buah-buahan,Nangka/cempedak,1993,0,0,0,0,0,0,0,0,0,0,,0,0,0,0,0,0,,,04/01/2023 - 08:59
Buah-buahan,Nangka/cempedak,1994,0,0,0,0,0,0,0,0,0,0,,0,0,0,0,0,0,,,04/01/2023 - 08:59
Buah-buahan,Nangka/cempedak,1995,0,0,0,0,0,0,0,0,0,0,,0,0,0,0,0,0,,,04/01/2023 - 08:59
Buah-buahan,Nangka/cempedak,1996,0,0,0,0,0,0,0,0,0,0,,0,0,0,0,0,0,,,04/01/2023 - 08:59
Buah-buahan,Nangka/cempedak,1997,0,0,0,0,0,0,0,0,0,0,,0,0,0,0,0,0,,,04/01/2023 - 08:59
Buah-buahan,Nangka/cempedak,1998,0,0,0,0,0,0,0,0,0,0,,0,0,0,0,0,0,,,04/01/2023 - 08:59
Buah-buahan,Nangka/cempedak,1999,0,0,0,0,0,0,0,0,0,0,,0,0,0,0,0,0,,,04/01/2023 - 08:59
Buah-buahan,Nangka/cempedak,2000,0,0,0,0,0,0,0,0,0,0,,0,0,0,0,0,0,,,04/01/2023 - 08:59
Buah-buahan,Nangka/cempedak,2001,0,0,0,0,0,0,0,0,0,0,,0,0,0,0,0,0,,,04/01/2023 - 08:59
Buah-buahan,Nangka/cempedak,2002,0,0,0,0,0,0,0,0,0,0,,0,0,0,0,0,0,,,04/01/2023 - 08:59
Buah-buahan,Nangka/cempedak,2003,0,0,0,0,0,0,0,0,0,0,,0,0,0,0,0,0,,,04/01/2023 - 08:59
Buah-buahan,Nangka/cempedak,2004,0,0,0,0,0,0,0,0,0,0,,0,0,0,0,0,0,,,04/01/2023 - 08:59
Buah-buahan,Nangka/cempedak,2005,0,713,0,0,0,0,0,0,0,6,,707,3.21,8.81,3,0.03,0.01,0,,04/01/2023 - 08:59
Buah-buahan,Nangka/cempedak,2006,0,684,0,0,0,0,0,0,0,6,,678,3.04,8.34,2,0.03,0.01,0,,04/01/2023 - 08:59
Buah-buahan,Nangka/cempedak,2007,0,602,0,0,0,0,0,0,0,5,,597,2.65,7.25,2,0.02,0.01,0,,04/01/2023 - 08:59
Buah-buahan,Nangka/cempedak,2008,0,675,0,0,0,0,0,0,0,6,,670,2.93,8.03,2,0.03,0.01,0,,04/01/2023 - 08:59
Buah-buahan,Nangka/cempedak,2009,0,653,0,0,0,0,0,0,0,5,,648,2.8,7.57,2,0.03,0.01,0,,04/01/2023 - 08:59
Buah-buahan,Nangka/cempedak,2010,0,578,0,0,0,0,0,0,0,5,,574,2.4,6.59,2,0.02,0.01,0,,04/01/2023 - 08:59
Buah-buahan,Nangka/cempedak,2011,0,665,0,0,0,0,0,0,0,5,,649,2.68,7.35,1,0.01,0,0,,04/01/2023 - 08:59
Buah-buahan,Nangka/cempedak,2012,0,664,0,0,0,0,0,0,0,6,,658,2.68,7.35,1,0.01,0,1,,04/01/2023 - 08:59
Buah-buahan,Nangka/cempedak,2013,0,707,0,0,0,0,0,0,0,6,,701,2.82,7.72,1,0.01,0,2,,04/01/2023 - 08:59
Buah-buahan,Pepaya,1993,0,422,0,0,0,0,0,0,0,42,,380,2.03,5.55,2,0.02,0,0,,04/01/2023 - 08:59
Buah-buahan,Pepaya,1994,0,371,0,0,0,0,0,0,0,37,,334,1.75,4.79,2,0.02,0,0,,04/01/2023 - 08:59
Buah-buahan,Pepaya,1995,0,586,0,0,0,0,0,0,0,59,,527,2.72,7.46,3,0.03,0,0,,04/01/2023 - 08:59
Buah-buahan,Pepaya,1996,0,382,0,0,0,0,0,0,0,38,,344,1.75,4.79,2,0.02,0,0,,04/01/2023 - 08:59
Buah-buahan,Pepaya,1997,0,361,0,0,0,0,0,0,0,36,,325,1.63,4.45,2,0.02,0,0,,04/01/2023 - 08:59
Buah-buahan,Pepaya,1998,0,490,0,0,0,0,0,0,0,49,,441,2.17,5.96,2,0.02,0,0,,04/01/2023 - 08:59
Buah-buahan,Pepaya,1999,0,450,0,0,0,0,0,0,0,45,,405,2,5.47,2,0.02,0,0,,04/01/2023 - 08:59
Buah-buahan,Pepaya,2000,0,492,0,0,0,0,0,0,0,43,,386,1.88,5.14,2,0.02,0,0,,04/01/2023 - 08:59
Buah-buahan,Pepaya,2001,0,501,0,0,0,0,0,0,0,50,,451,2.16,5.92,2,0.02,0,0,,04/01/2023 - 08:59
Buah-buahan,Pepaya,2002,0,605,0,0,0,0,0,0,0,38,,568,2.69,7.37,3,0.03,0,0,,04/01/2023 - 08:59
Buah-buahan,Pepaya,2003,0,626.74,0.29,0.19,0,0,0,0,0,38.86,,587.98,2.75,7.54,3,0.03,0,0,,04/01/2023 - 08:59
Buah-buahan,Pepaya,2004,0,733,2,1,0,0,0,0,0,46,,688,3.18,8.72,3,0.03,0,0,,04/01/2023 - 08:59
Buah-buahan,Pepaya,2005,0,549,0,0,0,0,0,0,0,34,,515,2.34,6.41,2,0.02,0,0,,04/01/2023 - 08:59
Buah-buahan,Pepaya,2006,0,643,0,0,0,0,0,0,0,40,,603,2.71,7.42,3,0.03,0,0,,04/01/2023 - 08:59
Buah-buahan,Pepaya,2007,0,622,0,0,0,0,0,0,0,39,,583,2.58,7.08,2,0.03,0,0,,04/01/2023 - 08:59
Buah-buahan,Pepaya,2008,0,717.9,0,0,0,0,0,0,0,45,,674,2.95,8.07,3,0.03,0,0,,04/01/2023 - 08:59
Buah-buahan,Pepaya,2009,0,772.84,0,0,0,0,0,0,0,48,,725,3.13,70.99,46,0.5,0.15,0,,04/01/2023 - 08:59
Buah-buahan,Pepaya,2010,0,676,1,0,0,0,0,0,0,42,,634,2.66,7.29,3,0.03,0,0,,04/01/2023 - 08:59
Buah-buahan,Pepaya,2011,0,958,0,0,0,0,0,0,0,59,,899,3.71,10.17,3,0.03,0,0,,04/01/2023 - 08:59
Buah-buahan,Pepaya,2012,0,906,0,0,0,0,0,0,0,56,,850,3.46,9.49,2,0.03,0,1,,04/01/2023 - 08:59
Buah-buahan,Pepaya,2013,0,840,0,0,0,0,0,0,0,52,,788,3.17,8.68,2,0.02,0,2,,04/01/2023 - 08:59
Buah-buahan,Pisang,1993,0,2644,0,25,0,0,0,0,0,262,,2357,12.56,34.42,26,0.31,0.05,0,,04/01/2023 - 08:59
Buah-buahan,Pisang,1994,0,3087,0,33,0,0,0,0,0,305,,2749,14.42,39.51,29,0.36,0.06,0,,04/01/2023 - 08:59
Buah-buahan,Pisang,1995,0,3805,0,55,0,0,0,0,0,375,,3375,17.44,47.79,42,0.48,0.07,0,,04/01/2023 - 08:59
Buah-buahan,Pisang,1996,0,3023,0,102,0,0,0,0,0,292,,2629,13.36,36.6,32,0.37,0.06,0,,04/01/2023 - 08:59
Buah-buahan,Pisang,1997,0,3057,0,71,0,0,0,0,0,299,,2687,13.45,36.84,32,0.37,0.06,0,,04/01/2023 - 08:59
Buah-buahan,Pisang,1998,0,3177,0,77,0,0,0,0,0,310,,2790,13.75,37.68,24,0.26,0.08,0,,04/01/2023 - 08:59
Buah-buahan,Pisang,1999,0,3376,0,76,0,0,0,0,0,330,,2970,14.64,40.12,26,0.28,0.08,0,,04/01/2023 - 08:59
Buah-buahan,Pisang,2000,0,3747,0,2,0,0,0,0,0,374,,3370,16.37,44.86,29,0.31,0.09,0,,04/01/2023 - 08:59
Buah-buahan,Pisang,2001,0,4300,0,0,0,0,0,0,1,430,,3870,18.56,50.86,33,0.36,0.11,0,,04/01/2023 - 08:59
Buah-buahan,Pisang,2002,0,4384,0,1,0,0,0,0,0,206,,4178,19.79,54.23,35,0.38,0.11,0,,04/01/2023 - 08:59
Buah-buahan,Pisang,2003,0,4177.16,0.56,0.24,0,0,0,0,0,196.34,,3981.14,18.63,51.03,33,0.36,0.11,0,,04/01/2023 - 08:59
Buah-buahan,Pisang,2004,0,4874,0,1,0,0,0,0,0,229,,4645,21.46,58.81,38,0.41,0.12,0,,04/01/2023 - 08:59
Buah-buahan,Pisang,2005,0,5178,0,4,0,0,0,0,0,243,,4931,22.43,61.45,40,0.43,0.13,0,,04/01/2023 - 08:59
Buah-buahan,Pisang,2006,0,5037,0,4,0,0,0,0,0,237,,4797,21.53,59,38,0.41,0.12,0,,04/01/2023 - 08:59
Buah-buahan,Pisang,2007,0,5454,0,2,0,0,0,0,0,256,,5196,23.03,63.08,41,0.44,0.13,0,,04/01/2023 - 08:59
Buah-buahan,Pisang,2008,0,6004.62,0,2,0,0,0,0,0,282,,5721,25.03,68.58,44,0.48,0.14,0,,04/01/2023 - 08:59
Buah-buahan,Pisang,2009,0,6373.53,0,0,0,0,0,0,0,300,,6074,26.25,70.99,46,0.5,0.15,0,,04/01/2023 - 08:59
Buah-buahan,Pisang,2010,0,5755,3,0,0,0,0,0,0,271,,5487,23.01,63.03,41,0.44,0.13,0,,04/01/2023 - 08:59
Buah-buahan,Pisang,2011,0,6133,2,2,0,0,0,0,0,288,,5844,2415,66.17,32,0.35,0.1,0,,04/01/2023 - 08:59
Buah-buahan,Pisang,2012,0,6189,2,1,0,0,0,0,0,291,,5899,24.03,65.85,32,0.35,0.1,1,,04/01/2023 - 08:59
Buah-buahan,Pisang,2013,0,6715,2,1,0,0,0,0,0,316,,6400,25.72,70.47,34,0.37,0.11,2,,04/01/2023 - 08:59
Buah-buahan,Rambutan,1993,0,278,0,0,0,0,0,0,0,28,,250,1.33,3.65,1,0.01,0,0,,04/01/2023 - 08:59
Buah-buahan,Rambutan,1994,0,323,0,0,0,0,0,0,0,32,,291,1.52,4.16,1,0.01,0,0,,04/01/2023 - 08:59
Buah-buahan,Rambutan,1995,0,364,0,0,0,0,0,0,0,36,,328,1.7,4.64,1,0.02,0,0,,04/01/2023 - 08:59
Buah-buahan,Rambutan,1996,0,370,0,0,0,0,0,0,0,37,,333,1.69,4.64,1,0.02,0,0,,04/01/2023 - 08:59
Buah-buahan,Rambutan,1997,0,296,0,0,0,0,0,0,0,30,,266,1.33,3.65,1,0.01,0,0,,04/01/2023 - 08:59
Buah-buahan,Rambutan,1998,0,278,0,0,0,0,0,0,0,28,,250,1.23,3.38,1,0.01,0,0,,04/01/2023 - 08:59
Buah-buahan,Rambutan,1999,0,263,0,0,0,0,0,0,0,26,,237,1.17,3.2,1,0.01,0,0,,04/01/2023 - 08:59
Buah-buahan,Rambutan,2000,0,296,0,0,0,0,0,0,0,30,,266,1.29,3.54,1,0.01,0,0,,04/01/2023 - 08:59
Buah-buahan,Rambutan,2001,0,351,0,0,0,0,0,0,0,35,,316,1.51,4.15,1,0.01,0,0,,04/01/2023 - 08:59
Buah-buahan,Rambutan,2002,0,477,0,0,0,0,0,0,0,4,,473,2.24,6.14,2,0.02,0,0,,04/01/2023 - 08:59
Buah-buahan,Rambutan,2003,0,815.44,0,0.6,0,0,0,0,0,6.6,,808.24,3.78,10.36,3,0.04,0,0,,04/01/2023 - 08:59
Buah-buahan,Rambutan,2004,0,710,0,0,0,0,0,0,0,6,,704,3.25,8.91,2,0.03,0,0,,04/01/2023 - 08:59
Buah-buahan,Rambutan,2005,0,676,0,0,0,0,0,0,0,5,,670,3.05,10.89,18,0.05,0.02,0,,04/01/2023 - 08:59
Buah-buahan,Rambutan,2006,0,801,0,0,0,0,0,0,0,6,,795,3.57,9.77,3,0.04,0,0,,04/01/2023 - 08:59
Buah-buahan,Rambutan,2007,0,706,0,0,0,0,0,0,0,6,,700,3.1,8.5,2,0.03,0,0,,04/01/2023 - 08:59
Buah-buahan,Rambutan,2008,0,978.26,0,1,0,0,0,0,0,8,,970,4.24,11.62,3,0.04,0,0,,04/01/2023 - 08:59
Buah-buahan,Rambutan,2009,0,986.84,0,0,0,0,0,0,0,8,,978,4.23,11.44,3,0.04,0,0,,04/01/2023 - 08:59
Buah-buahan,Rambutan,2010,0,523,0,1,0,0,0,0,0,4,,518,2.17,5.95,2,0.02,0,0,,04/01/2023 - 08:59
Buah-buahan,Rambutan,2011,0,812,0,0,0,0,0,0,0,7,,805,3.33,9.11,1,0.01,0.02,0,,04/01/2023 - 08:59
Buah-buahan,Rambutan,2012,0,757,0,1,0,0,0,0,0,6,,751,3.06,8.38,1,0.01,0.02,1,,04/01/2023 - 08:59
Buah-buahan,Rambutan,2013,0,659,0,0,0,0,0,0,0,5,,653,2.63,7.2,1,0.01,0.02,2,,04/01/2023 - 08:59
Buah-buahan,Salak,1993,0,349,0,0,0,0,0,0,0,35,,314,1.67,4.59,2,0.01,0,0,,04/01/2023 - 08:59
Buah-buahan,Salak,1994,0,292,0,0,0,0,0,0,0,29,,263,1.38,3.78,1,0.01,0,0,,04/01/2023 - 08:59
Buah-buahan,Salak,1995,0,663,0,0,0,0,0,0,0,66,,597,3.09,8.45,3,0.02,0,0,,04/01/2023 - 08:59
Buah-buahan,Salak,1996,0,484,0,0,0,0,0,0,0,48,,436,2.22,6.07,2,0.01,0,0,,04/01/2023 - 08:59
Buah-buahan,Salak,1997,0,525,0,0,0,0,0,0,0,53,,472,2.36,6.48,2,0.01,0,0,,04/01/2023 - 08:59
Buah-buahan,Salak,1998,0,353,0,0,0,0,0,0,0,35,,318,1.57,4.29,2,0.02,0,0,,04/01/2023 - 08:59
Buah-buahan,Salak,1999,0,405,0,0,0,0,0,0,0,41,,365,1.8,4.92,8,0.02,0.01,0,,04/01/2023 - 08:59
Buah-buahan,Salak,2000,0,424,0,0,0,0,0,0,0,42,,381,1.85,5.07,8,0.03,0.01,0,,04/01/2023 - 08:59
Buah-buahan,Salak,2001,0,681,0,0,0,0,0,0,0,68,,613,2.94,8.06,13,0.04,0.02,0,,04/01/2023 - 08:59
Buah-buahan,Salak,2002,0,768,0,0,0,0,0,0,0,52,,716,3.39,9.29,14,0.04,0.02,0,,04/01/2023 - 08:59
Buah-buahan,Salak,2003,0,928.61,0,0,0,0,0,0,0,63.15,,865.46,4.05,11.09,17,0.05,0.02,0,,04/01/2023 - 08:59
Buah-buahan,Salak,2004,0,801,0,0,0,0,0,0,0,54,,747,3.45,9.45,15,0.05,0.02,0,,04/01/2023 - 08:59
Buah-buahan,Salak,2005,0,938,0,0,0,0,0,0,0,64,,874,3.98,10.89,18,0.05,0.02,0,,04/01/2023 - 08:59
Buah-buahan,Salak,2006,0,862,0,0,0,0,0,0,0,59,,803,3.61,9.88,16,0.05,0.02,0,,04/01/2023 - 08:59
Buah-buahan,Salak,2007,0,806,0,0,0,0,0,0,0,55,,751,3.33,9.12,15,0.05,0.02,0,,04/01/2023 - 08:59
Buah-buahan,Salak,2008,0,862.47,0,0,0,0,0,0,0,59,,804,3.52,9.64,16,0.05,0.02,0,,04/01/2023 - 08:59
Buah-buahan,Salak,2009,0,829.01,0,0,0,0,0,0,0,56,,773,3.34,9.03,15,0.04,0.02,0,,04/01/2023 - 08:59
Buah-buahan,Salak,2010,0,750,0,0,0,0,0,0,0,51,,699,2.93,8.03,13,0.04,0.02,0,,04/01/2023 - 08:59
Buah-buahan,Salak,2011,0,1082,0,0,0,0,0,0,0,74,,1009,4.17,11.42,10,0.04,0.01,0,,04/01/2023 - 08:59
Buah-buahan,Salak,2012,0,1035,0,1,0,0,0,0,0,70,,964,3.93,10.76,10,0.03,0.01,1,,04/01/2023 - 08:59
Buah-buahan,Salak,2013,0,932,0,1,0,0,0,0,0,63,,868,3.49,9.55,9,0.03,0.01,2,,04/01/2023 - 08:59
Buah-buahan,Sawo,1993,0,70,0,0,0,0,0,0,0,7,,63,0.92,0.92,1,0,0.01,0,,04/01/2023 - 08:59
Buah-buahan,Sawo,1994,0,66,0,0,0,0,0,0,0,7,,59,0.31,0.85,1,0,0.01,0,,04/01/2023 - 08:59
Buah-buahan,Sawo,1995,0,69,0,0,0,0,0,0,0,7,,62,0.32,0.88,1,0,0.01,0,,04/01/2023 - 08:59
Buah-buahan,Sawo,1996,0,69,0,0,0,0,0,0,0,7,,62,0.32,0.86,1,0,0.01,0,,04/01/2023 - 08:59
Buah-buahan,Sawo,1997,0,55,0,0,0,0,0,0,0,6,,49,0.25,0.68,0,0,0.01,0,,04/01/2023 - 08:59
Buah-buahan,Sawo,1998,0,47,0,0,0,0,0,0,0,5,,42,0.21,0.57,1,0,0.01,0,,04/01/2023 - 08:59
Buah-buahan,Sawo,1999,0,45,0,0,0,0,0,0,0,5,,41,0.2,0.55,1,0,0.01,0,,04/01/2023 - 08:59
Buah-buahan,Sawo,2000,0,53,0,0,0,0,0,0,0,5,,48,0.23,0.64,1,0,0.01,0,,04/01/2023 - 08:59
Buah-buahan,Sawo,2001,0,63,0,0,0,0,0,0,0,6,,57,0.27,0.75,1,0.01,0.01,0,,04/01/2023 - 08:59
Buah-buahan,Sawo,2002,0,69,0,0,0,0,0,0,0,1,,69,0.33,0.89,1,0.01,0.02,0,,04/01/2023 - 08:59
Buah-buahan,Sawo,2003,0,83.88,0,0,0,0,0,0,0,0.68,,83.2,0.39,1.07,1,0.01,0.02,0,,04/01/2023 - 08:59
Buah-buahan,Sawo,2004,0,88,0,0,0,0,0,0,0,1,,87,0.4,1.11,1,0.01,0.02,0,,04/01/2023 - 08:59
Buah-buahan,Sawo,2005,0,84,0,0,0,0,0,0,0,1,,83,0.38,1.04,1,0.01,0.02,0,,04/01/2023 - 08:59
Buah-buahan,Sawo,2006,0,107,0,0,0,0,0,0,0,1,,106,0.48,1.31,1,0.01,0.02,0,,04/01/2023 - 08:59
Buah-buahan,Sawo,2007,0,101,0,0,0,0,0,0,0,1,,100,0.45,1.22,1,0.01,0.02,0,,04/01/2023 - 08:59
Buah-buahan,Sawo,2008,0,120.65,0,0,0,0,0,0,0,1,,120,0.52,1.43,1,0.01,0.03,0,,04/01/2023 - 08:59
Buah-buahan,Sawo,2009,0,127.88,0,0,0,0,0,0,0,1,,127,0.55,1.48,1,0.01,0.03,0,,04/01/2023 - 08:59
Buah-buahan,Sawo,2010,0,123,0,0,0,0,0,0,0,1,,122,0.51,1.4,1,0.01,0.03,0,,04/01/2023 - 08:59
Buah-buahan,Sawo,2011,0,118,0,0,0,0,0,0,0,1,,117,0.48,1.33,1,0.01,0.02,0,,04/01/2023 - 08:59
Buah-buahan,Semangka,1993,0,0,0,0,0,0,0,0,0,0,,0,0,0,0,0,0,,,04/01/2023 - 08:59
Buah-buahan,Semangka,1994,0,0,0,0,0,0,0,0,0,0,,0,0,0,0,0,0,,,04/01/2023 - 08:59
Buah-buahan,Semangka,1995,0,0,0,0,0,0,0,0,0,0,,0,0,0,0,0,0,,,04/01/2023 - 08:59
Buah-buahan,Semangka,1996,0,0,0,0,0,0,0,0,0,0,,0,0,0,0,0,0,,,04/01/2023 - 08:59
Buah-buahan,Semangka,1997,0,0,0,0,0,0,0,0,0,0,,0,0,0,0,0,0,,,04/01/2023 - 08:59
Buah-buahan,Semangka,1998,0,0,0,0,0,0,0,0,0,0,,0,0,0,0,0,0,,,04/01/2023 - 08:59
Buah-buahan,Semangka,1999,0,0,0,0,0,0,0,0,0,0,,0,0,0,0,0,0,,,04/01/2023 - 08:59
Buah-buahan,Semangka,2000,0,0,0,0,0,0,0,0,0,0,,0,0,0,0,0,0,,,04/01/2023 - 08:59
Buah-buahan,Semangka,2001,0,0,0,0,0,0,0,0,0,0,,0,0,0,0,0,0,,,04/01/2023 - 08:59
Buah-buahan,Semangka,2002,0,0,0,0,0,0,0,0,0,0,,0,0,0,0,0,0,,,04/01/2023 - 08:59
Buah-buahan,Semangka,2003,0,0,0,0,0,0,0,0,0,0,,0,0,0,0,0,0,,,04/01/2023 - 08:59
Buah-buahan,Semangka,2004,0,0,0,0,0,0,0,0,0,0,,0,0,0,0,0,0,,,04/01/2023 - 08:59
Buah-buahan,Semangka,2005,0,367,1,0,0,0,0,0,0,3,,364,1.66,4.54,1,0.01,0,0,,04/01/2023 - 08:59
Buah-buahan,Semangka,2006,0,393,0,0,0,0,0,0,0,3,,390,1.75,4.79,1,0.01,0,0,,04/01/2023 - 08:59
Buah-buahan,Semangka,2007,0,351,1,0,0,0,0,0,0,3,,348,1.54,4.23,1,0.01,0,0,,04/01/2023 - 08:59
Buah-buahan,Semangka,2008,0,371,1,1,0,0,0,0,0,3,,368,1.61,4.41,1,0.01,0,0,,04/01/2023 - 08:59
Buah-buahan,Semangka,2009,0,474,1,0,0,0,0,0,0,4,,471,2.03,5.5,1,0.01,0,0,,04/01/2023 - 08:59
Buah-buahan,Semangka,2010,0,349,1,0,0,0,0,0,0,3,,347,1.45,3.98,1,0.01,0,0,,04/01/2023 - 08:59
Buah-buahan,Semangka,2011,0,498,1,0,0,0,0,0,0,4,,494,2.04,5.59,0,0.01,0,0,,04/01/2023 - 08:59
Buah-buahan,Semangka,2012,0,516,0,0,0,0,0,0,0,4,,511,2.08,5.71,0,0.01,0,1,,04/01/2023 - 08:59
Buah-buahan,Semangka,2013,0,440,0,0,0,0,0,0,0,4,,436,1.75,4.8,0,0.01,0,2,,04/01/2023 - 08:59
Buah-buahan,Sirsak,1993,0,0,0,0,0,0,0,0,0,0,,0,0,0,0,0,0,,,04/01/2023 - 08:59
Buah-buahan,Sirsak,1994,0,0,0,0,0,0,0,0,0,0,,0,0,0,0,0,0,,,04/01/2023 - 08:59
Buah-buahan,Sirsak,1995,0,0,0,0,0,0,0,0,0,0,,0,0,0,0,0,0,,,04/01/2023 - 08:59
Buah-buahan,Sirsak,1996,0,0,0,0,0,0,0,0,0,0,,0,0,0,0,0,0,,,04/01/2023 - 08:59
Buah-buahan,Sirsak,1997,0,0,0,0,0,0,0,0,0,0,,0,0,0,0,0,0,,,04/01/2023 - 08:59
Buah-buahan,Sirsak,1998,0,0,0,0,0,0,0,0,0,0,,0,0,0,0,0,0,,,04/01/2023 - 08:59
Buah-buahan,Sirsak,1999,0,0,0,0,0,0,0,0,0,0,,0,0,0,0,0,0,,,04/01/2023 - 08:59
Buah-buahan,Sirsak,2000,0,0,0,0,0,0,0,0,0,0,,0,0,0,0,0,0,,,04/01/2023 - 08:59
Buah-buahan,Sirsak,2001,0,0,0,0,0,0,0,0,0,0,,0,0,0,0,0,0,,,04/01/2023 - 08:59
Buah-buahan,Sirsak,2002,0,0,0,0,0,0,0,0,0,0,,0,0,0,0,0,0,,,04/01/2023 - 08:59
Buah-buahan,Sirsak,2003,0,0,0,0,0,0,0,0,0,0,,0,0,0,0,0,0,,,04/01/2023 - 08:59
Buah-buahan,Sirsak,2004,0,0,0,0,0,0,0,0,0,0,,0,0,0,0,0,0,,,04/01/2023 - 08:59
Buah-buahan,Sirsak,2005,0,76,0,0,0,0,0,0,0,1,,75,0.34,0.94,0,0.01,0,0,,04/01/2023 - 08:59
Buah-buahan,Sirsak,2006,0,84,0,0,0,0,0,0,0,1,,84,0.38,1.03,0,0.01,0,0,,04/01/2023 - 08:59
Buah-buahan,Sirsak,2007,0,56,0,0,0,0,0,0,0,0,,55,0.25,0.67,0,0,0,0,,04/01/2023 - 08:59
Buah-buahan,Sirsak,2008,0,55.04,0,0,0,0,0,0,0,0,,55,0.24,0.65,0,0,0,0,,04/01/2023 - 08:59
Buah-buahan,Sirsak,2009,0,65.36,0,0,0,0,0,0,0,1,,65,0.28,0.76,0,0.01,0,0,,04/01/2023 - 08:59
Buah-buahan,Sirsak,2010,0,61,0,0,0,0,0,0,0,1,,60,0.25,0.69,0,0,0,0,,04/01/2023 - 08:59
Buah-buahan,Sirsak,2011,0,60,0,0,0,0,0,0,0,0,,59,0.25,0.67,0,0,0,0,,04/01/2023 - 08:59
Buah-buahan,Sirsak,2012,0,52,0,0,0,0,0,0,0,0,,51,0.21,0.57,0,0,0,1,,04/01/2023 - 08:59
Buah-buahan,Sirsak,2013,0,76,0,0,0,0,0,0,0,1,,75,0.3,0.83,0,0.01,0,2,,04/01/2023 - 08:59
Buah-buahan,Sukun,1993,0,0,0,0,0,0,0,0,0,0,,0,0,0,0,0,0,,,04/01/2023 - 08:59
Buah-buahan,Sukun,1994,0,0,0,0,0,0,0,0,0,0,,0,0,0,0,0,0,,,04/01/2023 - 08:59
Buah-buahan,Sukun,1995,0,0,0,0,0,0,0,0,0,0,,0,0,0,0,0,0,,,04/01/2023 - 08:59
Buah-buahan,Sukun,1996,0,0,0,0,0,0,0,0,0,0,,0,0,0,0,0,0,,,04/01/2023 - 08:59
Buah-buahan,Sukun,1997,0,0,0,0,0,0,0,0,0,0,,0,0,0,0,0,0,,,04/01/2023 - 08:59
Buah-buahan,Sukun,1998,0,0,0,0,0,0,0,0,0,0,,0,0,0,0,0,0,,,04/01/2023 - 08:59
Buah-buahan,Sukun,1999,0,0,0,0,0,0,0,0,0,0,,0,0,0,0,0,0,,,04/01/2023 - 08:59
Buah-buahan,Sukun,2000,0,0,0,0,0,0,0,0,0,0,,0,0,0,0,0,0,,,04/01/2023 - 08:59
Buah-buahan,Sukun,2001,0,0,0,0,0,0,0,0,0,0,,0,0,0,0,0,0,,,04/01/2023 - 08:59
Buah-buahan,Sukun,2002,0,0,0,0,0,0,0,0,0,0,,0,0,0,0,0,0,,,04/01/2023 - 08:59
Buah-buahan,Sukun,2003,0,0,0,0,0,0,0,0,0,0,,0,0,0,0,0,0,,,04/01/2023 - 08:59
Buah-buahan,Sukun,2004,0,0,0,0,0,0,0,0,0,0,,0,0,0,0,0,0,,,04/01/2023 - 08:59
Buah-buahan,Sukun,2005,0,74,0,0,0,0,0,0,0,1,,73,0.33,0.91,1,0.01,0,0,,04/01/2023 - 08:59
Buah-buahan,Sukun,2006,0,88,0,0,0,0,0,0,0,1,,88,0.39,1.08,1,0.02,0,0,,04/01/2023 - 08:59
Buah-buahan,Sukun,2007,0,92,0,0,0,0,0,0,0,1,,91,0.4,1.11,1,0.02,0,0,,04/01/2023 - 08:59
Buah-buahan,Sukun,2008,0,113.78,0,0,0,0,0,0,0,1,,113,0.49,1.35,1,0.02,0,0,,04/01/2023 - 08:59
Buah-buahan,Sukun,2009,0,110.92,0,0,0,0,0,0,0,1,,110,0.48,1.29,1,0.02,0,0,,04/01/2023 - 08:59
Buah-buahan,Sukun,2010,0,89,0,0,0,0,0,0,0,1,,88,0.37,1.02,1,0.01,0,0,,04/01/2023 - 08:59
Buah-buahan,Sukun,2011,0,102,0,0,0,0,0,0,0,1,,101,0.42,1.15,1,0.02,0,0,,04/01/2023 - 08:59
Buah-buahan,Sukun,2012,0,112,0,0,0,0,0,0,0,1,,111,0.45,1.24,1,0.02,0,1,,04/01/2023 - 08:59
Buah-buahan,Sukun,2013,0,111,0,0,0,0,0,0,0,1,,110,0.44,1.21,1,0.02,0,2,,04/01/2023 - 08:59
Sayur-sayuran,Bayam,1993,0,93,0,0,0,0,0,0,0,9,,84,0.45,1.23,0,0.03,0,0,,04/01/2023 - 08:59
Sayur-sayuran,Bayam,1994,0,102,0,0,0,0,0,0,0,10,,92,0.48,1.32,0,0.03,0,0,,04/01/2023 - 08:59
Sayur-sayuran,Bayam,1995,0,150,0,0,0,0,0,0,0,15,,135,0.7,1.91,0,0.05,0.01,0,,04/01/2023 - 08:59
Sayur-sayuran,Bayam,1996,0,120,0,0,0,0,0,0,0,12,,108,0.55,1.5,0,0.04,0.01,0,,04/01/2023 - 08:59
Sayur-sayuran,Bayam,1997,0,74,0,0,0,0,0,0,0,7,,67,0.33,0.91,0,0.02,0,0,,04/01/2023 - 08:59
Sayur-sayuran,Bayam,1998,0,98,0,0,0,0,0,0,0,10,,88,0.43,1.19,1,0.01,0,0,,04/01/2023 - 08:59
Sayur-sayuran,Bayam,1999,0,81,0,0,0,0,0,0,0,8,,73,0.36,0.98,0,0.01,0,0,,04/01/2023 - 08:59
Sayur-sayuran,Bayam,2000,0,66,0,0,0,0,0,0,0,7,,59,0.29,0.79,0,0.01,0,0,,04/01/2023 - 08:59
Sayur-sayuran,Bayam,2001,0,64,0,0,0,0,0,0,0,6,,58,0.28,0.76,0,0,0,0,,04/01/2023 - 08:59
Sayur-sayuran,Bayam,2002,0,71,0,0,0,0,0,0,0,2,,69,0.33,0.89,0,0.01,0,0,,04/01/2023 - 08:59
Sayur-sayuran,Bayam,2003,0,109.42,0.01,0,0,0,0.48,0,0,2.99,,105.96,0.5,1.36,0,0.01,0,0,,04/01/2023 - 08:59
Sayur-sayuran,Bayam,2004,0,108,0,0,0,0,0,0,0,3,,104,0.48,1.32,0,0,0,0,,04/01/2023 - 08:59
Sayur-sayuran,Bayam,2005,0,124,0,0,0,0,1,0,0,3,,120,0.55,1.5,0,0.01,0,0,,04/01/2023 - 08:59
Sayur-sayuran,Bayam,2006,0,149,0,0,0,0,1,0,0,4,,144,0.65,1.78,0,0.01,0.01,0,,04/01/2023 - 08:59
Sayur-sayuran,Bayam,2007,0,156,0,0,0,0,1,0,0,4,,151,0.67,1.83,0,0.01,0.01,0,,04/01/2023 - 08:59
Sayur-sayuran,Bayam,2008,0,164,0,0,0,0,1,0,0,4,,158,0.69,1.9,0,0.01,0.01,0,,04/01/2023 - 08:59
Sayur-sayuran,Bayam,2009,0,174,0,0,0,0,1,0,0,5,,168,0.72,1.96,0,0.01,0.01,0,,04/01/2023 - 08:59
Sayur-sayuran,Bayam,2010,0,152,0,0,0,0,1,0,0,4,,147,0.62,1.69,0,0.01,0,0,,04/01/2023 - 08:59
Sayur-sayuran,Bayam,2011,0,161,0,1,0,0,1,0,0,4,,155,0.64,1.75,0,0.01,0,0,,04/01/2023 - 08:59
Sayur-sayuran,Bayam,2012,0,155,0,0,0,0,1,0,0,4,,150,0.61,1.67,0,0.01,0,1,,04/01/2023 - 08:59
Sayur-sayuran,Bayam,2013,0,203,0,0,0,0,1,0,0,6,,196,0.79,2.16,0,0.01,0,2,,04/01/2023 - 08:59
Sayur-sayuran,Buncis,1993,0,192,0,0,0,0,0,0,0,19,,173,0.92,2.53,1,0.05,0,0,,04/01/2023 - 08:59
Sayur-sayuran,Buncis,1994,0,214,0,0,0,0,0,0,0,21,,193,1.01,2.77,1,0.06,0,0,,04/01/2023 - 08:59
Sayur-sayuran,Buncis,1995,0,331,0,0,0,0,0,0,0,33,,298,1.54,4.22,1,0.09,0.01,0,,04/01/2023 - 08:59
Sayur-sayuran,Buncis,1996,0,306,0,0,0,0,0,0,0,31,,275,1.4,3.83,1,0.08,0.01,0,,04/01/2023 - 08:59
Sayur-sayuran,Buncis,1997,0,295,11,0,0,0,0,0,0,31,,275,1.38,3.78,1,0.08,0.01,0,,04/01/2023 - 08:59
Sayur-sayuran,Buncis,1998,0,312,7,1,0,0,0,0,0,32,,286,1.41,3.87,1,0.08,0.01,0,,04/01/2023 - 08:59
Sayur-sayuran,Buncis,1999,0,282,11,0,0,0,0,0,0,29,,264,1.3,3.56,1,0.08,0.01,0,,04/01/2023 - 08:59
Sayur-sayuran,Buncis,2000,0,303,7,0,0,0,0,0,0,31,,279,1.35,3.71,1,0.08,0.01,0,,04/01/2023 - 08:59
Sayur-sayuran,Buncis,2001,0,228,7,0,0,0,0,0,0,23,,211,1.01,2.78,1,0.06,0.01,0,,04/01/2023 - 08:59
Sayur-sayuran,Buncis,2002,0,230,14,20,0,0,1,0,0,6,,217,1.03,2.81,1,0.06,0.01,0,,04/01/2023 - 08:59
Sayur-sayuran,Buncis,2003,0,247.78,14.98,17.88,0,0,1.08,0,0,6.69,,237.12,1.11,3.04,1,0.07,0.01,0,,04/01/2023 - 08:59
Sayur-sayuran,Buncis,2004,0,268,8,1,0,0,1,0,0,8,,266,1.23,3.37,1,0.07,0.01,0,,04/01/2023 - 08:59
Sayur-sayuran,Buncis,2005,0,284,11,1,0,0,1,0,0,8,,285,1.3,3.55,1,0.08,0.01,0,,04/01/2023 - 08:59
Sayur-sayuran,Buncis,2006,0,270,10,1,0,0,1,0,0,8,,269,1.21,3.31,1,0.07,0.01,0,,04/01/2023 - 08:59
Sayur-sayuran,Buncis,2007,0,267,1,0,0,0,1,0,0,7,,260,1.15,3.15,1,0.07,0.01,0,,04/01/2023 - 08:59
Sayur-sayuran,Buncis,2008,0,267,6,0,0,0,1,0,0,7,,264,1.16,3.17,1,0.07,0.01,0,,04/01/2023 - 08:59
Sayur-sayuran,Buncis,2009,0,291,7,0,0,0,1,0,0,8,,289,1.23,3.37,1,0.07,0.01,0,,04/01/2023 - 08:59
Sayur-sayuran,Buncis,2010,0,336,9,0,0,0,2,0,0,9,,335,1.4,3.85,1,0.08,0.01,0,,04/01/2023 - 08:59
Sayur-sayuran,Buncis,2011,0,335,9,0,0,0,2,0,0,9,,333,1.38,3.77,1,0.07,0.01,0,,04/01/2023 - 08:59
Sayur-sayuran,Buncis,2012,0,332,2,0,0,0,1,0,0,9,,314,1.28,3.5,1,0.07,0.01,1,,04/01/2023 - 08:59
Sayur-sayuran,Buncis,2013,0,354,3,0,0,0,2,0,0,10,,345,1.39,3.8,1,0.07,0.01,2,,04/01/2023 - 08:59
Sayur-sayuran,Bawang Daun,1993,0,243,0,2,0,0,0,0,0,24,,217,0,0,1,0,0,0,,04/01/2023 - 08:59
Sayur-sayuran,Bawang Daun,1994,0,272,0,0,0,0,0,0,0,27,,245,0,0,1,0,0,0,,04/01/2023 - 08:59
Sayur-sayuran,Bawang Daun,1995,0,300,0,0,0,0,0,0,0,30,,270,0,0,1,0,0,0,,04/01/2023 - 08:59
Sayur-sayuran,Bawang Daun,1996,0,352,0,1,0,0,0,0,0,35,,316,0,0,1,0,0,0,,04/01/2023 - 08:59
Sayur-sayuran,Bawang Daun,1997,0,294,1,2,0,0,0,0,0,29,,264,0,0,1,0,0,0,,04/01/2023 - 08:59
Sayur-sayuran,Bawang Daun,1998,0,288,0,1,0,0,0,0,0,29,,258,0,0,1,0,0,0,,04/01/2023 - 08:59
Sayur-sayuran,Bawang Daun,1999,0,324,0,0,0,0,0,0,0,32,,292,0,0,1,0,0,0,,04/01/2023 - 08:59
Sayur-sayuran,Bawang Daun,2000,0,311,0,0,0,0,0,0,0,31,,280,0,0,1,0,0,0,,04/01/2023 - 08:59
Sayur-sayuran,Bawang Daun,2001,0,283,0,0,0,0,0,0,0,28,,255,0,0,1,0,0,0,,04/01/2023 - 08:59
Sayur-sayuran,Bawang Daun,2002,0,315,0,0,0,0,2,0,0,8,,305,0,0,1,0,0,0,,04/01/2023 - 08:59
Sayur-sayuran,Bawang Daun,2003,0,346,0,0,0,0,2,0,0,9,,335,0,0,1,0,0,0,,04/01/2023 - 08:59
Sayur-sayuran,Bawang Daun,2004,0,476,0,0,0,0,3,0,0,12,,461,0,0,1,0,0,0,,04/01/2023 - 08:59
Sayur-sayuran,Bawang Daun,2005,0,501,1,0,0,0,4,0,0,12,,486,0,0,1,0,0,0,,04/01/2023 - 08:59
Sayur-sayuran,Bawang Daun,2006,0,571,1,0,0,0,4,0,0,14,,554,0,0,1,0,0,0,,04/01/2023 - 08:59
Sayur-sayuran,Bawang Daun,2007,0,480,1,0,0,0,3,0,0,12,,466,0,0,1,0,0,0,,04/01/2023 - 08:59
Sayur-sayuran,Bawang Daun,2008,0,548,1,0,0,0,4,0,0,13,,531,0,0,1,0,0,0,,04/01/2023 - 08:59
Sayur-sayuran,Bawang Daun,2009,0,549,0,0,0,0,4,0,0,14,,532,0,0,1,0,0,0,,04/01/2023 - 08:59
Sayur-sayuran,Bawang Daun,2010,0,541,1,0,0,0,4,0,0,13,,525,0,0,1,0,0,0,,04/01/2023 - 08:59
Sayur-sayuran,Bawang Daun,2011,0,527,1,0,0,0,4,0,0,13,,511,0,0,1,0,0,0,,04/01/2023 - 08:59
Sayur-sayuran,Bawang Daun,2012,0,597,0,0,0,0,4,0,0,15,,578,0,0,1,0,0,1,,04/01/2023 - 08:59
Sayur-sayuran,Bawang Daun,2013,0,656,0,0,0,0,5,0,0,16,,635,0,0,1,0,0,2,,04/01/2023 - 08:59
Sayur-sayuran,Bawang Merah,1993,561,381,15,5,0,0,90,0,0,39,,262,1.4,3.83,1,0.05,0.01,0,,04/01/2023 - 08:59
Sayur-sayuran,Bawang Merah,1994,635,433,10,5,0,0,102,0,0,44,,292,1.53,4.19,1,0.05,0.01,0,,04/01/2023 - 08:59
Sayur-sayuran,Bawang Merah,1995,593,403,21,3,0,0,93,0,0,42,,286,1.48,4.05,1,0.05,0.01,0,,04/01/2023 - 08:59
Sayur-sayuran,Bawang Merah,1996,769,523,29,5,0,0,116,0,0,55,,376,1.91,5.23,2,0.07,0.01,0,,04/01/2023 - 08:59
Sayur-sayuran,Bawang Merah,1997,606,412,29,2,0,0,106,0,0,44,,289,1.45,3.96,1,0.05,0.01,0,,04/01/2023 - 08:59
Sayur-sayuran,Bawang Merah,1998,599,407,29,0,0,0,92,0,0,44,,301,1.48,4.06,1,0.05,0.01,0,,04/01/2023 - 08:59
Sayur-sayuran,Bawang Merah,1999,938,638,24,6,0,0,125,0,0,66,,465,2.29,6.28,2,0.08,0.02,0,,04/01/2023 - 08:59
Sayur-sayuran,Bawang Merah,2000,773,526,39,5,0,0,100,0,0,56,,404,1.96,5.37,2,0.07,0.01,0,,04/01/2023 - 08:59
Sayur-sayuran,Bawang Merah,2001,861,586,33,4,0,0,96,0,0,61,,457,2.19,6.01,2,0.08,0.02,0,,04/01/2023 - 08:59
Sayur-sayuran,Bawang Merah,2002,767,495,22,5,0,0,1,0,0,43,,469,2.22,6.08,2,0.08,0.02,0,,04/01/2023 - 08:59
Sayur-sayuran,Bawang Merah,2003,763,492,29,4,0,0,1,0,0,43,,473,2.21,6.06,2,0.08,0.02,0,,04/01/2023 - 08:59
Sayur-sayuran,Bawang Merah,2004,757,489,33,3,0,0,1,0,0,43,,474,2.19,6.01,2,0.08,0.02,0,,04/01/2023 - 08:59
Sayur-sayuran,Bawang Merah,2005,733,473,36,3,0,0,1,0,0,42,,463,2.1,5.77,2,0.08,0.02,0,,04/01/2023 - 08:59
Sayur-sayuran,Bawang Merah,2006,795,513,33,11,0,0,1,0,0,45,,490,2.2,6.02,2,0.08,0.02,0,,04/01/2023 - 08:59
Sayur-sayuran,Bawang Merah,2007,803,518,69,6,0,0,1,0,0,49,,532,2.36,6.46,2,0.09,0.02,0,,04/01/2023 - 08:59
Sayur-sayuran,Bawang Merah,2008,854,551,83,8,0,0,2,0,0,52,,572,2.5,6.86,2,0.09,0.02,0,,04/01/2023 - 08:59
Sayur-sayuran,Bawang Merah,2009,965,623,43,8,0,0,2,0,0,55,,602,2.57,7.03,2,0.09,0.02,0,,04/01/2023 - 08:59
Sayur-sayuran,Bawang Merah,2010,1049,677,47,2,0,0,2,0,0,60,,660,2.77,7.58,3,0.1,0.02,0,,04/01/2023 - 08:59
Sayur-sayuran,Bawang Merah,2011,893,577,104,9,0,0,2,0,0,56,,614,2.54,6.95,2,0.08,0.02,0,,04/01/2023 - 08:59
Sayur-sayuran,Bawang Merah,2012,964,622,63,12,0,0,2,0,0,56,,615,2.51,6.86,2,0.08,0.02,1,,04/01/2023 - 08:59
Sayur-sayuran,Bawang Merah,2013,1161,750,50,3,0,0,2,0,0,67,,729,2.93,8.03,3,0.1,0.02,2,,04/01/2023 - 08:59
Sayur-sayuran,Bawang Putih,1993,128,91,18,0,0,0,16,0,0,11,,82,0.44,1.2,1,0.05,0,0,,04/01/2023 - 08:59
Sayur-sayuran,Bawang Putih,1994,135,96,21,0,0,0,17,0,0,12,,88,0.46,1.26,1,0.05,0,0,,04/01/2023 - 08:59
Sayur-sayuran,Bawang Putih,1995,152,108,32,0,0,0,18,0,0,14,,108,0.56,1.53,1,0.06,0,0,,04/01/2023 - 08:59
Sayur-sayuran,Bawang Putih,1996,146,104,43,0,0,0,16,0,0,15,,116,0.59,1.61,1,0.06,0,0,,04/01/2023 - 08:59
Sayur-sayuran,Bawang Putih,1997,102,72,45,0,0,0,15,0,0,12,,90,0.45,1.24,1,0.05,0,0,,04/01/2023 - 08:59
Sayur-sayuran,Bawang Putih,1998,84,60,100,0,0,0,15,0,0,16,,129,0.63,1.74,1,0.07,0,0,,04/01/2023 - 08:59
Sayur-sayuran,Bawang Putih,1999,62,44,127,0,0,0,10,0,0,17,,144,0.71,1.94,2,0.08,0,0,,04/01/2023 - 08:59
Sayur-sayuran,Bawang Putih,2000,59,42,124,0,0,0,0,0,0,17,,141,0.69,1.88,2,0.07,0,0,,04/01/2023 - 08:59
Sayur-sayuran,Bawang Putih,2001,50,35,147,2,0,0,3,0,0,18,,159,0.76,2.1,2,0.08,0,0,,04/01/2023 - 08:59
Sayur-sayuran,Bawang Putih,2002,46,33,163,2,0,0,0,0,0,14,,179,0.85,2.33,2,0.09,0,0,,04/01/2023 - 08:59
Sayur-sayuran,Bawang Putih,2003,39,28,159,1,0,0,0,0,0,13,,172,0.81,2.21,2,0,0,0,,04/01/2023 - 08:59
Sayur-sayuran,Bawang Putih,2004,29,20,174,0,0,0,0,0,0,14,,180,0.83,2.28,2,0.09,0,0,,04/01/2023 - 08:59
Sayur-sayuran,Bawang Putih,2005,21,15,201,0,0,0,1,0,0,15,,200,0.91,2.49,2,0.1,0,0,,04/01/2023 - 08:59
Sayur-sayuran,Bawang Putih,2006,21,15,210,0,0,0,1,0,0,16,,209,0.94,2.57,2,0.1,0,0,,04/01/2023 - 08:59
Sayur-sayuran,Bawang Putih,2007,17,12,244,0,0,0,1,0,0,18,,237,1.05,2.88,2,0.11,0.01,0,,04/01/2023 - 08:59
Sayur-sayuran,Bawang Putih,2008,12,9,304,0,0,0,1,0,0,22,,289,1.27,3.47,3,0.14,0.01,0,,04/01/2023 - 08:59
Sayur-sayuran,Bawang Putih,2009,15,11,289,0,0,0,1,0,0,21,,278,1.19,3.25,3,0.13,0.01,0,,04/01/2023 - 08:59
Sayur-sayuran,Bawang Putih,2010,12,9,259,0,0,0,1,0,0,19,,248,1.04,2.85,2,0.11,0.01,0,,04/01/2023 - 08:59
Sayur-sayuran,Bawang Putih,2011,12,10,300,0,0,0,1,0,0,22,,288,1.19,3.26,2,0.11,0.01,0,,04/01/2023 - 08:59
Sayur-sayuran,Bawang Putih,2012,18,13,298,0,0,0,1,0,0,22,,288,1.17,3.21,2,0.11,0.01,1,,04/01/2023 - 08:59
Sayur-sayuran,Cabe,1993,0,773,0,0,0,0,0,0,0,77,,696,3.71,10.17,9,0,0,0,,04/01/2023 - 08:59
Sayur-sayuran,Cabe,1994,0,724,0,0,0,0,0,0,0,72,,652,3.42,9.37,8,0,0,0,,04/01/2023 - 08:59
Sayur-sayuran,Cabe,1995,0,1,0,0,0,0,0,0,0,159,,1,7.4,20.26,18,0,0,0,,04/01/2023 - 08:59
Sayur-sayuran,Cabe,1996,0,1,0,1,0,0,0,0,0,104,,939,4.77,13.07,11,0,0,0,,04/01/2023 - 08:59
Sayur-sayuran,Cabe,1997,0,802,4,0,0,0,0,0,0,81,,725,3.63,9.95,9,0,0,0,,04/01/2023 - 08:59
Sayur-sayuran,Cabe,1998,0,849,27,6,0,0,0,0,0,87,,783,3.86,10.57,9,0,0,0,,04/01/2023 - 08:59
Sayur-sayuran,Cabe,1999,0,1,46,6,0,0,0,0,0,105,,943,4.65,12.74,11,0,0,0,,04/01/2023 - 08:59
Sayur-sayuran,Cabe,2000,0,728,52,6,0,0,0,0,0,77,,696,3.38,9.27,8,0,0,0,,04/01/2023 - 08:59
Sayur-sayuran,Cabe,2001,0,580,59,10,0,0,0,0,0,63,,566,2.72,7.44,7,0,0,0,,04/01/2023 - 08:59
Sayur-sayuran,Cabe,2002,0,635,67,6,0,0,5,0,0,37,,654,3.1,8.49,7,0,0,0,,04/01/2023 - 08:59
Sayur-sayuran,Cabe,2003,0,1,60,5,0,0,8,0,1,59,,1,4.93,13.51,12,0,0,0,,04/01/2023 - 08:59
Sayur-sayuran,Cabe,2004,0,1,68,9,0,0,8,0,1,61,,1,5.03,13.79,12,0,0,0,,04/01/2023 - 08:59
Sayur-sayuran,Cabe,2005,0,1,61,7,0,0,8,0,1,59,,1,4.76,13.03,11,0,0,0,,04/01/2023 - 08:59
Sayur-sayuran,Cabe,2006,0,1,90,14,0,0,9,0,0,66,,1,5.32,14.57,13,0,0,0,,04/01/2023 - 08:59
Sayur-sayuran,Cabe,2007,0,1,85,3,0,0,9,0,0,64,,1,5.04,13.82,12,0,0,0,,04/01/2023 - 08:59
Sayur-sayuran,Cabe,2008,0,1,116,3,0,0,9,0,0,67,,1,5.21,14.27,12,0,0,0,,04/01/2023 - 08:59
Sayur-sayuran,Cabe,2009,0,1,130,11,0,0,11,0,0,79,,1,6,16.45,14,0,0,0,,04/01/2023 - 08:59
Sayur-sayuran,Cabe,2010,0,1,131,6,0,0,10,0,0,77,,1,5.73,15.7,14,0,0,0,,04/01/2023 - 08:59
Sayur-sayuran,Cabe,2011,0,1,165,5,0,0,12,0,0,87,,1,6.39,17.49,4,0.13,0.04,0,,04/01/2023 - 08:59
Sayur-sayuran,Cabe,2012,0,1,133,3,0,0,13,0,0,94,,1,6.84,18.75,4,0.14,0.05,1,,04/01/2023 - 08:59
Sayur-sayuran,Cabe,2013,0,1,114,2,0,0,11,0,0,84,,1,5.99,16.41,4,0,0,2,,04/01/2023 - 08:59
Sayur-sayuran,Jamur,1993,0,0,0,0,0,0,0,0,0,0,,0,0,0,0,0,0,-,,04/01/2023 - 08:59
Sayur-sayuran,Jamur,1994,0,0,0,0,0,0,0,0,0,0,,0,0,0,0,0,0,-,,04/01/2023 - 08:59
Sayur-sayuran,Jamur,1995,0,0,0,0,0,0,0,0,0,0,,0,0,0,0,0,0,-,,04/01/2023 - 08:59
Sayur-sayuran,Jamur,1996,0,0,0,0,0,0,0,0,0,0,,0,0,0,0,0,0,-,,04/01/2023 - 08:59
Sayur-sayuran,Jamur,1997,0,0,0,0,0,0,0,0,0,0,,0,0,0,0,0,0,-,,04/01/2023 - 08:59
Sayur-sayuran,Jamur,1998,0,0,0,0,0,0,0,0,0,0,,0,0,0,0,0,0,-,,04/01/2023 - 08:59
Sayur-sayuran,Jamur,1999,0,0,0,0,0,0,0,0,0,0,,0,0,0,0,0,0,-,,04/01/2023 - 08:59
Sayur-sayuran,Jamur,2000,0,0,0,0,0,0,0,0,0,0,,0,0,0,0,0,0,-,,04/01/2023 - 08:59
Sayur-sayuran,Jamur,2001,0,0,0,0,0,0,0,0,0,0,,0,0,0,0,0,0,-,,04/01/2023 - 08:59
Sayur-sayuran,Jamur,2002,0,0,0,0,0,0,0,0,0,0,,0,0,0,0,0,0,-,,04/01/2023 - 08:59
Sayur-sayuran,Jamur,2003,0,0,0,0,0,0,0,0,0,0,,0,0,0,0,0,0,-,,04/01/2023 - 08:59
Sayur-sayuran,Jamur,2004,0,0,0,0,0,0,0,0,0,0,,0,0,0,0,0,0,-,,04/01/2023 - 08:59
Sayur-sayuran,Jamur,2005,0,31,0,3,0,0,0,0,0,1,,28,0.13,0.35,0,0.01,0,0,,04/01/2023 - 08:59
Sayur-sayuran,Jamur,2006,0,24,0,1,0,0,0,0,0,1,,22,0.1,0.27,0,0.01,0,0,,04/01/2023 - 08:59
Sayur-sayuran,Jamur,2007,0,48,2,2,0,0,0,0,0,1,,47,0.21,0.57,0,0.02,0,0,,04/01/2023 - 08:59
Sayur-sayuran,Jamur,2008,0,43,2,2,0,0,0,0,0,1,,42,0.18,0.51,0,0.02,0,0,,04/01/2023 - 08:59
Sayur-sayuran,Jamur,2009,0,38,2,1,0,0,0,0,0,1,,38,0.16,0.44,0,0.02,0,0,,04/01/2023 - 08:59
Sayur-sayuran,Jamur,2010,0,61,2,1,0,0,0,0,0,2,,61,0.26,0.71,0,0.03,0,0,,04/01/2023 - 08:59
Sayur-sayuran,Jamur,2011,0,46,2,0,0,0,0,0,0,1,,46,0.19,0.52,0,0.05,0,0,,04/01/2023 - 08:59
Sayur-sayuran,Jamur,2012,0,41,5,6,0,0,0,0,0,1,,39,0.16,0.43,0,0.04,0,1,,04/01/2023 - 08:59
Sayur-sayuran,Jamur,2013,0,70,4,5,0,0,0,0,0,2,,67,0.27,0.74,1,0.07,0.01,0,,04/01/2023 - 08:59
Sayur-sayuran,Jengkol,1993,0,0,0,0,0,0,0,0,0,0,,0,0,0,0,0,0,-,,04/01/2023 - 08:59
Sayur-sayuran,Jengkol,1994,0,0,0,0,0,0,0,0,0,0,,0,0,0,0,0,0,-,,04/01/2023 - 08:59
Sayur-sayuran,Jengkol,1995,0,0,0,0,0,0,0,0,0,0,,0,0,0,0,0,0,-,,04/01/2023 - 08:59
Sayur-sayuran,Jengkol,1996,0,0,0,0,0,0,0,0,0,0,,0,0,0,0,0,0,-,,04/01/2023 - 08:59
Sayur-sayuran,Jengkol,1997,0,0,0,0,0,0,0,0,0,0,,0,0,0,0,0,0,-,,04/01/2023 - 08:59
Sayur-sayuran,Jengkol,1998,0,0,0,0,0,0,0,0,0,0,,0,0,0,0,0,0,-,,04/01/2023 - 08:59
Sayur-sayuran,Jengkol,1999,0,0,0,0,0,0,0,0,0,0,,0,0,0,0,0,0,-,,04/01/2023 - 08:59
Sayur-sayuran,Jengkol,2000,0,0,0,0,0,0,0,0,0,0,,0,0,0,0,0,0,-,,04/01/2023 - 08:59
Sayur-sayuran,Jengkol,2001,0,0,0,0,0,0,0,0,0,0,,0,0,0,0,0,0,-,,04/01/2023 - 08:59
Sayur-sayuran,Jengkol,2002,0,0,0,0,0,0,0,0,0,0,,0,0,0,0,0,0,-,,04/01/2023 - 08:59
Sayur-sayuran,Jengkol,2003,0,0,0,0,0,0,0,0,0,0,,0,0,0,0,0,0,-,,04/01/2023 - 08:59
Sayur-sayuran,Jengkol,2004,0,0,0,0,0,0,0,0,0,0,,0,0,0,0,0,0,-,,04/01/2023 - 08:59
Sayur-sayuran,Jengkol,2005,0,0,0,0,0,0,0,0,0,0,,0,0,0,0,0,0,-,,04/01/2023 - 08:59
Sayur-sayuran,Jengkol,2006,0,0,0,0,0,0,0,0,0,0,,0,0,0,0,0,0,-,,04/01/2023 - 08:59
Sayur-sayuran,Jengkol,2007,0,0,0,0,0,0,0,0,0,0,,0,0,0,0,0,0,-,,04/01/2023 - 08:59
Sayur-sayuran,Jengkol,2008,0,80,0,0,0,0,0,0,0,2,,78,0.34,0.93,1,0.05,0,0,,04/01/2023 - 08:59
Sayur-sayuran,Jengkol,2009,0,62,0,0,0,0,0,0,0,2,,61,0.26,0.71,1,0.04,0,0,,04/01/2023 - 08:59
Sayur-sayuran,Jengkol,2010,0,50,0,0,0,0,0,0,0,1,,49,0.21,0.56,1,0.03,0,0,,04/01/2023 - 08:59
Sayur-sayuran,Jengkol,2011,0,66,0,0,0,0,0,0,0,2,,64,0.26,0.73,1,0.04,0,0,,04/01/2023 - 08:59
Sayur-sayuran,Jengkol,2012,0,62,0,0,0,0,0,0,0,2,,61,0.25,0.68,1,0.04,0,0,,04/01/2023 - 08:59
Sayur-sayuran,Jengkol,2013,0,53,0,0,0,0,0,0,0,1,,52,0.21,0.57,1,0.03,0,0,,04/01/2023 - 08:59
Sayur-sayuran,Kangkung,1993,0,201,0,0,0,0,0,0,0,20,,181,0,0,1,0,0,0,,04/01/2023 - 08:59
Sayur-sayuran,Kangkung,1994,0,196,0,0,0,0,0,0,0,20,,176,0,0,1,0,0,0,,04/01/2023 - 08:59
Sayur-sayuran,Kangkung,1995,0,279,0,0,0,0,0,0,0,28,,251,0,0,1,0,0,0,,04/01/2023 - 08:59
Sayur-sayuran,Kangkung,1996,0,249,0,0,0,0,0,0,0,25,,224,0,0,1,0,0,0,,04/01/2023 - 08:59
Sayur-sayuran,Kangkung,1997,0,189,0,0,0,0,0,0,0,19,,170,0,0,0,0,0,0,,04/01/2023 - 08:59
Sayur-sayuran,Kangkung,1998,0,201,0,0,0,0,0,0,0,20,,181,0,0,0,0,0,0,,04/01/2023 - 08:59
Sayur-sayuran,Kangkung,1999,0,212,0,0,0,0,0,0,0,21,,191,0,0,0,0,0,0,,04/01/2023 - 08:59
Sayur-sayuran,Kangkung,2000,0,215,0,0,0,0,0,0,0,22,,194,0,0,0,0,0,0,,04/01/2023 - 08:59
Sayur-sayuran,Kangkung,2001,0,194,0,0,0,0,0,0,0,19,,174,0,0,0,0,0,0,,04/01/2023 - 08:59
Sayur-sayuran,Kangkung,2002,0,205,0,0,0,0,1,0,0,5,,199,0,0,0,0,0,0,,04/01/2023 - 08:59
Sayur-sayuran,Kangkung,2003,0,208,0,0,0,0,1,0,0,5,,202,0,0,0,0,0,0,,04/01/2023 - 08:59
Sayur-sayuran,Kangkung,2004,0,213,0,0,0,0,1,0,0,5,,206,0,0,0,0,0,0,,04/01/2023 - 08:59
Sayur-sayuran,Kangkung,2005,0,230,0,0,0,0,1,0,0,6,,223,0,0,0,0,0,0,,04/01/2023 - 08:59
Sayur-sayuran,Kangkung,2006,0,293,0,0,0,0,2,0,0,8,,284,0,0,1,0,0,0,,04/01/2023 - 08:59
Sayur-sayuran,Kangkung,2007,0,335,0,0,0,0,2,0,0,9,,324,0,0,1,0,0,0,,04/01/2023 - 08:59
Sayur-sayuran,Kangkung,2008,0,324,0,0,0,0,2,0,0,8,,314,0,0,1,0,0,0,,04/01/2023 - 08:59
Sayur-sayuran,Kangkung,2009,0,361,0,0,0,0,2,0,0,9,,350,0,0,1,0,0,0,,04/01/2023 - 08:59
Sayur-sayuran,Kangkung,2010,0,351,0,0,0,0,2,0,0,9,,340,0,0,1,0,0,0,,04/01/2023 - 08:59
Sayur-sayuran,Kangkung,2011,0,355,0,0,0,0,2,0,0,9,,344,0,0,1,0,0,0,,04/01/2023 - 08:59
Sayur-sayuran,Kangkung,2012,0,320,0,0,0,0,2,0,0,8,,310,0,0,0,0,0,1,,04/01/2023 - 08:59
Sayur-sayuran,Kangkung,2013,0,412,0,0,0,0,2,0,0,11,,399,0,4.39,1,0,0,2,,04/01/2023 - 08:59
Sayur-sayuran,Kacang Merah,1993,0,0,0,0,0,0,0,0,0,0,,0,0,0,0,0,0,-,,04/01/2023 - 08:59
Sayur-sayuran,Kacang Merah,1994,0,92,0,1,0,0,0,0,0,9,,82,0.43,1.18,0,0.02,0,0,,04/01/2023 - 08:59
Sayur-sayuran,Kacang Merah,1995,0,126,0,1,0,0,0,0,0,13,,112,0.58,1.59,5,0.35,0.03,0,,04/01/2023 - 08:59
Sayur-sayuran,Kacang Merah,1996,0,99,18,0,0,0,0,0,0,12,,105,0.53,1.46,5,0.32,0.02,0,,04/01/2023 - 08:59
Sayur-sayuran,Kacang Merah,1997,0,92,0,0,0,0,0,0,0,9,,83,0.41,1.14,4,0.25,0.02,0,,04/01/2023 - 08:59
Sayur-sayuran,Kacang Merah,1998,0,104,0,0,0,0,0,0,0,10,,94,0.46,1.26,4,0.27,0.01,0,,04/01/2023 - 08:59
Sayur-sayuran,Kacang Merah,1999,0,99,0,0,0,0,0,0,0,10,,89,0.44,1.2,4,0.26,0.01,0,,04/01/2023 - 08:59
Sayur-sayuran,Kacang Merah,2000,0,101,0,0,0,0,0,0,0,10,,91,0.44,1.21,4,0.26,0.01,0,,04/01/2023 - 08:59
Sayur-sayuran,Kacang Merah,2001,0,99,0,0,0,0,0,0,0,10,,89,0.43,1.17,4,0.25,0.01,0,,04/01/2023 - 08:59
Sayur-sayuran,Kacang Merah,2002,0,95,1,1,0,0,3,0,0,3,,89,0.42,1.15,4,0.25,0.01,0,,04/01/2023 - 08:59
Sayur-sayuran,Kacang Merah,2003,0,90,0,0,0,0,2.59,0,0,2,,85,0.4,1.09,3,0.23,0.01,0,,04/01/2023 - 08:59
Sayur-sayuran,Kacang Merah,2004,0,107,0,0,0,0,3,0,0,3,,101,0.47,1.28,4,0.27,0.01,0,,04/01/2023 - 08:59
Sayur-sayuran,Kacang Merah,2005,0,132,0,0,0,0,4,0,0,4,,125,0.57,1.56,5,0.33,0.02,0,,04/01/2023 - 08:59
Sayur-sayuran,Kacang Merah,2006,0,125,0,0,0,0,4,0,0,3,,118,0.53,1.46,4,0.31,0.02,0,,04/01/2023 - 08:59
Sayur-sayuran,Kacang Merah,2007,0,112,0,0,0,0,3,0,0,3,,106,0.47,1.29,4,0.28,0.01,0,,04/01/2023 - 08:59
Sayur-sayuran,Kacang Merah,2008,0,116,0,0,0,0,3,0,0,3,,110,0.48,1.32,4,0.28,0.01,0,,04/01/2023 - 08:59
Sayur-sayuran,Kacang Merah,2009,0,110,0,0,0,0,3,0,0,3,,104,0.44,1.21,4,0.26,0.01,0,,04/01/2023 - 08:59
Sayur-sayuran,Kacang Merah,2010,0,116,0,0,0,0,3,0,0,3,,110,0.46,1.26,4,0.27,0.01,0,,04/01/2023 - 08:59
Sayur-sayuran,Kacang Merah,2011,0,93,0,0,0,0,3,0,0,3,,87,0.36,0.99,3,0.14,0.02,0,,04/01/2023 - 08:59
Sayur-sayuran,Kacang Merah,2012,0,93,0,0,0,0,3,0,0,3,,88,0.36,0.99,3,0.14,0.02,1,,04/01/2023 - 08:59
Sayur-sayuran,Kacang Merah,2013,0,123,1,0,0,0,4,0,0,3,,117,0.47,1.29,3,0.18,0.03,2,,04/01/2023 - 08:59
Sayur-sayuran,Kacang Panjang,1993,0,0,0,0,0,0,0,0,0,0,,0,0,0,0,0,0,-,,04/01/2023 - 08:59
Sayur-sayuran,Kacang Panjang,1994,0,453,0,0,0,0,0,0,0,45,,408,0,5.86,2,0,0,0,,04/01/2023 - 08:59
Sayur-sayuran,Kacang Panjang,1995,0,694,0,0,0,0,0,0,0,69,,625,0,8.85,3,0,0,0,,04/01/2023 - 08:59
Sayur-sayuran,Kacang Panjang,1996,0,496,0,0,0,0,0,0,0,50,,446,0,6.21,2,0,0,0,,04/01/2023 - 08:59
Sayur-sayuran,Kacang Panjang,1997,0,368,0,0,0,0,0,0,0,37,,331,0,4.54,1,0,0,0,,04/01/2023 - 08:59
Sayur-sayuran,Kacang Panjang,1998,0,448,0,0,0,0,0,0,0,45,,403,0,5.45,2,0,0,0,,04/01/2023 - 08:59
Sayur-sayuran,Kacang Panjang,1999,0,386,0,0,0,0,0,0,0,39,,347,0,4.69,1,0.13,0.02,0,,04/01/2023 - 08:59
Sayur-sayuran,Kacang Panjang,2000,0,314,0,0,0,0,0,0,0,31,,282,0,3.76,1,0,0,0,,04/01/2023 - 08:59
Sayur-sayuran,Kacang Panjang,2001,0,317,0,0,0,0,0,0,0,32,,286,0,3.75,1,0,0,0,,04/01/2023 - 08:59
Sayur-sayuran,Kacang Panjang,2002,0,310,0,0,0,0,1,0,0,8,,300,0,3.9,1,0,0,0,,04/01/2023 - 08:59
Sayur-sayuran,Kacang Panjang,2003,0,432,0,0,0,0,2,0,0,12,,419,0,5.37,1,0,0,0,,04/01/2023 - 08:59
Sayur-sayuran,Kacang Panjang,2004,0,455,0,0,0,0,2,0,0,12,,441,0,5.58,2,0,0,0,,04/01/2023 - 08:59
Sayur-sayuran,Kacang Panjang,2005,0,466,0,0,0,0,2,0,0,13,,452,0,5.63,2,0,0,0,,04/01/2023 - 08:59
Sayur-sayuran,Kacang Panjang,2006,0,461,0,0,0,0,2,0,0,13,,447,0,5.49,2,0,0,0,,04/01/2023 - 08:59
Sayur-sayuran,Kacang Panjang,2007,0,488,0,0,0,0,2,0,0,13,,473,0,5.74,2,0,0,0,,04/01/2023 - 08:59
Sayur-sayuran,Kacang Panjang,2008,0,456,0,0,0,0,2,0,0,12,,441,0,5.29,1,0.15,0.02,0,,04/01/2023 - 08:59
Sayur-sayuran,Kacang Panjang,2009,0,484,0,0,0,0,2,0,0,13,,468,0,5.48,2,0,0,0,,04/01/2023 - 08:59
Sayur-sayuran,Kacang Panjang,2010,0,489,0,0,0,0,2,0,0,13,,474,0,5.44,2,0.15,0.03,0,,04/01/2023 - 08:59
Sayur-sayuran,Kacang Panjang,2011,0,458,0,0,0,0,2,0,0,13,,444,0,0,1,0,0,0,,04/01/2023 - 08:59
Sayur-sayuran,Kacang Panjang,2012,0,456,0,0,0,0,2,0,0,12,,441,0,4.92,1,0,0,1,,04/01/2023 - 08:59
Sayur-sayuran,Kacang Panjang,2013,0,569,0,0,0,0,3,0,0,16,,551,0,6.07,1,0,0,2,,04/01/2023 - 08:59
Sayur-sayuran,Kembang Kol,1993,0,0,0,0,0,0,0,0,0,0,,0,0,0,0,0,0,-,,04/01/2023 - 08:59
Sayur-sayuran,Kembang Kol,1994,0,0,0,0,0,0,0,0,0,0,,0,0,0,0,0,0,-,,04/01/2023 - 08:59
Sayur-sayuran,Kembang Kol,1995,0,0,0,0,0,0,0,0,0,0,,0,0,0,0,0,0,-,,04/01/2023 - 08:59
Sayur-sayuran,Kembang Kol,1996,0,0,0,0,0,0,0,0,0,0,,0,0,0,0,0,0,-,,04/01/2023 - 08:59
Sayur-sayuran,Kembang Kol,1997,0,0,0,0,0,0,0,0,0,0,,0,0,0,0,0,0,-,,04/01/2023 - 08:59
Sayur-sayuran,Kembang Kol,1998,0,0,0,0,0,0,0,0,0,0,,0,0,0,0,0,0,-,,04/01/2023 - 08:59
Sayur-sayuran,Kembang Kol,1999,0,0,0,0,0,0,0,0,0,0,,0,0,0,0,0,0,-,,04/01/2023 - 08:59
Sayur-sayuran,Kembang Kol,2000,0,0,0,0,0,0,0,0,0,0,,0,0,0,0,0,0,-,,04/01/2023 - 08:59
Sayur-sayuran,Kembang Kol,2001,0,0,0,0,0,0,0,0,0,0,,0,0,0,0,0,0,-,,04/01/2023 - 08:59
Sayur-sayuran,Kembang Kol,2002,0,0,0,0,0,0,0,0,0,0,,0,0,0,0,0,0,-,,04/01/2023 - 08:59
Sayur-sayuran,Kembang Kol,2003,0,0,0,0,0,0,0,0,0,0,,0,0,0,0,0,0,-,,04/01/2023 - 08:59
Sayur-sayuran,Kembang Kol,2004,0,0,0,0,0,0,0,0,0,0,,0,0,0,0,0,0,-,,04/01/2023 - 08:59
Sayur-sayuran,Kembang Kol,2005,0,127,1,3,0,0,0,0,0,3,,121,0.55,1.51,0,0.02,0,0,,04/01/2023 - 08:59
Sayur-sayuran,Kembang Kol,2006,0,136,1,2,0,0,0,0,0,4,,131,0.59,1.61,0,0.02,0,0,,04/01/2023 - 08:59
Sayur-sayuran,Kembang Kol,2007,0,124,0,2,0,0,0,0,0,3,,120,0.53,1.45,0,0.02,0,0,,04/01/2023 - 08:59
Sayur-sayuran,Kembang Kol,2008,0,109,0,1,0,0,0,0,0,3,,106,0.46,1.27,0,0.02,0,0,,04/01/2023 - 08:59
Sayur-sayuran,Kembang Kol,2009,0,96,0,2,0,0,0,0,0,2,,92,0.39,1.07,0,0.01,0,0,,04/01/2023 - 08:59
Sayur-sayuran,Kembang Kol,2010,0,101,0,0,0,0,0,0,0,3,,99,0.41,1.13,0,0.02,0,0,,04/01/2023 - 08:59
Sayur-sayuran,Kembang Kol,2011,0,113,0,0,0,0,0,0,0,3,,111,0.46,1.25,0,0.02,0,0,,04/01/2023 - 08:59
Sayur-sayuran,Kembang Kol,2012,0,136,0,0,0,0,0,0,0,4,,133,0.54,1.48,0,0.02,0,1,,04/01/2023 - 08:59
Sayur-sayuran,Kembang Kol,2013,0,111,0,0,0,0,0,0,0,3,,109,0.44,1.2,0,0.02,0,2,,04/01/2023 - 08:59
Sayur-sayuran,Kentang,1993,0,809,3,127,0,0,36,0,0,34,,615,0,8.98,6,0,0,0,,04/01/2023 - 08:59
Sayur-sayuran,Kentang,1994,0,877,6,89,0,0,56,0,0,40,,698,0,10.03,7,0,0,0,,04/01/2023 - 08:59
Sayur-sayuran,Kentang,1995,0,1,1,103,0,0,62,0,0,47,,824,0,11.67,8,0,0,0,,04/01/2023 - 08:59
Sayur-sayuran,Kentang,1996,0,1,11,80,0,0,70,0,0,52,,919,0,12.79,9,0,0,0,,04/01/2023 - 08:59
Sayur-sayuran,Kentang,1997,0,813,24,37,0,0,50,0,0,40,,710,0,9.73,7,0,0,0,,04/01/2023 - 08:59
Sayur-sayuran,Kentang,1998,0,998,6,31,0,0,65,0,0,49,,859,0,11.61,6,0,0,0,,04/01/2023 - 08:59
Sayur-sayuran,Kentang,1999,0,924,13,33,0,0,63,0,0,45,,796,0,10.75,6,0,0,0,,04/01/2023 - 08:59
Sayur-sayuran,Kentang,2000,0,977,11,31,0,0,74,0,0,48,,836,0,11.13,6,0,0,0,,04/01/2023 - 08:59
Sayur-sayuran,Kentang,2001,0,831,9,31,0,0,64,0,0,40,,704,0,9.26,5,0,0,0,,04/01/2023 - 08:59
Sayur-sayuran,Kentang,2002,0,894,9,28,0,0,10,0,0,44,,820,0,10.65,6,0,0,0,,04/01/2023 - 08:59
Sayur-sayuran,Kentang,2003,0,1,7,19,0,0,12,0,1,50,,935,0,11.99,6,0,0,0,,04/01/2023 - 08:59
Sayur-sayuran,Kentang,2004,0,1,9,17,0,0,13,0,1,53,,998,0,12.63,7,0,0,0,,04/01/2023 - 08:59
Sayur-sayuran,Kentang,2005,0,1,9,14,0,0,12,0,1,50,,942,0,11.74,6,0,0,0,,04/01/2023 - 08:59
Sayur-sayuran,Kentang,2006,0,1,9,86,0,0,11,0,0,47,,877,0,10.78,6,0,0,0,,04/01/2023 - 08:59
Sayur-sayuran,Kentang,2007,0,1,13,10,0,0,12,0,0,51,,944,0,11.46,6,0,0,0,,04/01/2023 - 08:59
Sayur-sayuran,Kentang,2008,0,1,13,8,0,0,13,0,0,54,,1,0,12.1,6,0,0,0,,04/01/2023 - 08:59
Sayur-sayuran,Kentang,2009,0,1,19,7,0,0,14,0,0,60,,1,0,13.03,7,0,0,0,,04/01/2023 - 08:59
Sayur-sayuran,Kentang,2010,0,1,32,7,0,0,13,0,0,55,,1,0,11.7,6,0,0,0,,04/01/2023 - 08:59
Sayur-sayuran,Kentang,2011,0,955,93,5,0,0,12,0,1,52,,978,0,0,5,0,0,0,,04/01/2023 - 08:59
Sayur-sayuran,Kentang,2012,0,1,103,5,0,0,14,0,0,60,,0,0,0,6,0,0,1,,04/01/2023 - 08:59
Sayur-sayuran,Kentang,2013,0,1,75,4,0,0,15,0,0,62,,1,0,0,6,0,0,2,,04/01/2023 - 08:59
Sayur-sayuran,Ketimun,1993,0,418,0,0,0,0,0,0,0,42,,376,2,5.49,0,0.03,0,0,,04/01/2023 - 08:59
Sayur-sayuran,Ketimun,1994,0,456,1,0,0,0,0,0,0,46,,411,2.16,5.91,0,0.03,0,0,,04/01/2023 - 08:59
Sayur-sayuran,Ketimun,1995,0,631,0,0,0,0,0,0,0,63,,568,2.94,8.04,1,0.04,0.01,0,,04/01/2023 - 08:59
Sayur-sayuran,Ketimun,1996,0,614,0,0,0,0,0,0,0,61,,553,2.81,7.7,1,0.04,0.01,0,,04/01/2023 - 08:59
Sayur-sayuran,Ketimun,1997,0,490,0,0,0,0,0,0,0,49,,441,2.21,6.05,1,0.03,0,0,,04/01/2023 - 08:59
Sayur-sayuran,Ketimun,1998,0,507,0,0,0,0,0,0,0,51,,456,2.25,6.16,0,0.01,0.01,0,,04/01/2023 - 08:59
Sayur-sayuran,Ketimun,1999,0,432,0,1,0,0,0,0,0,43,,388,1.91,5.24,0,0.01,0.01,0,,04/01/2023 - 08:59
Sayur-sayuran,Ketimun,2000,0,423,0,1,0,0,0,0,0,42,,380,1.85,5.06,0,0.01,0.01,0,,04/01/2023 - 08:59
Sayur-sayuran,Ketimun,2001,0,432,0,1,0,0,0,0,0,43,,388,1.86,5.1,0,0.01,0.01,0,,04/01/2023 - 08:59
Sayur-sayuran,Ketimun,2002,0,406,0,1,0,0,3,0,0,10,,392,1.86,5.09,0,0.01,0.01,0,,04/01/2023 - 08:59
Sayur-sayuran,Ketimun,2003,0,514,0,1,0,0,4,0,0,13,,497,2.32,6.37,0,0.01,0.01,0,,04/01/2023 - 08:59
Sayur-sayuran,Ketimun,2004,0,478,0,1,0,0,3,0,0,12,,462,2.13,5.84,0,0.01,0.01,0,,04/01/2023 - 08:59
Sayur-sayuran,Ketimun,2005,0,553,0,1,0,0,4,0,0,14,,534,2.43,6.66,0,0.01,0.01,0,,04/01/2023 - 08:59
Sayur-sayuran,Ketimun,2006,0,599,0,0,0,0,4,0,0,15,,579,2.6,7.12,0,0.01,0.01,0,,04/01/2023 - 08:59
Sayur-sayuran,Ketimun,2007,0,581,0,0,0,0,4,0,0,14,,562,2.49,6.83,0,0.01,0.01,0,,04/01/2023 - 08:59
Sayur-sayuran,Ketimun,2008,0,540,0,0,0,0,4,0,0,13,,523,2.29,6.27,0,0.01,0.01,0,,04/01/2023 - 08:59
Sayur-sayuran,Ketimun,2009,0,583,0,0,0,0,4,0,0,14,,564,2.41,6.6,0,0.01,0.01,0,,04/01/2023 - 08:59
Sayur-sayuran,Ketimun,2010,0,547,0,0,0,0,4,0,0,14,,530,2.22,6.08,0,0.01,0.01,0,,04/01/2023 - 08:59
Sayur-sayuran,Ketimun,2011,0,522,0,0,0,0,4,0,0,13,,505,2.09,5.72,0,0.01,0,0,,04/01/2023 - 08:59
Sayur-sayuran,Ketimun,2012,0,511,0,0,0,0,4,0,0,13,,495,2.02,5.53,0,0.01,0,1,,04/01/2023 - 08:59
Sayur-sayuran,Ketimun,2013,0,600,0,0,0,0,4,0,0,15,,581,2.34,6.4,0,0.01,0.01,2,,04/01/2023 - 08:59
Sayur-sayuran,Kubis/Kol,1993,0,1,0,70,0,0,0,0,0,120,,1,0,15.71,3,0,0,0,,04/01/2023 - 08:59
Sayur-sayuran,Kubis/Kol,1994,0,1,0,69,0,0,0,0,0,135,,1,0,17.45,3,0,0,0,,04/01/2023 - 08:59
Sayur-sayuran,Kubis/Kol,1995,0,1,0,61,0,0,0,0,0,156,,1,0,19.94,4,0,0,0,,04/01/2023 - 08:59
Sayur-sayuran,Kubis/Kol,1996,0,1,0,62,0,0,0,0,0,152,,1,0,19.02,3,0,0,0,,04/01/2023 - 08:59
Sayur-sayuran,Kubis/Kol,1997,0,1,2,44,0,0,0,0,0,130,,1,0,16,3,0,0,0,,04/01/2023 - 08:59
Sayur-sayuran,Kubis/Kol,1998,0,1,0,31,0,0,0,0,0,143,,1,0,17.36,3,0,0,0,,04/01/2023 - 08:59
Sayur-sayuran,Kubis/Kol,1999,0,1,0,36,0,0,0,0,0,141,,1,0,17.17,3,0,0,0,,04/01/2023 - 08:59
Sayur-sayuran,Kubis/Kol,2000,0,1406.9846,3.626,53.6159,0,0,0,0,0,32.703571,0,1324.2911,4.9011,13.4276,1.8127,0.1057,0.015106,0,,04/01/2023 - 08:59
Sayur-sayuran,Kubis/Kol,2001,0,1,0,47,0,0,0,0,0,116,,1,0,13.71,2,0,0,0,,04/01/2023 - 08:59
Sayur-sayuran,Kubis/Kol,2002,0,1,0,39,0,0,0,0,0,67,,1,0,14.64,3,0,0,0,,04/01/2023 - 08:59
Sayur-sayuran,Kubis/Kol,2003,0,1,0,41,0,0,0,0,0,73,,1,0,15.83,3,0,0,0,,04/01/2023 - 08:59
Sayur-sayuran,Kubis/Kol,2004,0,1,0,32,0,0,0,0,0,78,,1,0,16.74,3,0,0,0,,04/01/2023 - 08:59
Sayur-sayuran,Kubis/Kol,2005,0,1,0,36,0,0,0,0,0,70,,1,0,14.79,3,0,0,0,,04/01/2023 - 08:59
Sayur-sayuran,Kubis/Kol,2006,0,1,0,33,0,0,0,0,0,69,,1,0,14.35,3,0,0,0,,04/01/2023 - 08:59
Sayur-sayuran,Kubis/Kol,2007,0,1,0,43,0,0,0,0,0,70,,1,0,14.28,3,0,0,0,,04/01/2023 - 08:59
Sayur-sayuran,Kubis/Kol,2008,0,1,0,36,0,0,0,0,0,72,,1,0,14.58,3,0,0,0,,04/01/2023 - 08:59
Sayur-sayuran,Kubis/Kol,2009,0,1,0,41,0,0,0,0,0,74,,1,0,14.54,3,0,0,0,,04/01/2023 - 08:59
Sayur-sayuran,Kubis/Kol,2010,0,1,1,30,0,0,0,0,0,76,,1,0,14.71,3,0,0,0,,04/01/2023 - 08:59
Sayur-sayuran,Kubis/Kol,2011,0,1,2,22,0,0,0,0,0,75,,1,0,0,2,0,0,0,,04/01/2023 - 08:59
Sayur-sayuran,Kubis/Kol,2012,0,1,1,45,0,0,0,0,0,79,,1,0,0,2,0,0,1,,04/01/2023 - 08:59
Sayur-sayuran,Kubis/Kol,2013,0,1,0,39,0,0,0,0,0,77,,1,0,14.23,2,0,0,2,,04/01/2023 - 08:59
Sayur-sayuran,Labu Siam,1993,0,142,0,0,0,0,0,0,0,14,,128,0.68,1.87,0,0.01,0,0,,04/01/2023 - 08:59
Sayur-sayuran,Labu Siam,1994,0,146,0,0,0,0,0,0,0,15,,131,0.69,1.89,0,0.01,0,0,,04/01/2023 - 08:59
Sayur-sayuran,Labu Siam,1995,0,47,0,0,0,0,0,0,0,5,,42,0.22,0.59,0,0,0,0,,04/01/2023 - 08:59
Sayur-sayuran,Labu Siam,1996,0,45,0,0,0,0,0,0,0,5,,40,0.2,0.56,0,0,0,0,,04/01/2023 - 08:59
Sayur-sayuran,Labu Siam,1997,0,41,0,0,0,0,0,0,0,4,,37,0.19,0.51,0,0,0,0,,04/01/2023 - 08:59
Sayur-sayuran,Labu Siam,1998,0,85,0,0,0,0,0,0,0,9,,77,0.38,1.03,0,0.01,0,0,,04/01/2023 - 08:59
Sayur-sayuran,Labu Siam,1999,0,121,0,0,0,0,0,0,0,12,,109,0.54,1.47,0,0.01,0,0,,04/01/2023 - 08:59
Sayur-sayuran,Labu Siam,2000,0,159,0,0,0,0,0,0,0,16,,143,0.69,1.9,0,0.01,0,0,,04/01/2023 - 08:59
Sayur-sayuran,Labu Siam,2001,0,135,0,0,0,0,0,0,0,13,,121,0.58,1.59,0,0.01,0,0,,04/01/2023 - 08:59
Sayur-sayuran,Labu Siam,2002,0,172,0,0,0,0,1,0,0,5,,167,0.79,2.16,0,0.01,0,0,,04/01/2023 - 08:59
Sayur-sayuran,Labu Siam,2003,0,103,0,0,0,0,0,0,0,3,,100,0.47,1.28,0,0.01,0,0,,04/01/2023 - 08:59
Sayur-sayuran,Labu Siam,2004,0,180,0,0,0,0,1,0,0,5,,174,0.8,2.2,0,0.01,0,0,,04/01/2023 - 08:59
Sayur-sayuran,Labu Siam,2005,0,180,0,0,0,0,1,0,0,5,,174,0.79,2.17,0,0.01,0,0,,04/01/2023 - 08:59
Sayur-sayuran,Labu Siam,2006,0,213,0,0,0,0,1,0,0,6,,206,0.92,2.53,0,0.02,0,0,,04/01/2023 - 08:59
Sayur-sayuran,Labu Siam,2007,0,254,0,0,0,0,1,0,0,7,,246,1.09,2.99,1,0.02,0,0,,04/01/2023 - 08:59
Sayur-sayuran,Labu Siam,2008,0,394,0,0,0,0,2,0,0,11,,382,4.58,1,0.03,0.01,0,0,,04/01/2023 - 08:59
Sayur-sayuran,Labu Siam,2009,0,321,0,0,0,0,1,0,0,9,,311,1.33,3.63,1,0.02,0.01,0,,04/01/2023 - 08:59
Sayur-sayuran,Labu Siam,2010,0,370,0,0,0,0,2,0,0,10,,358,1.5,4.11,1,0.03,0.01,0,,04/01/2023 - 08:59
Sayur-sayuran,Labu Siam,2011,0,428,0,0,0,0,2,0,0,12,,415,1.71,4.69,1,0.02,0,0,,04/01/2023 - 08:59
Sayur-sayuran,Labu Siam,2012,0,428,0,1,0,0,2,0,0,12,,413,1.68,4.62,1,0.02,0,1,,04/01/2023 - 08:59
Sayur-sayuran,Labu Siam,2013,0,542,0,1,0,0,2,0,0,15,,525,2.11,5.78,1,0.03,0,2,,04/01/2023 - 08:59
Sayur-sayuran,Lobak,1993,0,55,0,0,0,0,0,0,0,6,,49,0,0.72,0,0.01,0,0,,04/01/2023 - 08:59
Sayur-sayuran,Lobak,1994,0,58,0,0,0,0,0,0,0,6,,52,0,0.74,0,0,0,0,,04/01/2023 - 08:59
Sayur-sayuran,Lobak,1995,0,62,0,0,0,0,0,0,0,6,,56,0,0.79,0,0.01,0,0,,04/01/2023 - 08:59
Sayur-sayuran,Lobak,1996,0,56,0,0,0,0,0,0,0,6,,50,0,0.7,0,0.01,0,0,,04/01/2023 - 08:59
Sayur-sayuran,Lobak,1997,0,50,0,0,0,0,0,0,0,5,,45,0,0.62,0,0,0,0,,04/01/2023 - 08:59
Sayur-sayuran,Lobak,1998,0,13,0,0,0,0,0,0,0,1,,12,0,0.16,0,0,0,0,,04/01/2023 - 08:59
Sayur-sayuran,Lobak,1999,0,14,0,0,0,0,0,0,0,1,,13,0,0.17,0,0,0,0,,04/01/2023 - 08:59
Sayur-sayuran,Lobak,2000,0,8,0,0,0,0,0,0,0,1,,7,0,0.09,0,0,0,0,,04/01/2023 - 08:59
Sayur-sayuran,Lobak,2001,0,7,0,0,0,0,0,0,0,1,,6,0,0.08,0,0,0,0,,04/01/2023 - 08:59
Sayur-sayuran,Lobak,2002,0,8,0,0,0,0,0,0,0,0,,8,0,0.1,0,0,0,0,,04/01/2023 - 08:59
Sayur-sayuran,Lobak,2003,0,26,0,0,0,0,0,0,0,1,,26,0,0.33,0,0,0,0,,04/01/2023 - 08:59
Sayur-sayuran,Lobak,2004,0,31,0,0,0,0,0,0,0,1,,30,0,0.38,0,0,0,0,,04/01/2023 - 08:59
Sayur-sayuran,Lobak,2005,0,54,0,0,0,0,0,0,0,2,,53,0,0.65,0,0,0,0,,04/01/2023 - 08:59
Sayur-sayuran,Lobak,2006,0,49,0,0,0,0,0,0,0,1,,48,0,0.59,0,0,0,0,,04/01/2023 - 08:59
Sayur-sayuran,Lobak,2007,0,42,0,0,0,0,0,0,0,1,,41,0,0.49,0,0,0,0,,04/01/2023 - 08:59
Sayur-sayuran,Lobak,2008,0,48,0,0,0,0,0,0,0,1,,47,0,0.56,0,0,0,0,,04/01/2023 - 08:59
Sayur-sayuran,Lobak,2009,0,30,0,0,0,0,0,0,0,1,,29,0,0.34,0,0,0,0,,04/01/2023 - 08:59
Sayur-sayuran,Lobak,2010,0,32,0,0,0,0,0,0,0,1,,31,0,0.36,0,0,0,0,,04/01/2023 - 08:59
Sayur-sayuran,Lobak,2011,0,27,0,0,0,0,0,0,0,1,,26,0,0,0,0,0,0,,04/01/2023 - 08:59
Sayur-sayuran,Lobak,2012,0,39,0,0,0,0,0,0,0,1,,38,0,0.42,0,0,0,1,,04/01/2023 - 08:59
Sayur-sayuran,Lobak,2013,0,70,0,0,0,0,0,0,0,2,,68,0,0.75,0,0.01,0,2,,04/01/2023 - 08:59
Sayur-sayuran,Melinjo,1993,0,0,0,0,0,0,0,0,0,0,,0,0,0,0,0,0,-,,04/01/2023 - 08:59
Sayur-sayuran,Melinjo,1994,0,0,0,0,0,0,0,0,0,0,,0,0,0,0,0,0,-,,04/01/2023 - 08:59
Sayur-sayuran,Melinjo,1995,0,0,0,0,0,0,0,0,0,0,,0,0,0,0,0,0,-,,04/01/2023 - 08:59
Sayur-sayuran,Melinjo,1996,0,0,0,0,0,0,0,0,0,0,,0,0,0,0,0,0,-,,04/01/2023 - 08:59
Sayur-sayuran,Melinjo,1997,0,0,0,0,0,0,0,0,0,0,,0,0,0,0,0,0,-,,04/01/2023 - 08:59
Sayur-sayuran,Melinjo,1998,0,0,0,0,0,0,0,0,0,0,,0,0,0,0,0,0,-,,04/01/2023 - 08:59
Sayur-sayuran,Melinjo,1999,0,0,0,0,0,0,0,0,0,0,,0,0,0,0,0,0,-,,04/01/2023 - 08:59
Sayur-sayuran,Melinjo,2000,0,0,0,0,0,0,0,0,0,0,,0,0,0,0,0,0,-,,04/01/2023 - 08:59
Sayur-sayuran,Melinjo,2001,0,0,0,0,0,0,0,0,0,0,,0,0,0,0,0,0,-,,04/01/2023 - 08:59
Sayur-sayuran,Melinjo,2002,0,0,0,0,0,0,0,0,0,0,,0,0,0,0,0,0,-,,04/01/2023 - 08:59
Sayur-sayuran,Melinjo,2003,0,0,0,0,0,0,0,0,0,0,,0,0,0,0,0,0,-,,04/01/2023 - 08:59
Sayur-sayuran,Melinjo,2004,0,0,0,0,0,0,0,0,0,0,,0,0,0,0,0,0,-,,04/01/2023 - 08:59
Sayur-sayuran,Melinjo,2005,0,211,0,0,0,0,0,0,0,6,,205,0.93,2.56,1,0.08,0.01,0,,04/01/2023 - 08:59
Sayur-sayuran,Melinjo,2006,0,239,0,0,0,0,0,0,0,6,,233,1.05,2.87,1,0.09,0.01,0,,04/01/2023 - 08:59
Sayur-sayuran,Melinjo,2007,0,206,0,0,0,0,0,0,0,5,,200,0.89,2.43,1,0.07,0.01,0,,04/01/2023 - 08:59
Sayur-sayuran,Melinjo,2008,0,231,0,0,0,0,0,0,0,6,,225,0.98,2.69,1,0.08,0.01,0,,04/01/2023 - 08:59
Sayur-sayuran,Melinjo,2009,0,221,0,0,0,0,0,0,0,6,,215,0.92,2.52,1,0.08,0.01,0,,04/01/2023 - 08:59
Sayur-sayuran,Melinjo,2010,0,214,0,0,0,0,0,0,0,6,,209,0.88,2.4,1,0.07,0.01,0,,04/01/2023 - 08:59
Sayur-sayuran,Melinjo,2011,0,218,0,0,0,0,0,0,0,6,,212,0.88,2.4,1,0.07,0.01,0,,04/01/2023 - 08:59
Sayur-sayuran,Melinjo,2012,0,224,0,0,0,0,0,0,0,6,,218,0.89,2.44,1,0.07,0.01,1,,04/01/2023 - 08:59
Sayur-sayuran,Melinjo,2013,0,252,0,0,0,0,0,0,0,7,,246,0.99,2.7,1,0.08,0.01,2,,04/01/2023 - 08:59
Sayur-sayuran,Petai,1993,0,0,0,0,0,0,0,0,0,0,,0,0,0,0,0,0,-,,04/01/2023 - 08:59
Sayur-sayuran,Petai,1994,0,0,0,0,0,0,0,0,0,0,,0,0,0,0,0,0,-,,04/01/2023 - 08:59
Sayur-sayuran,Petai,1995,0,0,0,0,0,0,0,0,0,0,,0,0,0,0,0,0,-,,04/01/2023 - 08:59
Sayur-sayuran,Petai,1996,0,0,0,0,0,0,0,0,0,0,,0,0,0,0,0,0,-,,04/01/2023 - 08:59
Sayur-sayuran,Petai,1997,0,0,0,0,0,0,0,0,0,0,,0,0,0,0,0,0,-,,04/01/2023 - 08:59
Sayur-sayuran,Petai,1998,0,0,0,0,0,0,0,0,0,0,,0,0,0,0,0,0,-,,04/01/2023 - 08:59
Sayur-sayuran,Petai,1999,0,0,0,0,0,0,0,0,0,0,,0,0,0,0,0,0,-,,04/01/2023 - 08:59
Sayur-sayuran,Petai,2000,0,0,0,0,0,0,0,0,0,0,,0,0,0,0,0,0,-,,04/01/2023 - 08:59
Sayur-sayuran,Petai,2001,0,0,0,0,0,0,0,0,0,0,,0,0,0,0,0,0,-,,04/01/2023 - 08:59
Sayur-sayuran,Petai,2002,0,0,0,0,0,0,0,0,0,0,,0,0,0,0,0,0,-,,04/01/2023 - 08:59
Sayur-sayuran,Petai,2003,0,0,0,0,0,0,0,0,0,0,,0,0,0,0,0,0,-,,04/01/2023 - 08:59
Sayur-sayuran,Petai,2004,0,0,0,0,0,0,0,0,0,0,,0,0,0,0,0,0,-,,04/01/2023 - 08:59
Sayur-sayuran,Petai,2005,0,126,0,0,0,0,0,0,0,3,,122,0.56,1.52,1,0.06,0.01,0,,04/01/2023 - 08:59
Sayur-sayuran,Petai,2006,0,148,0,0,0,0,0,0,0,4,,144,0.65,1.78,1,0.07,0.01,0,,04/01/2023 - 08:59
Sayur-sayuran,Petai,2007,0,179,0,0,0,0,0,0,0,5,,174,0.77,2.11,1,0.08,0.02,0,,04/01/2023 - 08:59
Sayur-sayuran,Petai,2008,0,214,0,0,0,0,0,0,0,6,,208,0.91,2.49,1,0.09,0.02,0,,04/01/2023 - 08:59
Sayur-sayuran,Petai,2009,0,184,0,0,0,0,0,0,0,5,,179,0.76,2.09,1,0.08,0.02,0,,04/01/2023 - 08:59
Sayur-sayuran,Petai,2010,0,140,0,0,0,0,0,0,0,4,,136,0.57,1.57,1,0.06,0.01,0,,04/01/2023 - 08:59
Sayur-sayuran,Petai,2011,0,219,0,0,0,0,0,0,0,6,,213,0.88,2.41,0,0.03,0.01,0,,04/01/2023 - 08:59
Sayur-sayuran,Petai,2012,0,216,0,0,0,0,0,0,0,6,,211,0.86,2.35,0,0.03,0.01,1,,04/01/2023 - 08:59
Sayur-sayuran,Petai,2013,0,149,0,0,0,0,0,0,0,4,,145,0.58,1.59,0,0.02,0,2,,04/01/2023 - 08:59
Sayur-sayuran,Petsai/Sawi,1993,0,430,0,0,0,0,0,0,0,43,,387,0,5.65,1,0,0,0,,04/01/2023 - 08:59
Sayur-sayuran,Petsai/Sawi,1994,0,456,0,0,0,0,0,0,0,46,,410,0,5.89,1,0,0,0,,04/01/2023 - 08:59
Sayur-sayuran,Petsai/Sawi,1995,0,530,0,0,0,0,0,0,0,53,,477,0,6.75,1,0,0,0,,04/01/2023 - 08:59
Sayur-sayuran,Petsai/Sawi,1996,0,593,0,0,0,0,0,0,0,59,,534,0,7.43,1,0,0,0,,04/01/2023 - 08:59
Sayur-sayuran,Petsai/Sawi,1997,0,442,0,0,0,0,0,0,0,44,,398,0,5.45,1,0,0,0,,04/01/2023 - 08:59
Sayur-sayuran,Petsai/Sawi,1998,0,462,0,0,0,0,0,0,0,46,,416,0,5.62,0,0,0,0,,04/01/2023 - 08:59
Sayur-sayuran,Petsai/Sawi,1999,0,470,0,0,0,0,0,0,0,47,,423,0,5.71,0,0,0,0,,04/01/2023 - 08:59
Sayur-sayuran,Petsai/Sawi,2000,0,455,0,0,0,0,0,0,0,45,,409,0,5.45,0,0,0,0,,04/01/2023 - 08:59
Sayur-sayuran,Petsai/Sawi,2001,0,434,0,0,0,0,0,0,0,43,,391,0,5.13,0,0,0,0,,04/01/2023 - 08:59
Sayur-sayuran,Petsai/Sawi,2002,0,461,0,0,0,0,0,0,0,11,,450,0,5.84,0,0,0,0,,04/01/2023 - 08:59
Sayur-sayuran,Petsai/Sawi,2003,0,459,0,0,0,0,0,0,0,11,,448,0,5.74,0,0,0,0,,04/01/2023 - 08:59
Sayur-sayuran,Petsai/Sawi,2004,0,535,0,0,0,0,0,0,0,13,,522,0,6.61,0,0,0,0,,04/01/2023 - 08:59
Sayur-sayuran,Petsai/Sawi,2005,0,548,0,0,0,0,0,0,0,13,,535,0,6.67,0,0.04,0.01,0,,04/01/2023 - 08:59
Sayur-sayuran,Petsai/Sawi,2006,0,590,0,0,0,0,0,0,0,15,,576,0,7.08,0,0,0,0,,04/01/2023 - 08:59
Sayur-sayuran,Petsai/Sawi,2007,0,565,0,0,0,0,0,0,0,14,,551,0,6.69,0,0,0,0,,04/01/2023 - 08:59
Sayur-sayuran,Petsai/Sawi,2008,0,566,0,0,0,0,0,0,0,14,,552,0,6.61,0,0,0,0,,04/01/2023 - 08:59
Sayur-sayuran,Petsai/Sawi,2009,0,563,0,0,0,0,0,0,0,14,,549,0,6.42,0,0,0,0,,04/01/2023 - 08:59
Sayur-sayuran,Petsai/Sawi,2010,0,584,0,0,0,0,0,0,0,14,,569,0,6.54,0,0,0,0,,04/01/2023 - 08:59
Sayur-sayuran,Petsai/Sawi,2011,0,581,0,0,0,0,0,0,0,14,,567,0,0,0,0,0,0,,04/01/2023 - 08:59
Sayur-sayuran,Petsai/Sawi,2012,0,595,0,0,0,0,0,0,0,15,,580,0,6.48,0,0,0,1,,04/01/2023 - 08:59
Sayur-sayuran,Petsai/Sawi,2013,0,632,0,0,0,0,0,0,0,16,,617,0,6.79,0,0,0,2,,04/01/2023 - 08:59
Sayur-sayuran,Lainnya sayur-sayuran,1993,0,0,0,0,0,0,0,0,0,0,,0,0,0,0,0,0,-,,04/01/2023 - 08:59
Sayur-sayuran,Lainnya sayur-sayuran,1994,0,106,0,0,0,0,0,0,0,11,,95,0.5,1.37,0,0.02,0,0,,04/01/2023 - 08:59
Sayur-sayuran,Lainnya sayur-sayuran,1995,0,0,0,0,0,0,0,0,0,0,,0,0,0,0,0,0,0,,04/01/2023 - 08:59
Sayur-sayuran,Lainnya sayur-sayuran,1996,0,0,0,0,0,0,0,0,0,0,,0,0,0,0,0,0,0,,04/01/2023 - 08:59
Sayur-sayuran,Lainnya sayur-sayuran,1997,0,153,0,0,0,0,0,0,0,15,,138,0.69,1.89,0,0.04,0.01,0,,04/01/2023 - 08:59
Sayur-sayuran,Lainnya sayur-sayuran,1998,0,0,0,0,0,0,0,0,0,0,,0,0,0,0,0,0,0,,04/01/2023 - 08:59
Sayur-sayuran,Lainnya sayur-sayuran,1999,0,0,0,0,0,0,0,0,0,0,,0,0,0,0,0,0,0,,04/01/2023 - 08:59
Sayur-sayuran,Lainnya sayur-sayuran,2000,0,0,0,0,0,0,0,0,0,0,,0,0,0,0,0,0,0,,04/01/2023 - 08:59
Sayur-sayuran,Lainnya sayur-sayuran,2001,0,0,0,0,0,0,0,0,0,0,,0,0,0,0,0,0,0,,04/01/2023 - 08:59
Sayur-sayuran,Lainnya sayur-sayuran,2002,0,0,0,0,0,0,0,0,0,0,,0,0,0,0,0,0,0,,04/01/2023 - 08:59
Sayur-sayuran,Lainnya sayur-sayuran,2003,0,0,0,0,0,0,0,0,0,0,,0,0,0,0,0,0,0,,04/01/2023 - 08:59
Sayur-sayuran,Lainnya sayur-sayuran,2004,0,0,0,0,0,0,0,0,0,0,,0,0,0,0,0,0,0,,04/01/2023 - 08:59
Sayur-sayuran,Lainnya sayur-sayuran,2005,0,0,0,0,0,0,0,0,0,0,,0,0,0,0,0,0,0,,04/01/2023 - 08:59
Sayur-sayuran,Lainnya sayur-sayuran,2006,0,0,0,0,0,0,0,0,0,0,,0,0,0,0,0,0,0,,04/01/2023 - 08:59
Sayur-sayuran,Lainnya sayur-sayuran,2007,0,0,0,0,0,0,0,0,0,0,,0,0,0,0,0,0,0,,04/01/2023 - 08:59
Sayur-sayuran,Lainnya sayur-sayuran,2008,0,2,0,0,0,0,0,0,0,0,,2,0.01,0.02,0,0,0,0,,04/01/2023 - 08:59
Sayur-sayuran,Lainnya sayur-sayuran,2009,0,4,0,0,0,0,0,0,0,0,,4,0.02,0.05,0,0,0,0,,04/01/2023 - 08:59
Sayur-sayuran,Lainnya sayur-sayuran,2010,0,6,0,0,0,0,0,0,0,0,,5,0.02,0.06,0,0,0,0,,04/01/2023 - 08:59
Sayur-sayuran,Lainnya sayur-sayuran,2011,0,13,0,0,0,0,0,0,0,0,,13,0.05,0.14,0,0.03,0,0,,04/01/2023 - 08:59
Sayur-sayuran,Lainnya sayur-sayuran,2012,0,9,0,0,0,0,0,0,0,0,,8,0.03,0.09,0,0.02,0,1,,04/01/2023 - 08:59
Sayur-sayuran,Lainnya sayur-sayuran,2013,0,26,0,0,0,0,0,0,0,1,,25,0.1,0.28,0,0.06,0,2,,04/01/2023 - 08:59
Sayur-sayuran,Terong,1993,0,247,0,0,0,0,0,0,0,25,,222,1.18,3.24,1,0.03,0.01,0,,04/01/2023 - 08:59
Sayur-sayuran,Terong,1994,0,261,0,0,0,0,0,0,0,26,,235,1.23,3.37,1,0.03,0.01,0,,04/01/2023 - 08:59
Sayur-sayuran,Terong,1995,0,390,0,0,0,0,0,0,0,39,,351,1.81,4.97,1,0.05,0.01,0,,04/01/2023 - 08:59
Sayur-sayuran,Terong,1996,0,365,0,0,0,0,0,0,0,37,,328,1.67,4.57,1,0.04,0.01,0,,04/01/2023 - 08:59
Sayur-sayuran,Terong,1997,0,280,0,0,0,0,0,0,0,28,,252,1.26,3.45,1,0.03,0.01,0,,04/01/2023 - 08:59
Sayur-sayuran,Terong,1998,0,312,0,0,0,0,0,0,0,31,,281,1.38,3.79,1,0.04,0.03,0,,04/01/2023 - 08:59
Sayur-sayuran,Terong,1999,0,300,0,1,0,0,0,0,0,30,,269,1.33,3.63,1,0.04,0.03,0,,04/01/2023 - 08:59
Sayur-sayuran,Terong,2000,0,271,0,1,0,0,0,0,0,27,,243,1.18,3.23,1,0.03,0.03,0,,04/01/2023 - 08:59
Sayur-sayuran,Terong,2001,0,244,0,1,0,0,0,0,0,24,,219,1.05,2.88,1,0.03,0.03,0,,04/01/2023 - 08:59
Sayur-sayuran,Terong,2002,0,273,0,1,0,0,2,0,0,7,,263,1.25,3.41,1,0.04,0.03,0,,04/01/2023 - 08:59
Sayur-sayuran,Terong,2003,0,301,0,2,0,0,2,0,0,8,,290,1.35,3.71,1,0.04,0.03,0,,04/01/2023 - 08:59
Sayur-sayuran,Terong,2004,0,312,0,1,0,0,2,0,0,8,,301,1.39,3.81,1,0.04,0.03,0,,04/01/2023 - 08:59
Sayur-sayuran,Terong,2005,0,333,0,1,0,0,2,0,0,8,,321,1.46,4.01,1,0.04,0.04,0,,04/01/2023 - 08:59
Sayur-sayuran,Terong,2006,0,358,0,0,0,0,3,0,0,9,,346,1.55,4.26,1,0.05,0.04,0,,04/01/2023 - 08:59
Sayur-sayuran,Terong,2007,0,391,0,0,0,0,3,0,0,10,,378,1.67,4.59,1,0.05,0.04,0,,04/01/2023 - 08:59
Sayur-sayuran,Terong,2008,0,427,0,1,0,0,3,0,0,11,,413,1.81,4.95,1,0.05,0.04,0,,04/01/2023 - 08:59
Sayur-sayuran,Terong,2009,0,452,0,1,0,0,3,0,0,11,,436,1.86,5.1,1,0.05,0.04,0,,04/01/2023 - 08:59
Sayur-sayuran,Terong,2010,0,482,0,1,0,0,4,0,0,12,,466,1.95,5.35,1,0.06,0.05,0,,04/01/2023 - 08:59
Sayur-sayuran,Terong,2011,0,519,0,1,0,0,4,0,0,13,,501,2.07,5.67,2,0.08,0.03,0,,04/01/2023 - 08:59
Sayur-sayuran,Terong,2012,0,519,0,2,0,0,4,0,0,13,,500,2.04,5.59,2,0.07,0.03,1,,04/01/2023 - 08:59
Daging,Petsai/Sawi,2013,0,576,0,1,0,0,4,0,0,14,,556,2.24,6.13,2,0.08,0.03,2,,04/01/2023 - 08:59
Sayur-sayuran,Tomat,1993,0,362,2,4,0,0,0,0,0,36,,324,1.73,4.73,1,0.04,0.01,0,,04/01/2023 - 08:59
Sayur-sayuran,Tomat,1994,0,476,0,4,0,0,0,0,0,47,,425,2.23,6.11,1,0.06,0.02,0,,04/01/2023 - 08:59
Sayur-sayuran,Tomat,1995,0,652,0,3,0,0,0,0,0,65,,584,3.02,8.27,2,0.08,0.02,0,,04/01/2023 - 08:59
Sayur-sayuran,Tomat,1996,0,592,0,3,0,0,0,0,0,59,,530,2.69,7.38,1,0.07,0.02,0,,04/01/2023 - 08:59
Sayur-sayuran,Tomat,1997,0,461,5,1,0,0,0,0,0,47,,418,2.09,5.73,1,0.05,0.02,0,,04/01/2023 - 08:59
Sayur-sayuran,Tomat,1998,0,547,0,1,0,0,0,0,0,55,,491,2.42,6.64,2,0.09,0.03,0,,04/01/2023 - 08:59
Sayur-sayuran,Tomat,1999,0,562,0,2,0,0,0,0,0,56,,504,2.48,6.81,2,0.09,0.03,0,,04/01/2023 - 08:59
Sayur-sayuran,Tomat,2000,0,593,1,2,0,0,0,0,0,59,,533,2.59,7.1,2,0.09,0.04,0,,04/01/2023 - 08:59
Sayur-sayuran,Tomat,2001,0,484,0,2,0,0,0,0,0,48,,434,2.08,5.7,1,0.07,0.03,0,,04/01/2023 - 08:59
Sayur-sayuran,Tomat,2002,0,574,2,1,0,0,4,0,0,51,,519,2.46,6.74,2,0.09,0.03,0,,04/01/2023 - 08:59
Sayur-sayuran,Tomat,2003,0,657,0,1,0,0,5,0,0,58,,595,2.78,7.62,2,0.1,0.04,0,,04/01/2023 - 08:59
Sayur-sayuran,Tomat,2004,0,627,0,1,0,0,4,0,0,55,,566,2.62,7.17,2,0.09,0.04,0,,04/01/2023 - 08:59
Sayur-sayuran,Tomat,2005,0,647,0,1,0,0,5,0,0,57,,584,2.66,7.28,2,0.09,0.04,0,,04/01/2023 - 08:59
Sayur-sayuran,Tomat,2006,0,630,0,0,0,0,4,0,0,56,,570,2.56,7.01,2,0.09,0.04,0,,04/01/2023 - 08:59
Sayur-sayuran,Tomat,2007,0,635,0,2,0,0,5,0,0,56,,573,2.54,6.96,2,0,0,0,,04/01/2023 - 08:59
Sayur-sayuran,Tomat,2008,0,726,0,1,0,0,5,0,0,64,,656,2.87,7.87,2,0.1,0,0,,04/01/2023 - 08:59
Sayur-sayuran,Tomat,2009,0,853,0,1,0,0,6,0,0,75,,771,3.29,9.01,2,0.12,0.05,0,,04/01/2023 - 08:59
Sayur-sayuran,Tomat,2010,0,892,0,1,0,0,6,0,0,79,,806,3.38,9.26,2,0.12,0.05,0,,04/01/2023 - 08:59
Sayur-sayuran,Tomat,2011,0,954,0,1,0,0,7,0,0,84,,862,3.56,9.76,2,0.09,0.03,0,,04/01/2023 - 08:59
Sayur-sayuran,Tomat,2012,0,893,11,0,0,0,6,0,0,80,,818,3.33,9.13,2,0.08,0.03,1,,04/01/2023 - 08:59
Sayur-sayuran,Tomat,2013,0,1,9,0,0,0,7,0,0,91,,936,3.76,10.3,2,0.09,0.03,2,,04/01/2023 - 08:59
Sayur-sayuran,Wortel,1993,0,192,0,3,0,0,0,0,0,19,,170,0.91,2.48,1,0.03,0.01,0,,04/01/2023 - 08:59
Sayur-sayuran,Wortel,1994,0,234,0,2,0,0,0,0,0,23,,209,1.1,3.01,1,0.03,0.01,0,,04/01/2023 - 08:59
Sayur-sayuran,Wortel,1995,0,247,0,2,0,0,0,0,0,25,,220,1.14,3.12,1,0.03,0.01,0,,04/01/2023 - 08:59
Sayur-sayuran,Wortel,1996,0,270,0,1,0,0,0,0,0,27,,242,1.23,3.37,1,0.04,0.01,0,,04/01/2023 - 08:59
Sayur-sayuran,Wortel,1997,0,227,0,0,0,0,0,0,0,23,,204,1.02,2.8,1,0.03,0.01,0,,04/01/2023 - 08:59
Sayur-sayuran,Wortel,1998,0,333,0,1,0,0,0,0,0,33,,299,1.47,4.04,1,0.03,0.02,0,,04/01/2023 - 08:59
Sayur-sayuran,Wortel,1999,0,287,0,1,0,0,0,0,0,29,,258,1.27,3.49,1,0.03,0.02,0,,04/01/2023 - 08:59
Sayur-sayuran,Wortel,2000,0,327,0,1,0,0,0,0,0,33,,294,1.43,3.91,1,0.03,0.02,0,,04/01/2023 - 08:59
Sayur-sayuran,Wortel,2001,0,301,0,0,0,0,0,0,0,30,,271,1.3,3.56,1,0.03,0.02,0,,04/01/2023 - 08:59
Sayur-sayuran,Wortel,2002,0,282,1,2,0,0,0,0,0,7,,275,1.3,3.75,1,0.03,0.02,0,,04/01/2023 - 08:59
Sayur-sayuran,Wortel,2003,0,355.8,1.64,0.95,0,0,0,0,0.18,8.77,,347.54,1.63,4.46,1,0.04,0.02,0,,04/01/2023 - 08:59
Sayur-sayuran,Wortel,2004,0,424,5,0,0,0,0,0,0,11,,418,1.93,5.29,2,0.04,0.03,0,,04/01/2023 - 08:59
Sayur-sayuran,Wortel,2005,0,440,7,0,0,0,0,0,0,11,,436,1.98,5.43,2,0.04,0.03,0,,04/01/2023 - 08:59
Sayur-sayuran,Wortel,2006,0,391,8,0,0,0,0,0,0,10,,389,1.75,4.79,1,0.04,0.02,0,,04/01/2023 - 08:59
Sayur-sayuran,Wortel,2007,0,350,20,0,0,0,0,0,0,9,,361,1.6,4.39,1,0.04,0.02,0,,04/01/2023 - 08:59
Sayur-sayuran,Wortel,2008,0,367,18,0,0,0,0,0,0,9,,376,1.65,4.51,1,0.04,0.02,0,,04/01/2023 - 08:59
Sayur-sayuran,Wortel,2009,0,358,20,0,0,0,0,0,0,9,,368,1.57,4.31,1,0.03,0.02,0,,04/01/2023 - 08:59
Sayur-sayuran,Wortel,2010,0,404,34,0,0,0,0,0,0,11,,427,1.79,4.9,1,0.04,0.02,0,,04/01/2023 - 08:59
Sayur-sayuran,Wortel,2011,0,527,42,0,0,0,0,0,0,14,,555,2.29,6.28,2,0.04,0.03,0,,04/01/2023 - 08:59
Sayur-sayuran,Wortel,2012,0,466,55,0,0,0,0,0,0,13,,508,2.07,5.67,1,0.04,0.02,1,,04/01/2023 - 08:59
Sayur-sayuran,Wortel,2013,0,439,14,0,0,0,0,0,0,11,,442,1.78,4.86,1,0.03,0.02,2,,04/01/2023 - 08:59
Daging,Daging Ayam Buras,1993,220,128,0,0,0,0,0,0,0,6,,122,0.65,1.78,5,0.32,0.45,0,,04/01/2023 - 08:59
Daging,Daging Ayam Buras,1994,256,149,0,0,0,0,0,0,0,7,,142,0.74,2.03,6,0.37,0.51,0,,04/01/2023 - 08:59
Daging,Daging Ayam Buras,1995,245,142,0,0,0,0,0,0,0,7,,135,0.7,1.91,6,0.35,0.48,0,,04/01/2023 - 08:59
Daging,Daging Ayam Buras,1996,256,148,0,0,0,0,0,0,0,7,,141,0.72,3.14,7,0.59,0.44,0,,04/01/2023 - 08:59
Daging,Daging Ayam Buras,1997,285,165,0,0,0,0,0,0,0,8,,157,0.79,2.15,7,0.39,0.54,0,,04/01/2023 - 08:59
Daging,Daging Ayam Buras,1998,267,155,0,0,0,0,0,0,0,8,,147,0.72,1.99,6,0.36,0.5,0,,04/01/2023 - 08:59
Daging,Daging Ayam Buras,1999,260,151,0,0,0,0,0,0,0,8,,143,0.71,1.93,6,0.35,0.48,0,,04/01/2023 - 08:59
Daging,Daging Ayam Buras,2000,241,140,0,0,0,0,0,0,0,7,,133,0.65,1.77,5,0.32,0.44,0,,04/01/2023 - 08:59
Daging,Daging Ayam Buras,2001,250,145,0,0,0,0,0,0,0,7,,138,0.66,1.81,5,0.33,0.45,0,,04/01/2023 - 08:59
Daging,Daging Ayam Buras,2002,262,152,0,0,0,0,0,0,0,8,,144,0.68,1.87,6,0.34,0.47,0,,04/01/2023 - 08:59
Daging,Daging Ayam Buras,2003,271,157,0,0,0.1,0,0,0,0,8,,150,0.7,1.92,6,0.35,0.48,0,,04/01/2023 - 08:59
Daging,Daging Ayam Buras,2004,269,156,0,0,0,0,0,0,0,8,,148,0.69,1.88,6,0.34,0.47,0,,04/01/2023 - 08:59
Daging,Daging Ayam Buras,2005,274,159,0,0,0,0,0,0,0,8,,151,0.69,2.78,6,0.52,0.39,0,,04/01/2023 - 08:59
Daging,Daging Ayam Buras,2006,310,180,0,0,0,0,0,0,0,9,,171,0.77,2.1,6,0.38,0.53,0,,04/01/2023 - 08:59
Daging,Daging Ayam Buras,2007,268,155,0,0,0,0,0,0,0,8,,148,0.65,1.79,5,0.33,0.45,0,,04/01/2023 - 08:59
Daging,Daging Ayam Buras,2008,249,144,0,0,0,0,0,0,0,7,,137,0.6,1.64,5,0.3,0.41,0,,04/01/2023 - 08:59
Daging,Daging Ayam Buras,2009,225,131,0,0,0,0,0,0,0,7,,124,0.54,3.48,7,0.65,0.49,0,,04/01/2023 - 08:59
Daging,Daging Ayam Buras,2010,243,141,0,0,0,0,0,0,0,7,,134,0.56,1.54,5,0.28,0.38,0,,04/01/2023 - 08:59
Daging,Daging Ayam Buras,2011,241,140,0,0,0,0,0,0,0,7,,133,0.55,1.5,5,0.27,0.38,0,,04/01/2023 - 08:59
Daging,Daging Ayam Buras,2012,243,141,0,0,0,0,0,0,0,7,,134,0.55,1.5,5,0.27,0.37,1,,04/01/2023 - 08:59
Daging,Daging Ayam Buras,2013,261,152,0,0,0,0,0,0,0,8,,144,0.58,1.59,5,0.29,0.4,2,,04/01/2023 - 08:59
Daging,Daging Ayam Ras,1993,405,235,1,0,0,0,0,0,0,12,,224,1.19,3.27,10,0.59,0.82,0,,04/01/2023 - 08:59
Daging,Daging Ayam Ras,1994,474,275,20,0,0,0,0,0,0,14,,263,1.38,3.78,11,0.69,0.95,0,,04/01/2023 - 08:59
Daging,Daging Ayam Ras,1995,532,309,2,1,0,0,0,0,0,16,,294,1.52,4.16,13,0.76,1.04,0,,04/01/2023 - 08:59
Daging,Daging Ayam Ras,1996,586,340,2,0,0,0,0,0,0,17,,325,1.65,4.52,14,0.82,1013,0,,04/01/2023 - 08:59
Daging,Daging Ayam Ras,1997,513,298,1,0,0,0,0,0,0,15,,284,1.42,3.89,12,0.71,0.97,0,,04/01/2023 - 08:59
Daging,Daging Ayam Ras,1998,283,164,0,3,0,0,0,0,0,8,,153,0.75,2.07,6,0.38,0.52,0,,04/01/2023 - 08:59
Daging,Daging Ayam Ras,1999,292,169,4,3,0,0,0,0,0,9,,161,0.79,2.17,7,0.4,0.54,0,,04/01/2023 - 08:59
Daging,Daging Ayam Ras,2000,490,284,14,3,0,0,0,0,0,15,,280,1.36,3.73,11,0.68,0.93,0,,04/01/2023 - 08:59
Daging,Daging Ayam Ras,2001,568,330,2,2,0,0,0,0,0,16,,314,1.51,4.12,12,0.75,1.03,0,,04/01/2023 - 08:59
Daging,Daging Ayam Ras,2002,723,419,1,2,0,0,0,0,0,21,,397,1.88,5.16,16,0.94,1.29,0,,04/01/2023 - 08:59
Daging,Daging Ayam Ras,2003,743.9,431.46,0.21,2.76,0,0,0,0,0,21.44,,407.34,1.91,5.22,16,0.95,1.31,0,,04/01/2023 - 08:59
Daging,Daging Ayam Ras,2004,813,472,1,0,0,0,0,0,0,24,,449,2.07,5.68,17,1.03,1.42,0,,04/01/2023 - 08:59
Daging,Daging Ayam Ras,2005,749,435,4,0,0,0,0,0,0,22,,417,1.89,5.19,16,0.94,1.3,0,,04/01/2023 - 08:59
Daging,Daging Ayam Ras,2006,835,485,0,0,0,0,0,0,0,24,,463,2.08,5.7,17,1.04,1.43,0,,04/01/2023 - 08:59
Daging,Daging Ayam Ras,2007,910,528,9,0,0,0,0,0,0,27,,510,2.26,6.19,19,1.13,1.55,0,,04/01/2023 - 08:59
Daging,Daging Ayam Ras,2008,978.2,567.36,6.48,0.08,0,0,0,0,0,29,,545,2.39,6.53,20,1.19,1.63,0,,04/01/2023 - 08:59
Daging,Daging Ayam Ras,2009,1051.7,609.99,2.69,0,0,0,0,0,0,31,,582,2.52,6.8,21,1.24,1.7,0,,04/01/2023 - 08:59
Daging,Daging Ayam Ras,2010,1156,671,0,0,0,0,0,0,0,34,,637,2.67,7.32,22,1.33,1.83,0,,04/01/2023 - 08:59
Daging,Daging Ayam Ras,2011,1273,738,0,1,0,0,0,0,0,37,,701,2.9,7.94,24,1.45,1.98,0,,04/01/2023 - 08:59
Daging,Daging Ayam Ras,2012,1333,773,0,0,0,0,0,0,0,39,,735,2.99,8.2,25,1.49,2.05,1,,04/01/2023 - 08:59
Daging,Daging Ayam Ras,2013,1410,818,0,0,0,0,0,0,0,41,,777,3.12,8.55,26,1.56,2.14,2,,04/01/2023 - 08:59
Daging,Daging Babi,1993,154,123,0,0,0,0,0,0,0,6,,117,0.62,1.71,7,0.22,0.68,0,,04/01/2023 - 08:59
Daging,Daging Babi,1994,167,134,0,0,0,0,0,0,0,7,,127,0.67,1.83,8,0.24,0.73,0,,04/01/2023 - 08:59
Daging,Daging Babi,1995,162,130,0,0,0,0,0,0,0,7,,123,0.64,1.74,7,0.23,0.7,0,,04/01/2023 - 08:59
Daging,Daging Babi,1996,172,138,0,0,0,0,0,0,0,7,,131,0.67,1.82,8,0.24,0.73,0,,04/01/2023 - 08:59
Daging,Daging Babi,1997,133,106,0,0,0,0,0,0,0,5,,93,0.51,1.38,6,0.18,0.55,0,,04/01/2023 - 08:59
Daging,Daging Babi,1998,123,98,0,0,0,0,0,0,0,5,,93,0.46,1.26,5,0.16,0.5,0,,04/01/2023 - 08:59
Daging,Daging Babi,1999,124,99,0,0,0,0,0,0,0,5,,94,0.46,1.27,5,0.17,0.51,0,,04/01/2023 - 08:59
Daging,Daging Babi,2000,148,118,0,0,0,0,0,0,0,6,,112,0.55,1.49,6,0.19,0.6,0,,04/01/2023 - 08:59
Daging,Daging Babi,2001,146,117,0,0,0,0,0,0,0,6,,111,0.53,1.46,6,0.19,0.58,0,,04/01/2023 - 08:59
Daging,Daging Babi,2002,150,101,0,0,0,0,0,0,0,5,,93,0.44,1.2,5,0.16,0.48,0,,04/01/2023 - 08:59
Daging,Daging Babi,2003,161,108.63,0.44,5.91,0.22,0,0,0,0,5.16,,97.98,0.46,1.26,5,0.16,0.5,0,,04/01/2023 - 08:59
Daging,Daging Babi,2004,177,119,0,3,0,0,0,0,0,6,,111,0.51,1.41,6,0.18,0.56,0,,04/01/2023 - 08:59
Daging,Daging Babi,2005,158,107,0,0,0,0,0,0,0,5,,101,0.46,1.26,5,0.16,0.51,0,,04/01/2023 - 08:59
Daging,Daging Babi,2006,178,120,0,0,0,0,0,0,0,6,,114,0.51,1.41,6,0.18,0.56,0,,04/01/2023 - 08:59
Daging,Daging Babi,2007,205,139,0,0,0,0,0,0,0,7,,132,0.58,1.6,7,0.21,0.64,0,,04/01/2023 - 08:59
Daging,Daging Babi,2008,190.7,128.67,0,0,0,0,0,0,0,6,,122,0.53,1.46,6,0.19,0.59,0,,04/01/2023 - 08:59
Daging,Daging Babi,2009,181.9,122.73,0,0.9,0,0,0,0,0,6,,116,0.5,1.35,6,0.18,0.54,0,,04/01/2023 - 08:59
Daging,Daging Babi,2010,193,130,0,0,0,0,0,0,0,6,,123,0.52,1.42,6,0.18,0.57,0,,04/01/2023 - 08:59
Daging,Daging Babi,2011,204,138,0,0,0,0,0,0,0,7,,131,0.54,1.48,6,0.19,0.59,0,,04/01/2023 - 08:59
Daging,Daging Babi,2012,211,142,0,0,0,0,0,0,0,7,,135,0.55,1.51,6,0.2,0.6,1,,04/01/2023 - 08:59
Daging,Daging Babi,2013,223,151,0,0,0,0,0,0,0,8,,143,0.58,1.58,7,0.21,0.63,2,,04/01/2023 - 08:59
Daging,Daging Domba,1993,32,23,0,0,0,0,0,0,0,1,,22,0.12,0.32,1,0.05,0.05,0,,04/01/2023 - 08:59
Daging,Daging Domba,1994,34,25,0,0,0,0,0,0,0,1,,24,0.12,0.34,1,0.06,0.05,0,,04/01/2023 - 08:59
Daging,Daging Domba,1995,31,23,0,0,0,0,0,0,0,1,,22,0.11,0.31,1,0.05,0.05,0,,04/01/2023 - 08:59
Daging,Daging Domba,1996,31,23,0,0,0,0,0,0,0,1,,22,0.11,0.31,1,0.05,0.05,0,,04/01/2023 - 08:59
Daging,Daging Domba,1997,33,24,0,0,0,0,0,0,0,1,,23,0.12,0.32,1,0.05,0.05,0,,04/01/2023 - 08:59
Daging,Daging Domba,1998,27,20,0,0,0,0,0,0,0,1,,19,0.09,0.26,1,0.04,0.04,0,,04/01/2023 - 08:59
Daging,Daging Domba,1999,26,19,0,0,0,0,0,0,0,1,,18,0.09,0.24,1,0.04,0.04,0,,04/01/2023 - 08:59
Daging,Daging Domba,2000,27,20,0,0,0,0,0,0,0,1,,19,0.09,0.25,1,0.04,0.04,0,,04/01/2023 - 08:59
Daging,Daging Domba,2001,36,26,0,0,0,0,0,0,0,1,,25,0.12,0.33,1,0.06,0.05,0,,04/01/2023 - 08:59
Daging,Daging Domba,2002,55,38,0,0,0,0,0,0,0,2,,36,0.17,0.46,1,0.08,0.07,0,,04/01/2023 - 08:59
Daging,Daging Domba,2003,64.5,44.11,0,0,0,0,0,0,0,2.2,,41.89,0.2,0.54,1,0.09,0.08,0,,04/01/2023 - 08:59
Daging,Daging Domba,2004,53,36,0,0,0,0,0,0,0,2,,34,0.16,0.43,1,0.07,0.06,0,,04/01/2023 - 08:59
Daging,Daging Domba,2005,38,26,0,0,0,0,0,0,0,1,,25,0.11,0.31,1,0.05,0.05,0,,04/01/2023 - 08:59
Daging,Daging Domba,2006,60,41,0,0,0,0,0,0,0,2,,39,0.18,0.48,1,0.08,0.07,0,,04/01/2023 - 08:59
Daging,Daging Domba,2007,46,31,0,0,0,0,0,0,0,2,,30,0.13,0.36,1,0.06,0.05,0,,04/01/2023 - 08:59
Daging,Daging Domba,2008,26,0,1,0,0,0,0,0,0,1,,25,0.11,0.3,1,0.05,0.04,0,,04/01/2023 - 08:59
Daging,Daging Domba,2009,30,0,1,0,0,0,0,0,0,2,,29,0.12,0.34,1,0.06,0.05,0,,04/01/2023 - 08:59
Daging,Daging Domba,2010,36,25,1,0,0,0,0,0,0,1,,24,0.1,0.28,1,0.05,0.04,0,,04/01/2023 - 08:59
Daging,Daging Domba,2011,37,26,1,0,0,0,0,0,0,1,,25,0.1,0.28,1,0.05,0.06,0,,04/01/2023 - 08:59
Daging,Daging Domba,2012,35,24,1,0,0,0,0,0,0,1,,24,0.1,0.27,1,0.04,0.06,1,,04/01/2023 - 08:59
Daging,Daging Domba,2013,37,25,1,0,0,0,0,0,0,1,,25,0.1,0.27,1,0.04,0.06,2,,04/01/2023 - 08:59
Daging,Daging Itik,1993,10,6,0,0,0,0,0,0,0,0,,6,0.03,0.09,0,0.01,0.03,0,,04/01/2023 - 08:59
Daging,Daging Itik,1994,18,11,0,0,0,0,0,0,0,1,,10,0.05,0.14,1,0.02,0.04,0,,04/01/2023 - 08:59
Daging,Daging Itik,1995,19,12,0,0,0,0,0,0,0,1,,11,0.06,0.16,1,0.02,0.04,0,,04/01/2023 - 08:59
Daging,Daging Itik,1996,19,12,0,0,0,0,0,0,0,1,,11,0.05,0.15,0,0.02,0.04,0,,04/01/2023 - 08:59
Daging,Daging Itik,1997,19,11,0,0,0,0,0,0,0,1,,10,0.05,0.52,1,0.09,0.05,0,,04/01/2023 - 08:59
Daging,Daging Itik,1998,14,8,0,0,0,0,0,0,0,0,,8,0.04,0.11,0,0.02,0.03,0,,04/01/2023 - 08:59
Daging,Daging Itik,1999,14,8,0,0,0,0,0,0,0,0,,8,0.04,0.11,0,0.02,0.03,0,,04/01/2023 - 08:59
Daging,Daging Itik,2000,13,8,0,0,0,0,0,0,0,0,,7,0.03,0.11,0,0.02,0.03,0,,04/01/2023 - 08:59
Daging,Daging Itik,2001,21,13,0,0,0,0,0,0,0,1,,12,0.06,0.16,1,0.03,0.05,0,,04/01/2023 - 08:59
Daging,Daging Itik,2002,20,12,0,0,0,0,0,0,0,1,,11,0.05,0.15,0,0.02,0.04,0,,04/01/2023 - 08:59
Daging,Daging Itik,2003,19.3,11.58,0.07,0,0,0,0,0,0,0.58,,11.06,0.05,0.14,0,0.02,0.04,0,,04/01/2023 - 08:59
Daging,Daging Itik,2004,20,12,0,12,0,0,0,0,0,1,,12,0.05,0.15,0,0.02,0.04,0,,04/01/2023 - 08:59
Daging,Daging Itik,2005,20,12,0,0,0,0,0,0,0,1,,11,0.05,5.19,16,0.94,1.3,0,,04/01/2023 - 08:59
Daging,Daging Itik,2006,22,13,0,0,0,0,0,0,0,1,,13,0.06,0.16,1,0.03,0.04,0,,04/01/2023 - 08:59
Daging,Daging Itik,2007,40,24,1,0,0,0,0,0,0,1,,24,0.11,0.29,1,0.05,0.08,0,,04/01/2023 - 08:59
Daging,Daging Itik,2008,28,17,1,0,0,0,0,0,0,1,,17,0.07,0.2,1,0.03,0.06,0,,04/01/2023 - 08:59
Daging,Daging Itik,2009,23,14,0,0,0,0,0,0,0,1,,13,0.06,0.16,1,0.02,0.04,0,,04/01/2023 - 08:59
Daging,Daging Itik,2010,24,14,1,0,0,0,0,0,0,1,,14,0.06,0.16,1,0.03,0.05,0,,04/01/2023 - 08:59
Daging,Daging Itik,2011,26,15,1,0,0,0,0,0,0,1,,15,0.06,0.17,1,0.02,0.05,0,,04/01/2023 - 08:59
Daging,Daging Itik,2012,27,16,0,0,0,0,0,0,0,1,,16,0.06,0.18,1,0.02,0.05,1,,04/01/2023 - 08:59
Daging,Daging Itik,2013,28,17,1,0,0,0,0,0,0,1,,17,0.07,0.18,1,0.03,0.05,2,,04/01/2023 - 08:59
Daging,Daging Kambing,1993,57,43,1,0,0,0,0,0,0,2,,42,0.22,0.06,1,0.1,0.06,0,,04/01/2023 - 08:59
Daging,Daging Kambing,1994,46,35,0,0,0,0,0,0,0,2,,33,0.17,0.47,1,0.08,0.04,0,,04/01/2023 - 08:59
Daging,Daging Kambing,1995,45,34,1,0,0,0,0,0,0,2,,33,0.17,0.47,1,0.08,0.04,0,,04/01/2023 - 08:59
Daging,Daging Kambing,1996,48,36,1,0,0,0,0,0,0,2,,35,0.18,0.49,1,0.08,0.04,0,,04/01/2023 - 08:59
Daging,Daging Kambing,1997,52,39,1,0,0,0,0,0,0,2,,38,0.19,0.52,1,0.09,0.05,0,,04/01/2023 - 08:59
Daging,Daging Kambing,1998,38,29,0,0,0,0,0,0,0,1,,28,0.14,0.38,1,0.06,0.03,0,,04/01/2023 - 08:59
Daging,Daging Kambing,1999,36,27,0,0,0,0,0,0,0,1,,26,0.13,0.35,1,0.06,0.03,0,,04/01/2023 - 08:59
Daging,Daging Kambing,2000,36,27,1,0,0,0,0,0,0,1,,26,0.13,0.35,1,0.06,0.03,0,,04/01/2023 - 08:59
Daging,Daging Kambing,2001,39,29,1,0,0,0,0,0,0,1,,29,0.14,0.38,1,0.06,0.03,0,,04/01/2023 - 08:59
Daging,Daging Kambing,2002,47,32,1,0,0,0,0,0,0,2,,31,0.14,0.4,1,0.07,0.04,0,,04/01/2023 - 08:59
Daging,Daging Kambing,2003,51.1,34.66,0.45,0,0,0,0,0,0,1.76,,33.36,0.16,0.43,1,0.07,0.04,0,,04/01/2023 - 08:59
Daging,Daging Kambing,2004,46,31,1,0,0,0,0,0,0,2,,30,0.14,0.38,1,0.06,0.03,0,,04/01/2023 - 08:59
Daging,Daging Kambing,2005,40,27,1,0,0,0,0,0,0,1,,27,0.12,0.33,1,0.06,0.03,0,,04/01/2023 - 08:59
Daging,Daging Kambing,2006,52,35,1,0,0,0,0,0,0,2,,34,0.15,0.48,1,0.08,0.07,0,,04/01/2023 - 08:59
Daging,Daging Kambing,2007,51,35,0,0,0,0,0,0,0,2,,33,0.15,0.4,1,0.07,0.04,0,,04/01/2023 - 08:59
Daging,Daging Kambing,2008,52.8,35.81,0,0,0,0,0,0,0,2,,34,0.15,0.41,1,0.07,0.04,0,,04/01/2023 - 08:59
Daging,Daging Kambing,2009,59.1,40.09,0,0,0,0,0,0,0,2,,38,0.17,0.45,1,0.07,0.04,0,,04/01/2023 - 08:59
Daging,Daging Kambing,2010,55,37,0,0,0,0,0,0,0,2,,35,0.15,0.41,1,0.07,0.04,0,,04/01/2023 - 08:59
Daging,Daging Kambing,2011,53,36,0,0,0,0,0,0,0,2,,34,0.14,0.39,1,0.06,0.04,0,,04/01/2023 - 08:59
Daging,Daging Kambing,2012,52,35,0,0,0,0,0,0,0,2,,34,0.14,0.38,1,0.06,0.03,1,,04/01/2023 - 08:59
Daging,Daging Kambing,2013,54,36,0,0,0,0,0,0,0,2,,35,0.14,0.38,1,0.06,0.04,2,,04/01/2023 - 08:59
Daging,Daging Kerbau,1993,41,31,0,0,0,0,0,0,0,2,,29,0.15,0.42,0,0.08,0,0,,04/01/2023 - 08:59
Daging,Daging Kerbau,1994,39,29,0,0,0,0,0,0,0,1,,28,0.14,0.39,0,0.07,0,0,,04/01/2023 - 08:59
Daging,Daging Kerbau,1995,37,28,0,0,0,0,0,0,0,1,,27,0.14,0.38,0,0.07,0,0,,04/01/2023 - 08:59
Daging,Daging Kerbau,1996,39,29,0,0,0,0,0,0,0,1,,28,0.14,0.39,0,0.07,0,0,,04/01/2023 - 08:59
Daging,Daging Kerbau,1997,38,29,0,0,0,0,0,0,0,1,,27,0.13,0.38,0,0.07,0,0,,04/01/2023 - 08:59
Daging,Daging Kerbau,1998,37,28,0,0,0,0,0,0,0,1,,27,0.13,0.36,0,0.07,0,0,,04/01/2023 - 08:59
Daging,Daging Kerbau,1999,39,29,0,0,0,0,0,0,0,1,,28,0.14,0.38,0,0.07,0,0,,04/01/2023 - 08:59
Daging,Daging Kerbau,2000,37,28,0,0,0,0,0,0,0,1,,26,0.13,0.35,0,0.07,0,0,,04/01/2023 - 08:59
Daging,Daging Kerbau,2001,35,26,0,0,0,0,0,0,0,1,,25,0.12,0.33,0,0.06,0,0,,04/01/2023 - 08:59
Daging,Daging Kerbau,2002,34,24,0,0,0,0,0,0,0,1,,23,0.11,0.29,0,0.05,0,0,,04/01/2023 - 08:59
Daging,Daging Kerbau,2003,32.5,22.85,0,0,0,0,0,0,0,1.14,,21.7,0.1,0.28,0,0.05,0,0,,04/01/2023 - 08:59
Daging,Daging Kerbau,2004,32,23,0,0,0,0,0,0,0,1,,21,0.1,0.27,0,0.05,0,0,,04/01/2023 - 08:59
Daging,Daging Kerbau,2005,30,21,0,0,0,0,0,0,0,1,,20,0.09,0.25,0,0.05,0,0,,04/01/2023 - 08:59
Daging,Daging Kerbau,2006,35,25,0,0,0,0,0,0,0,1,,23,0.11,0.29,0,0.05,0,0,,04/01/2023 - 08:59
Daging,Daging Kerbau,2007,33,23,0,0,0,0,0,0,0,1,,22,0.1,0.27,0,0.05,0,0,,04/01/2023 - 08:59
Daging,Daging Kerbau,2008,31.2,21.93,0,0,0,0,0,0,0,1,,21,0.09,0.25,0,0.05,0,0,,04/01/2023 - 08:59
Daging,Daging Kerbau,2009,27.7,19.47,0,0,0,0,0,0,0,1,,18,0.08,0.22,0,0.04,0,0,,04/01/2023 - 08:59
Daging,Daging Kerbau,2010,29,20,0,0,0,0,0,0,0,1,,19,0.08,0.22,0,0.04,0,0,,04/01/2023 - 08:59
Daging,Daging Kerbau,2011,28,20,0,0,0,0,0,0,0,1,,19,0.08,0.21,0,0.04,0,0,,04/01/2023 - 08:59
Daging,Daging Kerbau,2012,30,21,0,0,0,0,0,0,0,1,,20,0.08,0.22,0,0.04,0,1,,04/01/2023 - 08:59
Daging,Daging Kerbau,2013,32,23,0,0,0,0,0,0,0,1,,22,0.09,0.24,0,0.04,0,2,,04/01/2023 - 08:59
Daging,Daging Kuda,1993,1,1,0,0,0,0,0,0,0,0,,1,0.01,0.01,0,0,0,0,,04/01/2023 - 08:59
Daging,Daging Kuda,1994,2,1,0,0,0,0,0,0,0,0,,1,0.01,0.01,0,0,0,0,,04/01/2023 - 08:59
Daging,Daging Kuda,1995,1,1,0,0,0,0,0,0,0,0,,1,0.01,0.01,0,0,0,0,,04/01/2023 - 08:59
Daging,Daging Kuda,1996,1,1,0,0,0,0,0,0,0,0,,1,0.01,0.01,0,0,0,0,,04/01/2023 - 08:59
Daging,Daging Kuda,1997,1,1,0,0,0,0,0,0,0,0,,1,0.01,0.01,0,0,0,0,,04/01/2023 - 08:59
Daging,Daging Kuda,1998,2,2,0,0,0,0,0,0,0,0,,2,0.01,0.03,0,0,0,0,,04/01/2023 - 08:59
Daging,Daging Kuda,1999,2,2,0,0,0,0,0,0,0,0,,2,0.01,0.03,0,0,0,0,,04/01/2023 - 08:59
Daging,Daging Kuda,2000,1,1,0,0,0,0,0,0,0,0,,1,0,0.01,0,0,0,0,,04/01/2023 - 08:59
Daging,Daging Kuda,2001,1,1,0,0,0,0,0,0,0,0,,1,0,0.01,0,0,0,0,,04/01/2023 - 08:59
Daging,Daging Kuda,2002,1,1,0,0,0,0,0,0,0,0,,1,0,0.01,0,0,0,0,,04/01/2023 - 08:59
Daging,Daging Kuda,2003,1.3,0.94,0,0,0,0,0,0,0,0.05,,0.89,0,0.01,0,0,0,0,,04/01/2023 - 08:59
Daging,Daging Kuda,2004,1,1,0,0,0,0,0,0,0,0,,1,0,0.01,0,0,0,0,,04/01/2023 - 08:59
Daging,Daging Kuda,2005,1,1,0,0,0,0,0,0,0,0,,1,0,0.01,0,0,0,0,,04/01/2023 - 08:59
Daging,Daging Kuda,2006,2,1,0,0,0,0,0,0,0,0,,1,0.01,0.02,0,0,0,0,,04/01/2023 - 08:59
Daging,Daging Kuda,2007,1,1,0,0,0,0,0,0,0,0,,1,0,0.01,0,0,0,0,,04/01/2023 - 08:59
Daging,Daging Kuda,2008,2,1,0,0,0,0,0,0,0,0,,1,0,0.01,0,0,0,0,,04/01/2023 - 08:59
Daging,Daging Kuda,2009,2,1,1,0,0,0,0,0,0,0,,1,0,0.01,0,0,0,0,,04/01/2023 - 08:59
Daging,Daging Kuda,2010,2,1,1,0,0,0,0,0,0,0,,1,0,0.01,0,0,0,0,,04/01/2023 - 08:59
Daging,Daging Kuda,2011,2,1,0,0,0,0,0,0,0,0,,1,0.01,0.01,0,0,0,0,,04/01/2023 - 08:59
Daging,Daging Kuda,2012,2,2,0,0,0,0,0,0,0,0,,2,0.01,0.02,0,0,0,1,,04/01/2023 - 08:59
Daging,Daging Kuda,2013,3,2,0,0,0,0,0,0,0,0,,2,0.01,0.02,0,0,0,2,,04/01/2023 - 08:59
Daging,Daging Sapi,1993,277,222,3,0,0,0,0,0,0,11,,214,1.14,3.13,7,0.59,0.44,0,,04/01/2023 - 08:59
Daging,Daging Sapi,1994,269,215,5,0,0,0,0,0,0,11,,209,1.1,3,6,0.57,0.42,0,,04/01/2023 - 08:59
Daging,Daging Sapi,1995,250,200,7,0,0,0,0,0,0,10,,197,1.02,2.79,6,0.52,0.39,0,,04/01/2023 - 08:59
Daging,Daging Sapi,1996,278,222,16,0,0,0,0,0,0,12,,226,1.15,3.14,7,0.59,0.44,0,,04/01/2023 - 08:59
Daging,Daging Sapi,1997,283,226,23,0,0,0,0,0,0,12,,237,1.07,3.26,7,0.61,0.46,0,,04/01/2023 - 08:59
Daging,Daging Sapi,1998,274,219,9,0,0,0,0,0,0,11,,217,1.07,2.93,6,0.55,0.41,0,,04/01/2023 - 08:59
Daging,Daging Sapi,1999,247,198,11,0,0,0,0,0,0,10,,199,0.98,2.69,6,0.51,0.38,0,,04/01/2023 - 08:59
Daging,Daging Sapi,2000,272,218,27,0,0,0,0,0,0,12,,232,1.13,3.09,6,0.58,0.43,0,,04/01/2023 - 08:59
Daging,Daging Sapi,2001,271,217,17,0,0,0,0,0,0,12,,221,1.06,2.91,6,0.55,0.41,0,,04/01/2023 - 08:59
Daging,Daging Sapi,2002,264,198,12,0,0,0,0,0,0,10,,199,0.94,2.58,5,0.49,0.36,0,,04/01/2023 - 08:59
Daging,Daging Sapi,2003,295.8,221.64,10.67,0,0,0,0,0,0,12,,221,1.03,2.83,6,0.53,0.4,0,,04/01/2023 - 08:59
Daging,Daging Sapi,2004,358,268,12,0,0,0,0,0,0,14,,266,1.23,3.37,7,0.63,0.47,0,,04/01/2023 - 08:59
Daging,Daging Sapi,2005,287,215,20,0,0,0,0,0,0,12,,223,1.01,2.78,6,0.52,0.39,0,,04/01/2023 - 08:59
Daging,Daging Sapi,2006,317,237,24,0,0,0,0,0,0,13,,248,1.11,3.05,6,0.57,0.43,0,,04/01/2023 - 08:59
Daging,Daging Sapi,2007,272,204,39,0,0,0,0,0,0,12,,231,1.02,2.8,6,0.53,0.39,0,,04/01/2023 - 08:59
Daging,Daging Sapi,2008,314,235.28,45.6,0.1,0,0,0,0,0,14,,267,1.17,3.2,7,0.6,0.45,0,,04/01/2023 - 08:59
Daging,Daging Sapi,2009,327.4,245.32,67.91,0.1,0,0,0,0,0,16,,298,1.29,3.48,7,0.65,0.49,0,,04/01/2023 - 08:59
Daging,Daging Sapi,2010,349,262,91,0,0,0,0,0,0,18,,335,1.4,3.84,8,0.72,0.54,0,,04/01/2023 - 08:59
Daging,Daging Sapi,2011,388,291,65,0,0,0,0,0,0,18,,338,1.4,3.83,8,0.72,0.54,0,,04/01/2023 - 08:59
Daging,Daging Sapi,2012,407,305,34,0,0,0,0,0,0,17,,322,1.31,3.59,7,0.68,0.5,1,,04/01/2023 - 08:59
Daging,Daging Sapi,2013,436,327,29,0,0,0,0,0,0,18,,338,1.36,3.73,8,0.7,0.52,2,,04/01/2023 - 08:59
Daging,Jeroan semua jenis,1993,0,181,6,0,0,0,0,0,0,0,,187,1,2.73,4,0.43,0.17,0,,04/01/2023 - 08:59
Daging,Jeroan semua jenis,1994,0,189,8,0,0,0,0,0,0,0,,197,1.03,2.83,4,0.44,0.18,0,,04/01/2023 - 08:59
Daging,Jeroan semua jenis,1995,0,187,12,0,0,0,0,0,0,0,,199,1.03,2.81,4,0.44,0.18,0,,04/01/2023 - 08:59
Daging,Jeroan semua jenis,1996,0,203,10,0,0,0,0,0,0,0,,213,1.08,2.96,4,0.46,0.19,0,,04/01/2023 - 08:59
Daging,Jeroan semua jenis,1997,0,197,9,0,0,0,0,0,0,0,,206,1.03,2.82,4,0.44,0.18,0,,04/01/2023 - 08:59
Daging,Jeroan semua jenis,1998,0,163,4,0,0,0,0,0,0,0,,167,1.03,2.26,3,0.35,0.14,0,,04/01/2023 - 08:59
Daging,Jeroan semua jenis,1999,0,156,8,0,0,0,0,0,0,0,,164,0.81,2.22,3,0.35,0.14,0,,04/01/2023 - 08:59
Daging,Jeroan semua jenis,2000,0,182,30,0,0,0,0,0,0,0,,212,1.03,2.83,4,0.44,0.18,0,,04/01/2023 - 08:59
Daging,Jeroan semua jenis,2001,0,194,25,0,0,0,0,0,0,0,,218,1.05,2.87,4,0.45,0.18,0,,04/01/2023 - 08:59
Daging,Jeroan semua jenis,2002,0,215,32,0,0,0,0,0,0,0,,247,1.17,3.2,4,0.5,0.21,0,,04/01/2023 - 08:59
Daging,Jeroan semua jenis,2003,0,230.8,35.82,0.02,0,0,0,0,0,0,,266.52,1.25,3.42,4,0.54,0.22,0,,04/01/2023 - 08:59
Daging,Jeroan semua jenis,2004,0,250,36,0,0,0,0,0,0,0,,287,1.32,3.63,5,0.57,0.23,0,,04/01/2023 - 08:59
Daging,Jeroan semua jenis,2005,0,219,35,0,0,0,0,0,0,0,,254,1.16,3.17,4,0.5,0.2,0,,04/01/2023 - 08:59
Daging,Jeroan semua jenis,2006,0,251,35,0,0,0,0,0,0,0,,288,1.29,3.54,4,0.56,0.23,0,,04/01/2023 - 08:59
Daging,Jeroan semua jenis,2007,0,243,40,0,0,0,0,0,0,0,,283,1.26,3.44,4,0.54,0.22,0,,04/01/2023 - 08:59
Daging,Jeroan semua jenis,2008,0,254,46,0,0,0,0,0,0,0,,300,1.31,3.6,5,0.56,0.23,0,,04/01/2023 - 08:59
Daging,Jeroan semua jenis,2009,0,263,44,0,0,0,0,0,0,0,,306,1.32,3.58,5,0.56,0.23,0,,04/01/2023 - 08:59
Daging,Jeroan semua jenis,2010,0,279,50,0,0,0,0,0,0,0,,329,1.38,3.78,5,0.59,0.24,0,,04/01/2023 - 08:59
Daging,Jeroan semua jenis,2011,0,301,38,0,0,0,0,0,0,0,,339,1.4,3.84,5,0.6,0.25,0,,04/01/2023 - 08:59
Daging,Jeroan semua jenis,2012,0,313,7,0,0,0,0,0,0,0,,320,1.3,3.57,5,0.56,0.23,1,,04/01/2023 - 08:59
Daging,Jeroan semua jenis,2013,0,332,3,0,0,0,0,0,0,0,,335,1.35,3.69,5,0.58,0.24,2,,04/01/2023 - 08:59
Telur,Telur Ayam Buras,1993,0,94,0,0,0,0,23,0,0,23,,48,0,0.7,1,0.08,0.07,0,,04/01/2023 - 08:59
Telur,Telur Ayam Buras,1994,0,120,0,0,0,0,30,0,0,30,,60,0,0.86,1,0.1,0.09,0,,04/01/2023 - 08:59
Telur,Telur Ayam Buras,1995,0,125,0,0,0,0,31,0,0,31,,63,0,0.89,1,0.1,0.09,0,,04/01/2023 - 08:59
Telur,Telur Ayam Buras,1996,0,129,0,0,0,0,32,0,0,5,,92,0,1.28,2,0.15,0.13,0,,04/01/2023 - 08:59
Telur,Telur Ayam Buras,1997,0,124,0,0,0,0,31,0,0,5,,88,0,1.21,2,0.14,0.12,0,,04/01/2023 - 08:59
Telur,Telur Ayam Buras,1998,0,126,0,0,0,0,32,0,0,5,,89,0,0.44,1.2,0.14,0.16,0,,04/01/2023 - 08:59
Telur,Telur Ayam Buras,1999,0,167,0,0,0,0,42,0,0,6,,119,0,1.32,2,0.15,0.18,0,,04/01/2023 - 08:59
Telur,Telur Ayam Buras,2000,0,139,0,0,0,0,35,0,0,5,,99,0,1.32,2,0.15,0.13,0,,04/01/2023 - 08:59
Telur,Telur Ayam Buras,2001,0,150,0,0,0,0,37,0,0,6,,107,0,1.4,2,0.16,0.19,0,,04/01/2023 - 08:59
Telur,Telur Ayam Buras,2002,0,162,0,0,0,0,45,0,0,7,,128,0,1.52,3,0.17,0.2,0,,04/01/2023 - 08:59
Telur,Telur Ayam Buras,2003,0,177,0,0,-3.08,0,45,0,0,7,,128,0,1.64,3,0.19,0.22,0,,04/01/2023 - 08:59
Telur,Telur Ayam Buras,2004,0,172,0,0,-3,0,44,0,0,7,,125,0,1.58,3,0.18,0.21,0,,04/01/2023 - 08:59
Telur,Telur Ayam Buras,2005,0,175,0,0,0,0,44,0,0,7,,125,0,1.56,3,0.18,0.21,0,,04/01/2023 - 08:59
Telur,Telur Ayam Buras,2006,0,194,0,0,0,0,49,0,0,7,,138,0,1.7,3,0.19,0.23,0,,04/01/2023 - 08:59
Telur,Telur Ayam Buras,2007,0,231,0,0,0,0,58,0,0,9,,164,0,1.99,3,0.23,0.27,0,,04/01/2023 - 08:59
Telur,Telur Ayam Buras,2008,0,167,0,0,0,0,42,0,0,6,,119,0,1.42,2,0.16,0.19,0,,04/01/2023 - 08:59
Telur,Telur Ayam Buras,2009,0,162,0,0,0,0,41,0,0,6,,115,0,1.35,2,0.15,0.18,0,,04/01/2023 - 08:59
Telur,Telur Ayam Buras,2010,0,176,0,0,0,0,44,0,0,7,,125,0,1.43,2,0.16,0.19,0,,04/01/2023 - 08:59
Telur,Telur Ayam Buras,2011,0,188,0,0,0,0,47,0,0,7,,133,0,1.51,2,0.12,0.14,0,,04/01/2023 - 08:59
Telur,Telur Ayam Buras,2012,0,197,0,0,0,0,48,0,0,8,,140,0,1.57,2,0.13,0.15,1,,04/01/2023 - 08:59
Telur,Telur Ayam Buras,2013,0,201,0,0,0,0,50,0,0,8,,143,0,1.57,2,0.13,0.15,2,,04/01/2023 - 08:59
Telur,Telur Ayam Ras,1993,0,355,0,0,0,0,0,0,0,4,,351,0,5.12,7,0.59,0.53,0,,04/01/2023 - 08:59
Telur,Telur Ayam Ras,1994,0,423,0,0,0,0,0,0,0,4,,419,0,6.02,9,0.69,0.62,0,,04/01/2023 - 08:59
Telur,Telur Ayam Ras,1995,0,457,0,0,0,0,0,0,0,5,,452,0,6.4,9,0.74,0.66,0,,04/01/2023 - 08:59
Telur,Telur Ayam Ras,1996,0,501,0,0,0,0,0,0,0,10,,491,0,6.84,10,0.79,0.71,0,,04/01/2023 - 08:59
Telur,Telur Ayam Ras,1997,0,483,0,0,0,0,0,0,0,10,,473,0,6.48,9,0.75,0.67,0,,04/01/2023 - 08:59
Telur,Telur Ayam Ras,1998,0,267,0,0,0,0,0,0,0,5,,262,0,3.54,5,0.39,0.34,0,,04/01/2023 - 08:59
Telur,Telur Ayam Ras,1999,0,357,0,0,0,0,0,0,0,7,,350,0,6.56,9,0.72,0.63,0,,04/01/2023 - 08:59
Telur,Telur Ayam Ras,2000,0,503,0,0,0,0,0,0,0,10,,493,0,6.56,9,0.75,0.67,0,,04/01/2023 - 08:59
Telur,Telur Ayam Ras,2001,0,491,2,0,0,0,0,0,0,10,,483,0,6.34,9,0.7,0.61,0,,04/01/2023 - 08:59
Telur,Telur Ayam Ras,2002,0,614,0,0,-11,0,0,0,0,13,,612,0,7.95,11,0.88,0.76,0,,04/01/2023 - 08:59
Telur,Telur Ayam Ras,2003,0,612,2,0,-11,0,0,0,0,13,,611,0,7.84,11,0.86,0.75,0,,04/01/2023 - 08:59
Telur,Telur Ayam Ras,2004,0,762,0,0,-13,0,0,0,0,16,,759,0,9.61,13,1.06,0.92,0,,04/01/2023 - 08:59
Telur,Telur Ayam Ras,2005,0,681,0,0,0,0,0,0,0,14,,667,0,8.32,11,0.92,0.8,0,,04/01/2023 - 08:59
Telur,Telur Ayam Ras,2006,0,817,1,0,0,0,0,0,0,17,,801,0,9.85,14,1.09,0.95,0,,04/01/2023 - 08:59
Telur,Telur Ayam Ras,2007,0,944,2,0,0,0,0,0,0,19,,926,0,11.25,15,1.24,1.08,0,,04/01/2023 - 08:59
Telur,Telur Ayam Ras,2008,0,956,1,0,0,0,0,0,0,20,,938,0,11.24,15,1.24,1.08,0,,04/01/2023 - 08:59
Telur,Telur Ayam Ras,2009,0,903,1,0,0,0,0,0,0,19,,885,0,10.35,14,1.14,0.99,0,,04/01/2023 - 08:59
Telur,Telur Ayam Ras,2010,0,946,1,0,0,0,0,0,0,19,,928,0,10.65,15,1.18,1.02,0,,04/01/2023 - 08:59
Telur,Telur Ayam Ras,2011,0,1,1,0,0,0,0,0,0,21,,1,0,11.41,14,1.13,0.99,0,,04/01/2023 - 08:59
Telur,Telur Ayam Ras,2012,0,1,1,0,0,0,0,0,0,23,,1,0,12.48,15,1.24,1.24,1,,04/01/2023 - 08:59
Telur,Telur Ayam Ras,2013,0,1,1,0,0,0,0,0,0,25,,1,0,13.21,16,1.31,1.14,2,,04/01/2023 - 08:59
Telur,Telur Itik,1993,0,125,0,0,0,0,2,0,0,17,,106,0,1.54,3,0.18,0.2,0,,04/01/2023 - 08:59
Telur,Telur Itik,1994,0,146,0,0,0,0,20,0,0,2,,124,0,1.78,3,0.21,0.23,0,,04/01/2023 - 08:59
Telur,Telur Itik,1995,0,154,0,0,0,0,2,0,0,21,,131,0,1.85,3,0.22,0.24,0,,04/01/2023 - 08:59
Telur,Telur Itik,1996,0,150,0,0,0,0,20,0,0,6,,124,0,1.73,3,0.2,0.22,0,,04/01/2023 - 08:59
Telur,Telur Itik,1997,0,158,0,0,0,0,21,0,0,6,,131,0,1.8,3,0.21,0.23,0,,04/01/2023 - 08:59
Telur,Telur Itik,1998,0,137,0,0,0,0,18,0,0,5,,114,0,1.54,3,0.17,0.23,0,,04/01/2023 - 08:59
Telur,Telur Itik,1999,0,116,0,0,0,0,16,0,0,5,,95,0,1.28,2,0.14,0.19,0,,04/01/2023 - 08:59
Telur,Telur Itik,2000,0,141,0,0,0,0,19,0,0,6,,117,0,1.55,3,0.18,0.23,0,,04/01/2023 - 08:59
Telur,Telur Itik,2001,0,154,0,0,0,0,21,0,0,6,,127,0,1.66,3,0.19,0.25,0,,04/01/2023 - 08:59
Telur,Telur Itik,2002,0,170,0,0,-3,0,25,0,0,7,,142,0,1.85,3,0.21,0.27,0,,04/01/2023 - 08:59
Telur,Telur Itik,2003,0,185,0,0,-3,0,25,0,0,7,,155,0,1.99,4,0,0,0,,04/01/2023 - 08:59
Telur,Telur Itik,2004,0,173,0,0,-3,0,24,0,0,7,,146,0,1.84,3,0.21,0.27,0,,04/01/2023 - 08:59
Telur,Telur Itik,2005,0,195,0,0,0,0,26,0,0,8,,161,0,2.01,4,0.23,0.3,0,,04/01/2023 - 08:59
Telur,Telur Itik,2006,0,194,0,0,0,0,26,0,0,8,,160,0,1.97,4,0.22,0.29,0,,04/01/2023 - 08:59
Telur,Telur Itik,2007,0,208,0,0,0,0,28,0,0,8,,171,0,2.08,4,0.23,0.31,0,,04/01/2023 - 08:59
Telur,Telur Itik,2008,0,201,0,0,0,0,27,0,0,8,,166,0,1.99,4,0.22,0.29,0,,04/01/2023 - 08:59
Telur,Telur Itik,2009,0,236,0,0,0,0,32,0,0,9,,195,0,2.38,4,0.26,0.34,0,,04/01/2023 - 08:59
Telur,Telur Itik,2010,0,245,0,0,0,0,33,0,0,10,,202,0,2.32,4,0.26,0.34,0,,04/01/2023 - 08:59
Telur,Telur Itik,2011,0,256,0,0,0,0,35,0,0,10,,212,0,2.4,4,0.24,0.31,0,,04/01/2023 - 08:59
Telur,Telur Itik,2012,0,265,0,0,0,0,36,0,0,10,,219,0,2.44,4,0.24,0.32,1,,04/01/2023 - 08:59
Telur,Telur Itik,2013,0,272,0,0,0,0,37,0,0,11,,225,0,2.48,4,0.25,0.32,2,,04/01/2023 - 08:59
Susu,Susu Impor,1993,0,0,511,64,0,0,0,0,0,0,,447,2.38,6.53,4,0.21,0.23,0,,04/01/2023 - 08:59
Susu,Susu Impor,1994,0,0,545,11,0,0,0,0,0,0,,533,2.8,7.66,5,0.25,0.27,0,,04/01/2023 - 08:59
Susu,Susu Impor,1995,0,0,1006,31,0,0,0,0,0,0,,975,5.04,13.81,8,0.44,0.48,0,,04/01/2023 - 08:59
Susu,Susu Impor,1996,0,0,797,57,0,0,0,0,0,0,,740,3.76,10.3,6,0.33,0.36,0,,04/01/2023 - 08:59
Susu,Susu Impor,1997,0,0,735,42,0,0,0,0,0,0,,693,3.47,9.5,6,0.3,0.33,0,,04/01/2023 - 08:59
Susu,Susu Impor,1998,0,0,588,66,0,0,0,0,0,0,,522,2.57,7.05,4,0.23,0.25,0,,04/01/2023 - 08:59
Susu,Susu Impor,1999,0,0,822,142,0,0,0,0,0,0,,680,3.35,12.05,7,0.39,0.42,0,,04/01/2023 - 08:59
Susu,Susu Impor,2000,0,0,1480,575,0,0,0,0,0,0,,904,4.39,12.04,7,0.39,0.42,0,,04/01/2023 - 08:59
Susu,Susu Impor,2001,0,0,1476,693,0,0,0,0,0,0,,783,3.76,10.29,6,0.33,0.36,0,,04/01/2023 - 08:59
Susu,Susu Impor,2002,0,0,1383,303,0,0,0,0,0,0,,1079,5.11,14.01,9,0.45,0.49,0,,04/01/2023 - 08:59
Susu,Susu Impor,2003,0,0,1425.17,460.65,0,0,0,0,0,0,,964.52,4.51,12.36,8,0.4,0.43,0,,04/01/2023 - 08:59
Susu,Susu Impor,2004,0,0,1974,387,0,0,0,0,0,0,,1587,7.33,20.09,12,0.64,0.7,0,,04/01/2023 - 08:59
Susu,Susu Impor,2005,0,0,2042,452,0,0,0,0,0,0,,1590,7.23,19.82,12,0.63,0.69,0,,04/01/2023 - 08:59
Susu,Susu Impor,2006,0,0,2271,353,0,0,0,0,13,0,,1905,8.55,23.43,14,0.75,0.82,0,,04/01/2023 - 08:59
Susu,Susu Impor,2007,0,0,2428,233,0,0,0,0,1,0,,2194,9.72,26.64,16,0.85,0.93,0,,04/01/2023 - 08:59
Susu,Susu Impor,2008,0,0,2043.4,416,0,0,0,0,0,0,,1627,7.12,19.5,12,0.62,0.68,0,,04/01/2023 - 08:59
Susu,Susu Impor,2009,0,0,2299,312,0,0,0,0,5,0,,1982,8.57,23.17,14,0.74,0.81,0,,04/01/2023 - 08:59
Susu,Susu Impor,2010,0,0,2674,268,0,0,0,0,2,0,,2404,10.08,27.62,17,0.88,0.97,0,,04/01/2023 - 08:59
Susu,Susu Impor,2011,0,0,2901,223,0,0,0,0,0,0,,2677,11.06,30.31,18,0.97,1.06,0,,04/01/2023 - 08:59
Susu,Susu Impor,2012,0,0,3044,226,0,0,0,0,3,0,,2815,11.47,31.42,19,1.01,1.1,0,,04/01/2023 - 08:59
Susu,Susu Impor,2013,0,0,3272,236,0,0,0,0,4,0,,3,12.19,33.39,20,1.07,1.17,0,,04/01/2023 - 08:59
Susu,Susu Sapi,1993,0,388,0,0,0,39,0,0,0,10,,339,1.8,4.94,3,0.16,0.17,0,,04/01/2023 - 08:59
Susu,Susu Sapi,1994,0,427,0,0,0,43,0,0,0,11,,373,1.95,5.38,3,0.17,0.19,0,,04/01/2023 - 08:59
Susu,Susu Sapi,1995,0,433,0,0,0,43,0,0,0,11,,379,1.96,5.37,3,0.17,0.19,0,,04/01/2023 - 08:59
Susu,Susu Sapi,1996,0,441,0,0,0,44,0,0,0,25,,372,1.89,5.18,3,0.17,0.18,0,,04/01/2023 - 08:59
Susu,Susu Sapi,1997,0,424,0,0,0,42,0,0,0,24,,358,1.79,4.91,3,0.16,0.17,0,,04/01/2023 - 08:59
Susu,Susu Sapi,1998,0,375,0,0,0,38,0,0,0,21,,316,1.56,4.27,3,0.14,0.15,0,,04/01/2023 - 08:59
Susu,Susu Sapi,1999,0,436,0,0,0,44,0,0,0,25,,367,1.81,5.56,3,0.18,0.19,0,,04/01/2023 - 08:59
Susu,Susu Sapi,2000,0,496,0,0,0,50,0,0,0,28,,418,2.03,5.56,3,0.18,0.19,0,,04/01/2023 - 08:59
Susu,Susu Sapi,2001,0,505,0,0,0,51,0,0,0,29,,425,2.04,5.59,3,0.18,0.2,0,,04/01/2023 - 08:59
Susu,Susu Sapi,2002,0,493,0,0,0,49,0,0,0,28,,416,1.97,5.4,3,0.17,0.19,0,,04/01/2023 - 08:59
Susu,Susu Sapi,2003,0,553.4,0,0,0,55.34,0,0,0,31.54,,466.52,2.18,5.98,4,0.19,0.21,0,,04/01/2023 - 08:59
Susu,Susu Sapi,2004,0,550,0,0,0,55,0,0,0,31,,464,2.14,5.87,4,0.19,0.21,0,,04/01/2023 - 08:59
Susu,Susu Sapi,2005,0,536,0,0,0,54,0,0,0,31,,452,2.06,5.63,3,0.18,0.2,0,,04/01/2023 - 08:59
Susu,Susu Sapi,2006,0,617,0,0,0,62,0,0,0,35,,520,2.33,6.39,4,0.2,0.22,0,,04/01/2023 - 08:59
Susu,Susu Sapi,2007,0,568,0,0,0,57,0,0,0,32,,479,2.12,5.81,4,0.19,0.2,0,,04/01/2023 - 08:59
Susu,Susu Sapi,2008,0,647,0,0,0,65,0,0,0,37,,545,2.39,6.54,4,0.21,0.23,0,,04/01/2023 - 08:59
Susu,Susu Sapi,2009,0,827,0,0,0,83,0,0,0,47,,697,3.01,8.15,5,0.26,0.29,0,,04/01/2023 - 08:59
Susu,Susu Sapi,2010,0,910,0,0,0,91,0,0,0,52,,767,3.21,8.81,5,0.28,0.31,0,,04/01/2023 - 08:59
Susu,Susu Sapi,2011,0,975,0,0,0,97,0,0,0,56,,822,3.4,9.3,6,0.3,0.33,0,,04/01/2023 - 08:59
Minyak dan Lemak,Kopra/Minyak Goreng,1993,1164,698,34,258,0,0,0,0,0,0,,474,2.53,6.92,59,0.07,6.78,0,,04/01/2023 - 08:59
Minyak dan Lemak,Kopra/Minyak Goreng,1994,1128,677,46,393,0,0,0,0,0,0,,330,1.73,4.74,41,0.05,4.65,0,,04/01/2023 - 08:59
Minyak dan Lemak,Kopra/Minyak Goreng,1995,1218,731,27,148,0,0,0,0,11,0,,599,3.1,8.48,74,0.08,8.31,0,,04/01/2023 - 08:59
Minyak dan Lemak,Kopra/Minyak Goreng,1996,1244,747,44,379,0,0,0,0,9,0,,403,2.05,5.61,49,0.06,5.5,0,,04/01/2023 - 08:59
Minyak dan Lemak,Kopra/Minyak Goreng,1997,1190,714,0,644,0,0,0,0,4,0,,66,0.33,0.9,8,0.01,0.89,0,,04/01/2023 - 08:59
Minyak dan Lemak,Kopra/Minyak Goreng,1998,1191,715,5,373,0,0,0,0,9,0,,338,1.66,4.56,40,0.05,4.47,0,,04/01/2023 - 08:59
Minyak dan Lemak,Kopra/Minyak Goreng,1999,1305,783,0,350,0,0,0,0,18,0,,415,2.05,5.6,49,0.06,5.49,0,,04/01/2023 - 08:59
Minyak dan Lemak,Kopra/Minyak Goreng,2000,1377,802,0,735,0,0,0,0,23,0,,44,0.21,0.59,5,0.01,0.58,0,,04/01/2023 - 08:59
Minyak dan Lemak,Kopra/Minyak Goreng,2001,1387,832,0,395,0,0,0,0,81,0,,356,1.71,4.68,41,0.05,4.59,0,,04/01/2023 - 08:59
Minyak dan Lemak,Kopra/Minyak Goreng,2002,1540,924,0,446,1,0,0,0,4,7,,465,2.2,6.04,53,0.06,5.92,0,,04/01/2023 - 08:59
Minyak dan Lemak,Kopra/Minyak Goreng,2003,1628.35,977,9,364.82,1.61,0,0,0,4.83,9.66,,605.4,2.83,7.76,67,0.08,7.6,0,,04/01/2023 - 08:59
Minyak dan Lemak,Kopra/Minyak Goreng,2004,1661,996,2,447,1,0,0,0,4,9,,537,2.48,6.8,59,0.07,6.66,0,,04/01/2023 - 08:59
Minyak dan Lemak,Kopra/Minyak Goreng,2005,1517,910,7,752,0,0,0,0,1,3,,161,0.73,2.01,17,0.02,1.97,0,,04/01/2023 - 08:59
Minyak dan Lemak,Kopra/Minyak Goreng,2006,1500,900,9,520,0,0,0,0,11,6,,372,1.67,4.57,40,0.05,4.48,0,,04/01/2023 - 08:59
Minyak dan Lemak,Kopra/Minyak Goreng,2007,1499,899,7,740,0,0,0,0,13,3,,152,0.67,1.84,16,0.02,1.8,0,,04/01/2023 - 08:59
Minyak dan Lemak,Kopra/Minyak Goreng,2008,1575,945,0,649,0,0,0,0,14,5,,277,1.21,3.32,29,0.03,3.25,0,,04/01/2023 - 08:59
Minyak dan Lemak,Kopra/Minyak Goreng,2009,1562,937,0,571,0,0,0,0,24,6,,337,1.44,3.94,34,0.04,3.86,0,,04/01/2023 - 08:59
Minyak dan Lemak,Kopra/Minyak Goreng,2010,3067,1840,0,567,0,0,0,0,43,20,,1210,5.07,13.9,121,0.14,13.63,0,,04/01/2023 - 08:59
Minyak dan Lemak,Kopra/Minyak Goreng,2011,1902,1141,0,570,0,0,0,0,26,9,,537,2.22,6.08,53,0.06,5.96,0,,04/01/2023 - 08:59
Minyak dan Lemak,Kopra/Minyak Goreng,2012,1896,1138,0,803,0,0,0,0,12,5,,318,1.3,3.55,31,0.04,3.48,1,,04/01/2023 - 08:59
Minyak dan Lemak,Kopra/Minyak Goreng,2013,1917,1150,2,490,0,0,0,0,33,10,,619,2.49,6.82,59,0.07,6.68,2,,04/01/2023 - 08:59
Minyak dan Lemak,Lemak Babi,1993,154,15,0,0,0,0,0,0,0,0,,15,0.08,0.22,2,0,0.22,0,,04/01/2023 - 08:59
Minyak dan Lemak,Lemak Babi,1994,167,17,0,0,0,0,0,0,0,0,,17,0.09,0.24,2,0,0.24,0,,04/01/2023 - 08:59
Minyak dan Lemak,Lemak Babi,1995,162,16,0,0,0,0,0,0,0,0,,16,0.08,0.23,2,0,0.23,0,,04/01/2023 - 08:59
Minyak dan Lemak,Lemak Babi,1996,172,17,0,0,0,0,0,0,0,0,,17,0.09,0.24,2,0,0.24,0,,04/01/2023 - 08:59
Minyak dan Lemak,Lemak Babi,1997,133,13,0,0,0,0,0,0,0,0,,13,0.07,0.18,2,0,0.18,0,,04/01/2023 - 08:59
Minyak dan Lemak,Lemak Babi,1998,123,12,0,0,0,0,0,0,0,0,,12,0.06,0.16,1,0,0.16,0,,04/01/2023 - 08:59
Minyak dan Lemak,Lemak Babi,1999,124,12,0,0,0,0,0,0,0,0,,12,0.06,0.16,1,0,0.16,0,,04/01/2023 - 08:59
Minyak dan Lemak,Lemak Babi,2000,148,15,0,0,0,0,0,0,0,0,,15,0.07,0.2,2,0,0.2,0,,04/01/2023 - 08:59
Minyak dan Lemak,Lemak Babi,2001,146,15,0,0,0,0,0,0,0,0,,15,0.07,0.2,2,0,0.2,0,,04/01/2023 - 08:59
Minyak dan Lemak,Lemak Babi,2002,150,15,0,0,0,0,0,0,0,0,,15,0.07,0.19,2,0,0.19,0,,04/01/2023 - 08:59
Minyak dan Lemak,Lemak Babi,2003,161,16,0,0,0,0,0,0,0,0,,16,0.07,0.2,2,0,0.2,0,,04/01/2023 - 08:59
Minyak dan Lemak,Lemak Babi,2004,177,18,0,0,0,0,0,0,0,0,,17,0.08,0.22,2,0,0.22,0,,04/01/2023 - 08:59
Minyak dan Lemak,Lemak Babi,2005,158,16,0,0,0,0,0,0,0,0,,16,0.07,0.19,2,0,0.19,0,,04/01/2023 - 08:59
Minyak dan Lemak,Lemak Babi,2006,178,18,0,0,0,0,0,0,0,0,,18,0.08,0.22,2,0,0.22,0,,04/01/2023 - 08:59
Minyak dan Lemak,Lemak Babi,2007,205,21,0,0,0,0,0,0,0,0,,20,0.09,0.25,2,0,0.25,0,,04/01/2023 - 08:59
Minyak dan Lemak,Lemak Babi,2008,191,19,0,0,0,0,0,0,0,0,,19,0.08,0.22,2,0,0.22,0,,04/01/2023 - 08:59
Minyak dan Lemak,Lemak Babi,2009,182,18,0,0,0,0,0,0,0,0,,18,0.08,0.21,2,0,0.21,0,,04/01/2023 - 08:59
Minyak dan Lemak,Lemak Babi,2010,193,19,0,0,0,0,0,0,0,0,,19,0.08,0.22,2,0,0.22,0,,04/01/2023 - 08:59
Minyak dan Lemak,Lemak Babi,2011,204,20,0,0,0,0,0,0,0,0,,20,0.08,0.23,2,0,0.23,0,,04/01/2023 - 08:59
Minyak dan Lemak,Lemak Babi,2012,211,21,0,0,0,0,0,0,0,0,,21,0.08,0.23,2,0,0.23,1,,04/01/2023 - 08:59
Minyak dan Lemak,Lemak Babi,2013,223,22,0,0,0,0,0,0,1,0,,22,0.09,0.24,2,0,0.24,2,,04/01/2023 - 08:59
Minyak dan Lemak,Lemak Kambing,1993,57,2,0,0,0,0,0,0,0,0,,2,0.01,0.03,0,0,0.03,0,,04/01/2023 - 08:59
Minyak dan Lemak,Lemak Kambing,1994,46,1,0,0,0,0,0,0,0,0,,1,0.01,0.02,0,0,0.02,0,,04/01/2023 - 08:59
Minyak dan Lemak,Lemak Kambing,1995,45,1,0,0,0,0,0,0,0,0,,1,0.01,0.01,0,0,0.01,0,,04/01/2023 - 08:59
Minyak dan Lemak,Lemak Kambing,1996,48,1,0,0,0,0,0,0,0,0,,1,0.01,0.01,0,0,0.01,0,,04/01/2023 - 08:59
Minyak dan Lemak,Lemak Kambing,1997,52,2,0,0,0,0,0,0,0,0,,2,0.01,0.03,0,0,0.02,0,,04/01/2023 - 08:59
Minyak dan Lemak,Lemak Kambing,1998,38,1,0,0,0,0,0,0,0,0,,1,0,0.01,0,0,0.01,0,,04/01/2023 - 08:59
Minyak dan Lemak,Lemak Kambing,1999,36,1,0,0,0,0,0,0,0,0,,1,0,0.01,0,0,0.01,0,,04/01/2023 - 08:59
Minyak dan Lemak,Lemak Kambing,2000,36,1,0,0,0,0,0,0,0,0,,1,0.01,0.01,0,0,0.01,0,,04/01/2023 - 08:59
Minyak dan Lemak,Lemak Kambing,2001,39,1,0,0,0,0,0,0,0,0,,1,0,0.01,0,0,0.01,0,,04/01/2023 - 08:59
Minyak dan Lemak,Lemak Kambing,2002,47,1,0,0,0,0,0,0,0,0,,1,0.01,0.02,0,0,0.02,0,,04/01/2023 - 08:59
Minyak dan Lemak,Lemak Kambing,2003,51.1,1.53,0,0,0,0,0,0,0.02,0,,1.52,0.01,0.02,0,0,0.02,0,,04/01/2023 - 08:59
Minyak dan Lemak,Lemak Kambing,2004,46,1,0,0,0,0,0,0,0,0,,1,0.01,0.02,0,0,0.02,0,,04/01/2023 - 08:59
Minyak dan Lemak,Lemak Kambing,2005,40,1,0,0,0,0,0,0,0,0,,1,0.01,0.01,0,0,0.01,0,,04/01/2023 - 08:59
Minyak dan Lemak,Lemak Kambing,2006,52,2,0,0,0,0,0,0,0,0,,2,0.01,0.02,0,0,0.02,0,,04/01/2023 - 08:59
Minyak dan Lemak,Lemak Kambing,2007,51,2,0,0,0,0,0,0,0,0,,2,0.01,0.02,0,0,0.02,0,,04/01/2023 - 08:59
Minyak dan Lemak,Lemak Kambing,2008,53,2,0,0,0,0,0,0,0,0,,2,0.01,0.02,0,0,0.02,0,,04/01/2023 - 08:59
Minyak dan Lemak,Lemak Kambing,2009,59,2,0,0,0,0,0,0,0,0,,2,0.01,0.02,0,0,0.02,0,,04/01/2023 - 08:59
Minyak dan Lemak,Lemak Kambing,2010,55,2,0,0,0,0,0,0,0,0,,2,0.01,0.02,0,0,0.02,0,,04/01/2023 - 08:59
Minyak dan Lemak,Lemak Kambing,2011,53,2,0,0,0,0,0,0,0,0,,2,0.01,0.02,0,0,0.02,0,,04/01/2023 - 08:59
Minyak dan Lemak,Lemak Kambing,2012,52,2,0,0,0,0,0,0,0,0,,2,0.01,0.02,0,0,0.02,1,,04/01/2023 - 08:59
Minyak dan Lemak,Lemak Kambing,2013,54,2,0,0,0,0,0,0,0,0,,2,0.01,0.02,0,0,0.02,2,,04/01/2023 - 08:59
Minyak dan Lemak,Lemak Kerbau,1993,41,1,0,0,0,0,0,0,0,0,,1,0.01,0.01,0,0,0.01,0,,04/01/2023 - 08:59
Minyak dan Lemak,Lemak Kerbau,1994,39,1,0,0,0,0,0,0,0,0,,1,0.01,0.02,0,0,0.01,0,,04/01/2023 - 08:59
Minyak dan Lemak,Lemak Kerbau,1995,37,1,0,0,0,0,0,0,0,0,,1,0.01,0.01,0,0,0.01,0,,04/01/2023 - 08:59
Minyak dan Lemak,Lemak Kerbau,1996,39,1,0,0,0,0,0,0,0,0,,1,0.01,0.01,0,0,0.01,0,,04/01/2023 - 08:59
Minyak dan Lemak,Lemak Kerbau,1997,38,1,0,0,0,0,0,0,0,0,,0,0,0,0,0,0.01,0,,04/01/2023 - 08:59
Minyak dan Lemak,Lemak Kerbau,1998,37,1,0,0,0,0,0,0,0,0,,1,0,0.01,0,0,0.01,0,,04/01/2023 - 08:59
Minyak dan Lemak,Lemak Kerbau,1999,39,1,0,0,0,0,0,0,0,0,,1,0,0.01,0,0,0.01,0,,04/01/2023 - 08:59
Minyak dan Lemak,Lemak Kerbau,2000,37,1,0,0,0,0,0,0,0,0,,1,0.01,0.01,0,0,0.01,0,,04/01/2023 - 08:59
Minyak dan Lemak,Lemak Kerbau,2001,35,1,0,0,0,0,0,0,0,0,,1,0,0.01,0,0,0.01,0,,04/01/2023 - 08:59
Minyak dan Lemak,Lemak Kerbau,2002,34,1,0,0,0,0,0,0,0,0,,1,0,0.01,0,0,0.01,0,,04/01/2023 - 08:59
Minyak dan Lemak,Lemak Kerbau,2003,32.5,0.98,0,0,0,0,0,0,0.04,0,,0.94,0,0.01,0,0,0.01,0,,04/01/2023 - 08:59
Minyak dan Lemak,Lemak Kerbau,2004,32,1,0,0,0,0,0,0,0,0,,1,0,0.01,0,0,0.01,0,,04/01/2023 - 08:59
Minyak dan Lemak,Lemak Kerbau,2005,30,1,0,0,0,0,0,0,0,0,,1,0,0.01,0,0,0.01,0,,04/01/2023 - 08:59
Minyak dan Lemak,Lemak Kerbau,2006,35,1,0,0,0,0,0,0,0,0,,1,0,0.01,0,0,0.01,0,,04/01/2023 - 08:59
Minyak dan Lemak,Lemak Kerbau,2007,33,1,0,0,0,0,0,0,0,0,,1,0,0.01,0,0,0.01,0,,04/01/2023 - 08:59
Minyak dan Lemak,Lemak Kerbau,2008,31,1,0,0,0,0,0,0,0,0,,1,0,0.01,0,0,0.01,0,,04/01/2023 - 08:59
Minyak dan Lemak,Lemak Kerbau,2009,28,1,0,0,0,0,0,0,0,0,,1,0,0.01,0,0,0.01,0,,04/01/2023 - 08:59
Minyak dan Lemak,Lemak Kerbau,2010,29,1,0,0,0,0,0,0,0,0,,1,0,0.01,0,0,0.01,0,,04/01/2023 - 08:59
Minyak dan Lemak,Lemak Kerbau,2011,28,1,0,0,0,0,0,0,0,0,,1,0,0.01,0,0,0.01,0,,04/01/2023 - 08:59
Minyak dan Lemak,Lemak Kerbau,2012,30,1,0,0,0,0,0,0,0,0,,1,0,0.01,0,0,0.01,1,,04/01/2023 - 08:59
Minyak dan Lemak,Lemak Kerbau,2013,32,1,0,0,0,0,0,0,0,0,,1,0,0.01,0,0,0.01,2,,04/01/2023 - 08:59
Minyak dan Lemak,Lemak Sapi,1993,277,8,0,0,0,0,0,0,0,0,,8,0.04,0.12,1,0,0.11,0,,04/01/2023 - 08:59
Minyak dan Lemak,Lemak Sapi,1994,269,8,0,0,0,0,0,0,0,0,,8,0.04,0.12,1,0,0.1,0,,04/01/2023 - 08:59
Minyak dan Lemak,Lemak Sapi,1995,250,8,0,0,0,0,0,0,0,0,,8,0.04,0.11,1,0,0.1,0,,04/01/2023 - 08:59
Minyak dan Lemak,Lemak Sapi,1996,278,8,0,0,0,0,0,0,0,0,,8,0.04,0.11,1,0,0.1,0,,04/01/2023 - 08:59
Minyak dan Lemak,Lemak Sapi,1997,283,8,0,0,0,0,0,0,0,0,,8,0.04,0.11,1,0,0.1,0,,04/01/2023 - 08:59
Minyak dan Lemak,Lemak Sapi,1998,274,8,0,0,0,0,0,0,0,0,,8,0.04,0.11,1,0,0.1,0,,04/01/2023 - 08:59
Minyak dan Lemak,Lemak Sapi,1999,247,7,0,0,0,0,0,0,0,0,,7,0.03,0.09,1,0,0.09,0,,04/01/2023 - 08:59
Minyak dan Lemak,Lemak Sapi,2000,272,8,0,0,0,0,0,0,0,0,,8,0.04,0.11,1,0,0.1,0,,04/01/2023 - 08:59
Minyak dan Lemak,Lemak Sapi,2001,271,8,0,0,0,0,0,0,1,0,,7,0.03,0.1,1,0,0.09,0,,04/01/2023 - 08:59
Minyak dan Lemak,Lemak Sapi,2002,264,8,0,0,0,0,0,0,0,0,,8,0.04,0.1,1,0,0.09,0,,04/01/2023 - 08:59
Minyak dan Lemak,Lemak Sapi,2003,295.8,8.87,0,0,0,0,0,0,0.13,0,,8.74,0.04,0.11,1,0,0.1,0,,04/01/2023 - 08:59
Minyak dan Lemak,Lemak Sapi,2004,358,11,0,0,0,0,0,0,0,0,,11,0.05,0.13,1,0,0.12,0,,04/01/2023 - 08:59
Minyak dan Lemak,Lemak Sapi,2005,287,9,0,0,0,0,0,0,0,0,,8,0.04,0.11,1,0,0.1,0,,04/01/2023 - 08:59
Minyak dan Lemak,Lemak Sapi,2006,317,10,0,0,0,0,0,0,0,0,,10,0.04,0.12,1,0,0.11,0,,04/01/2023 - 08:59
Minyak dan Lemak,Lemak Sapi,2007,272,8,0,0,0,0,0,0,0,0,,8,0.04,0.1,1,0,0.09,0,,04/01/2023 - 08:59
Minyak dan Lemak,Lemak Sapi,2008,314,9,0,0,0,0,0,0,0,0,,9,0.04,0.11,1,0,0.1,0,,04/01/2023 - 08:59
Minyak dan Lemak,Lemak Sapi,2009,327,10,0,0,0,0,0,0,0,0,,10,0.04,0.11,1,0,0.1,0,,04/01/2023 - 08:59
Minyak dan Lemak,Lemak Sapi,2010,349,10,0,0,0,0,0,0,0,0,,10,0.04,0.12,1,0,0.11,0,,04/01/2023 - 08:59
Minyak dan Lemak,Lemak Sapi,2011,388,12,0,0,0,0,0,0,0,0,,12,0.05,0.13,1,0,0.12,0,,04/01/2023 - 08:59
Minyak dan Lemak,Lemak Sapi,2012,407,12,0,0,0,0,0,0,0,0,,12,0.05,0.14,1,0,0.12,1,,04/01/2023 - 08:59
Minyak dan Lemak,Lemak Sapi,2013,436,13,0,0,0,0,0,0,0,0,,13,0.05,0.14,1,0,0.13,2,,04/01/2023 - 08:59
Minyak dan Lemak,Minyak sawit/minyak goreng,1993,2201,1431,0,0,0,0,0,0,0,0,,1431,7.63,20.9,188,0,20.9,0,,04/01/2023 - 08:59
Minyak dan Lemak,Minyak sawit/minyak goreng,1994,2334,1517,0,0,0,0,0,0,0,0,,1517,7.96,21.8,197,0,21.8,0,,04/01/2023 - 08:59
Minyak dan Lemak,Minyak sawit/minyak goreng,1995,3216,2090,0,0,0,0,0,0,0,0,,2090,10.8,29.59,267,0,29.59,0,,04/01/2023 - 08:59
Minyak dan Lemak,Minyak sawit/minyak goreng,1996,3333,2166,0,0,0,0,0,0,16,0,,2150,10.92,29.93,270,0,29.93,0,,04/01/2023 - 08:59
Minyak dan Lemak,Minyak sawit/minyak goreng,1997,2439,1585,0,0,0,0,0,0,0,0,,1585,7.93,21.73,196,0,21.73,0,,04/01/2023 - 08:59
Minyak dan Lemak,Minyak sawit/minyak goreng,1998,4179,2716,0,0,0,0,0,0,16,0,,2700,13.31,36.47,329,0,36.47,0,,04/01/2023 - 08:59
Minyak dan Lemak,Minyak sawit/minyak goreng,1999,2547,1656,0,0,0,0,0,0,6,0,,1650,8.13,22.28,201,0,22.28,0,,04/01/2023 - 08:59
Minyak dan Lemak,Minyak sawit/minyak goreng,2000,3361,2185,0,0,0,0,0,0,19,0,,2166,10.52,28.83,260,0,28.83,0,,04/01/2023 - 08:59
Minyak dan Lemak,Minyak sawit/minyak goreng,2001,4117,2676,0,0,0,0,0,0,27,0,,2649,12.71,34.82,314,0,34.82,0,,04/01/2023 - 08:59
Minyak dan Lemak,Minyak sawit/minyak goreng,2002,3491,2384,0,0,6,0,0,0,32,37,,2309,10.94,29.97,270,0,29.97,0,,04/01/2023 - 08:59
Minyak dan Lemak,Minyak sawit/minyak goreng,2003,3927.09,2681.42,0,0,6.7,0,0,0,35.84,41.46,,2597,12.15,33.3,300,0,33.3,0,,04/01/2023 - 08:59
Minyak dan Lemak,Minyak sawit/minyak goreng,2004,2978,2033,0,0,5,0,0,0,27,31,,1969,9.1,24.94,225,0,24.94,0,,04/01/2023 - 08:59
Minyak dan Lemak,Minyak sawit/minyak goreng,2005,1387,947,0,0,0,0,0,0,13,15,,920,4.18,11.46,103,0,11.46,0,,04/01/2023 - 08:59
Minyak dan Lemak,Minyak sawit/minyak goreng,2006,4212,2876,0,0,0,0,0,0,13,45,,2819,12.65,34.67,313,0,34.67,0,,04/01/2023 - 08:59
Minyak dan Lemak,Minyak sawit/minyak goreng,2007,5112,3490,0,0,0,0,0,0,13,54,,3423,15.17,41.56,375,0,41.56,0,,04/01/2023 - 08:59
Minyak dan Lemak,Minyak sawit/minyak goreng,2008,4555,3110,0,0,0,0,0,0,23,48,,3039,13.3,36.44,329,0,36.44,0,,04/01/2023 - 08:59
Minyak dan Lemak,Minyak sawit/minyak goreng,2009,2131,1455,0,0,0,0,0,0,26,23,,1407,6,16.45,148,0,16.45,0,,04/01/2023 - 08:59
Minyak dan Lemak,Minyak sawit/minyak goreng,2010,5255,3588,0,0,0,0,0,0,22,56,,3510,14.72,40.32,364,0,40.32,0,,04/01/2023 - 08:59
Minyak dan Lemak,Minyak sawit/minyak goreng,2011,5722,3907,0,0,0,0,0,0,17,61,,3829,15.82,43.35,391,0,20.16,0,,04/01/2023 - 08:59
Minyak dan Lemak,Minyak sawit/minyak goreng,2012,5957,4067,0,0,0,0,0,0,19,63,,3985,16.24,44.49,401,0,20.69,1,,04/01/2023 - 08:59
,Lemak Sapi,2013,8652,5907,0,0,0,0,0,0,19,92,,5797,23.3,63.83,576,0,29.68,2,,04/01/2023 - 08:59
Minyak dan Lemak,Kacang Tanah/Minyak,1993,4,2,0,2,0,0,0,0,0,0,,0,0,0,0,0,0,0,,04/01/2023 - 08:59
Minyak dan Lemak,Kacang Tanah/Minyak,1994,41,21,0,0,0,0,0,0,0,0,,0,0,0,0,0,0,0,,04/01/2023 - 08:59
Minyak dan Lemak,Kacang Tanah/Minyak,1995,3,2,0,2,0,0,0,0,0,0,,0,0,0,0,0,0,0,,04/01/2023 - 08:59
Minyak dan Lemak,Kacang Tanah/Minyak,1996,35,18,0,0,0,0,0,0,0,0,,18,0.09,0.25,2,0,0.25,0,,04/01/2023 - 08:59
Minyak dan Lemak,Kacang Tanah/Minyak,1997,46,24,0,0,0,0,0,0,0,0,,24,0.12,0.33,3,0,0.33,0,,04/01/2023 - 08:59
Minyak dan Lemak,Kacang Tanah/Minyak,1998,10,5,0,0,0,0,0,0,0,0,,5,0.03,0.07,1,0,0.07,0,,04/01/2023 - 08:59
Minyak dan Lemak,Kacang Tanah/Minyak,1999,22,11,0,0,0,0,0,0,0,0,,11,0.06,0.15,1,0,0.15,0,,04/01/2023 - 08:59
Minyak dan Lemak,Kacang Tanah/Minyak,2000,27,14,0,0,0,0,0,0,0,0,,14,0.07,0.19,2,0,0.19,0,,04/01/2023 - 08:59
Minyak dan Lemak,Kacang Tanah/Minyak,2001,39,21,0,0,0,0,0,0,0,0,,21,0.1,0.27,2,0,0.27,0,,04/01/2023 - 08:59
Minyak dan Lemak,Kacang Tanah/Minyak,2002,71,37,0,0,0,0,0,0,0,0,,37,0.17,0.48,4,0,0.48,0,,04/01/2023 - 08:59
Minyak dan Lemak,Kacang Tanah/Minyak,2003,74.93,38.96,0.19,0.04,0.1,0,0,0,0,0,,39.02,0.18,0.5,5,0,0.5,0,,04/01/2023 - 08:59
Minyak dan Lemak,Kacang Tanah/Minyak,2004,77,40,0,0,0,0,0,0,0,0,,40,0.18,0.5,5,0,0.5,0,,04/01/2023 - 08:59
Minyak dan Lemak,Kacang Tanah/Minyak,2005,78,41,0,0,0,0,0,0,0,0,,41,0.19,0.51,5,0,0.51,0,,04/01/2023 - 08:59
Minyak dan Lemak,Kacang Tanah/Minyak,2006,77,40,0,0,0,0,0,0,0,0,,40,0.18,0.49,4,0,0.49,0,,04/01/2023 - 08:59
Minyak dan Lemak,Kacang Tanah/Minyak,2007,76,39,0,0,0,0,0,0,0,0,,39,0.17,0.48,4,0,0.48,0,,04/01/2023 - 08:59
Minyak dan Lemak,Kacang Tanah/Minyak,2008,77,40,0,0,0,0,0,0,0,0,,40,0.18,0.48,4,0,0.48,0,,04/01/2023 - 08:59
Minyak dan Lemak,Kacang Tanah/Minyak,2009,77,40,0,0,0,0,0,0,0,0,,40,0.17,0.47,4,0,0.47,0,,04/01/2023 - 08:59
Minyak dan Lemak,Kacang Tanah/Minyak,2010,78,40,0,0,0,0,0,0,0,0,,40,0.17,0.46,4,0,0.46,0,,04/01/2023 - 08:59
Minyak dan Lemak,Kacang Tanah/Minyak,2011,69,36,0,0,0,0,0,0,0,0,,36,0.15,0.41,4,0,0.41,0,,04/01/2023 - 08:59
Minyak dan Lemak,Kacang Tanah/Minyak,2012,69,36,0,0,0,0,0,0,0,0,,36,0.15,0.4,4,0,40,1,,04/01/2023 - 08:59
Minyak dan Lemak,Kacang Tanah/Minyak,2013,88,46,0,0,0,0,0,0,0,0,,46,0.18,0.5,5,0,0.5,2,,04/01/2023 - 08:59
Makanan berpati,Ubi Jalar,2012,0,2483,0,10,0,49,0,0,0,247,,2177,8.87,24.3,26,0.25,0.7,0,,04/01/2023 - 08:59
Makanan berpati,Ubi Kayu,2012,0,10000,0,0,0,484,0,8015,0,515,,10000,61.79,169.27,166,1.08,0.33,0,,04/01/2023 - 08:59
Makanan berpati,Ubi Kayu/Gaplek,2012,2442,879,14,43,0,0,0,0,151,6,,692,2.82,7.73,26,0.12,0.05,0,,04/01/2023 - 08:59
Makanan berpati,Ubi Kayu/Tapioka,2012,5573,1561,758,12,0,0,0,0,411,16,,1880,7.66,20.99,76,0.1,0.06,0,,04/01/2023 - 08:59
Makanan berpati,Sagu/Tepung sagu,2012,662,132,0,5,0,0,0,0,16,1,,110,0.45,1.23,4,0.01,0,0,,04/01/2023 - 08:59
Makanan berpati,Ubi Jalar,2013,0,2387,0,10,0,48,0,0,0,238,,2092,8.41,23.03,25,0.23,0.66,0,,04/01/2023 - 08:59
Makanan berpati,Ubi Jalar,2014,0,2383,0,10,0,47,0,0,0,237,,2088,8.28,22.69,24,0.23,0.65,0,,04/01/2023 - 08:59
Makanan berpati,Ubi Kayu,2014,0,10000,0,0,0,469,0,10000,0,499,,10000,48.08,131.73,129,0.84,0.26,0,,04/01/2023 - 08:59
Makanan berpati,Ubi Kayu,2013,0,10000,0,0,0,479,0,10000,0,510,,10000,43.1,118.09,116,0.75,0.23,0,,04/01/2023 - 08:59
Makanan berpati,Ubi Kayu/Gaplek,2013,2676,963,0,135,0,0,0,0,147,6,,675,2.71,7.43,25,0.11,0.05,0,,04/01/2023 - 08:59
Makanan berpati,Ubi Kayu/Gaplek,2014,3518,1266,0,84,0,0,0,0,210,9,,963,3.82,10.46,35,0.16,0.07,0,,04/01/2023 - 08:59
Makanan berpati,Ubi Kayu/Tapioka,2013,9547,2674,220,63,0,0,0,0,504,20,,2307,9.27,25.41,92,0.13,0.08,0,,04/01/2023 - 08:59
Makanan berpati,Ubi Kayu/Tapioka,2014,6826,1912,365,36,0,0,0,0,399,16,,1827,7.24,19.85,72,0.1,0.06,0,,04/01/2023 - 08:59
Makanan berpati,Sagu/Tepung sagu,2014,392,157,0,9,0,0,0,0,30,1,,117,0.46,1.27,4,0.01,0,0,,04/01/2023 - 08:59
Makanan berpati,Sagu/Tepung sagu,2013,388,155,0,7,0,0,0,0,22,1,,125,0.5,1.37,5,0.01,0,0,,04/01/2023 - 08:59
Padi - Padian,Beras,2014,66031,41428,843,2,-409,73,0,0,48,1067,,41491,164.58,450.69,1632,38.22,6.53,0,,04/01/2023 - 08:59
Padi - Padian,Beras,2012,64369,40385,1787,1,1062,70,0,0,27,1028,,39985,162.92,446.36,1617,37.85,6.47,0,,04/01/2023 - 08:59
Padi - Padian,Jagung,2012,0,19387.022,1772.8076,66.3935,0,1266,87,0,4318.5168,1055,,14368,58.54,160.39,462,11.95,5.63,0,,04/01/2023 - 08:59
Padi - Padian,Jagung,2013,0,18512,3255,18,0,1305,75,0,4786,1087,,14495,58.26,159.61,460,11.89,5.6,0,,04/01/2023 - 08:59
Buah Biji Berminyak,Kedelai,2012,0,843,1946,2,0,9,34,0,134,139,,2470,10.06,27.57,105,11.14,4.6,0,,04/01/2023 - 08:59
Buah Biji Berminyak,Kedelai,2013,0,780,1814,1,0,9,33,0,145,130,,2276,9.15,25.06,95,10.12,4.18,0,,04/01/2023 - 08:59
Buah Biji Berminyak,Kedelai,2014,0,955,1993,41,0,10,34,0,212,145,,2506,9.94,27.23,104,11,4.55,0,,04/01/2023 - 08:59
Gula,Gula Pasir,2012,0,2592,2769,1,311,0,0,0,66,49,,4934,20.1,55.08,200,0,0,0,,04/01/2023 - 08:59
Gula,Gula Pasir,2013,0,2551,3344,1,326,0,0,0,121,55,,5393,21.68,59.39,216,0,0,0,,04/01/2023 - 08:59
Sayur-sayuran,Cabe,2012,0,1657,133,3,0,0,13,0,0,94,,1679,6.84,18.75,4,0.14,0.05,0,,04/01/2023 - 08:59
Sayur-sayuran,Cabe,2013,0,1726,148,2,0,0,13,0,0,99,,1760,7.07,19.38,4,0.14,0.05,0,,04/01/2023 - 08:59
Sayur-sayuran,Cabe,2014,0,1875,175,3,0,0,15,0,0,108,,1925,7.63,20.91,5,0.15,0.05,0,,04/01/2023 - 08:59
Sayur-sayuran,Bawang Merah,2014,1234,797,48,3,0,0,2,0,0,70,,770,3.05,8.36,3,0.1,0.02,0,,04/01/2023 - 08:59
Sayur-sayuran,Bawang Merah,2013,1011,653,62,3,0,0,2,0,0,59,,650,2.61,7.16,2,0.09,0.02,0,,04/01/2023 - 08:59
Sayur-sayuran,Bawang Merah,2012,964,622,63,12,0,0,2,0,0,56,,615,2.51,6.86,2,0.08,0.02,0,,04/01/2023 - 08:59
Buah Biji Berminyak,Kacang tanah lepas kulit,2012,1188,713,123,5,0,0,23,71,0,42,,696,2.83,7.77,35,1.96,3.32,0,,04/01/2023 - 08:59
Buah Biji Berminyak,Kacang tanah berkulit,2012,0,1188,64,2,0,0,0,1188,0,63,,0,0,0,0,0,0,0,,04/01/2023 - 08:59
Buah Biji Berminyak,Kacang tanah berkulit,2013,0,1128,105,2,0,0,0,1169,0,62,,0,0,0,0,0,0,0,,04/01/2023 - 08:59
Buah Biji Berminyak,Kacang tanah lepas kulit,2013,1169,702,178,4,0,0,21,75,17,44,,719,2.89,7.92,36,2,3.39,0,,04/01/2023 - 08:59
Buah Biji Berminyak,Kacang tanah berkulit,2014,0,1029,94,2,0,0,0,1065,0,56,,0,0,0,0,0,0,0,,04/01/2023 - 08:59
Buah Biji Berminyak,Kacang tanah lepas kulit,2014,1065,639,160,4,0,0,20,68,0,40,,668,2.65,7.25,33,1.84,3.1,0,,04/01/2023 - 08:59
Daging,Daging Sapi,2012,509,381,34,0,0,0,0,0,0,21,,394,1.61,4.4,9,0.83,0.62,0,,04/01/2023 - 08:59
Daging,Daging Sapi,2013,505,378,46,0,0,0,0,0,0,21,,403,1.62,4.43,9,0.83,0.62,0,,04/01/2023 - 08:59
Daging,Daging Sapi,2014,498,373,75,0,0,0,0,0,0,22,,425,1.69,4.62,10,0.87,0.65,0,,04/01/2023 - 08:59
Daging,Daging Ayam Buras,2012,0,267,0,0,0,0,0,0,0,13,,254,1.04,2.84,5,0.3,0.41,0,,04/01/2023 - 08:59
Daging,Daging Ayam Ras,2012,0,1467,0,0,0,0,0,0,0,73,,1393,5.68,15.55,27,1.64,2.26,0,,04/01/2023 - 08:59
Daging,Daging Ayam Buras,2013,0,320,0,0,0,0,0,0,0,16,,304,1.22,3.34,6,0.35,0.48,0,,04/01/2023 - 08:59
Daging,Daging Ayam Ras,2013,0,1575,0,0,0,0,0,0,0,79,,1496,6.01,16.48,29,1.74,2.39,0,,04/01/2023 - 08:59
Daging,Daging Ayam Buras,2014,0,298,0,0,0,0,0,0,0,15,,283,1.12,3.07,5,0.32,0.45,0,,04/01/2023 - 08:59
Daging,Daging Ayam Ras,2014,0,1642,0,0,0,0,0,0,0,82,,1559,6.18,16.94,30,1.79,2.46,0,,04/01/2023 - 08:59
Telur,Telur Ayam Buras,2012,0,197,0,0,0,0,49,0,0,8,,140,0.57,1.57,2,0.13,0.15,0,,04/01/2023 - 08:59
Telur,Telur Ayam Ras,2012,0,1140,1,0,0,0,0.04,0,0,23,,1118,4.55,12.48,15,1.24,1.08,0,,04/01/2023 - 08:59
Telur,Telur Ayam Buras,2013,0,195,0,0,0,0,49,0,0,8,,138,0.56,1.52,2,0.12,0.15,0,,04/01/2023 - 08:59
Telur,Telur Ayam Ras,2013,0,1224,2,0,0,0,0,0,0,25,,1201,4.83,13.22,16,1.31,1.14,0,,04/01/2023 - 08:59
Telur,Telur Ayam Buras,2014,0,185,0,0,0,0,46,0,0,7,,131,0.52,1.43,2,0.12,0.14,0,,04/01/2023 - 08:59
Telur,Telur Ayam Ras,2014,0,1244,2,0,0,0,0,0,0,26,,1220,4.84,13.26,16,1.32,1.15,0,,04/01/2023 - 08:59
Minyak dan Lemak,Minyak sawit/minyak goreng,2012,8387,5727,0,0,0,0,0,0,38,89,,5599,22.82,62.51,564,0,29.07,0,,04/01/2023 - 08:59
Minyak dan Lemak,Minyak sawit,2012,0,10000,1,10000,551,0,0,8387,213,211,,0,0,0,0,0,0,0,,04/01/2023 - 08:59
Minyak dan Lemak,Minyak sawit/minyak goreng,2013,7151,4883,0,0,0,0,0,0,108,76,,4699,18.89,51.74,467,0,24.06,0,,04/01/2023 - 08:59
Minyak dan Lemak,Minyak sawit/minyak goreng,2014,6265,4278,0,0,0,0,0,0,104,66,,4107,16.29,44.62,402,0,20.75,0,,04/01/2023 - 08:59
Padi - Padian,Gabah,2013,0,71280,1,0,0,314,661,66457,0,3849,,0,0,0,0,0,0,0,,04/01/2023 - 08:59
Padi - Padian,Gabah,2014,0,70846,1,0,0,312,680,66031,0,3826,,0,0,0,0,0,0,0,,04/01/2023 - 08:59
Padi - Padian,Beras,2013,66457,41695,471,3,164,71,0,0,59,1050,,40820,164.05,449.46,1628,38.11,6.52,0,,04/01/2023 - 08:59
Padi - Padian,Jagung basah,2013,0,2095,2,20,0,0,0,0,1891,0,,187,0.74,2.03,0,0.01,0,0,,04/01/2023 - 08:59
Padi - Padian,Jagung basah,2014,0,2095,2,20,0,0,0,0,1891,0,,187,0.74,2.03,0,0.01,0,0,,04/01/2023 - 08:59
Padi - Padian,Jagung basah,2013,0,2934,3,818,0,0,0,0,1962,0,,157,0.63,1.73,0,0.01,0,0,,04/01/2023 - 08:59
Padi - Padian,Gandum,2013,0,0,6744,0,0,0,0,6734,10,0,,0,0,0,0,0,0,0,,04/01/2023 - 08:59
Padi - Padian,Gandum,2014,0,0,7439,0,0,0,0,7417,21,0,,0,0,0,0,0,0,0,,04/01/2023 - 08:59
Padi - Padian,Tepung Gandum,2013,6734,4848,223,68,0,0,0,0,153,15,,4836,19.44,53.25,177,4.79,0.53,0,,04/01/2023 - 08:59
Padi - Padian,Tepung Gandum,2014,7417,4798,223,68,0,0,0,0,42,14,,4897,19.68,53.92,180,4.85,0.54,0,,04/01/2023 - 08:59
Gula,Gula Mangkok,2013,0,298,0,0,0,0,0,0,3,0,,295,1.19,3.25,12,0.1,0.32,0,,04/01/2023 - 08:59
Gula,Gula Mangkok,2014,0,304,0,0,0,0,0,0,8,0,,295,1.17,3.21,12,0.1,0.32,0,,04/01/2023 - 08:59
Buah Biji Berminyak,Kacang Hijau,2013,0,205,0,0,0,4,5,0,0,10,,185,0.74,2.04,7,0.41,0.05,0,,04/01/2023 - 08:59
Buah Biji Berminyak,Kacang Hijau,2014,0,245,0,0,0,5,6,0,0,12,,221,0.88,2.4,8,0.49,0.04,0,,04/01/2023 - 08:59
Buah Biji Berminyak,Kacang Hijau,2012,0,284,0,0,0,6,7,0,0,14,,257,1.05,2.87,10,0.58,0.05,0,,04/01/2023 - 08:59
Buah Biji Berminyak,Kelapa Berkulit/daging,2012,0,10000,2,218,0,0,0,7939,5,458,,4142,16.88,46.24,88,0.83,8.5,0,,04/01/2023 - 08:59
Buah Biji Berminyak,Kelapa Berkulit/daging,2013,0,12206,1,277,0,0,0,7551,3,435,,3941,15.84,43.39,83,0.78,7.98,0,,04/01/2023 - 08:59
Buah Biji Berminyak,Kelapa Berkulit/daging,2014,0,12024,1,353,0,0,0,7387,8,426,,3850,15.27,41.83,80,0.75,7.69,0,,04/01/2023 - 08:59
Buah Biji Berminyak,Kelapa daging/kopra,2014,7387,1847,0,54,0,0,0,1725,49,20,,0,0,0,0,0,0,0,,04/01/2023 - 08:59
Buah Biji Berminyak,Kelapa daging/kopra,2013,7551,1888,0,29,0,0,0,1792,47,20,,0,0,0,0,0,0,0,,04/01/2023 - 08:59
Buah Biji Berminyak,Kelapa daging/kopra,2012,7939,1985,0,487,0,0,0,1889,26,21,,0,0,0,0,0,0,0,,04/01/2023 - 08:59
Minyak dan Lemak,Kacang Tanah/Minyak,2014,68,35,0,0,0,0,0,0,0,0,,35,0.14,0.38,3,0,0.38,1,,04/01/2023 - 08:59
Daging,Daging Kerbau,2012,37,26,0,0,0,0,0,0,0,1,,25,0.1,0.28,0,0.05,0,0,,04/01/2023 - 08:59
Daging,Daging Kerbau,2013,38,27,0,0,0,0,0,0,0,1,,25,0.1,0.28,0,0.05,0,0,,04/01/2023 - 08:59
Daging,Daging Kerbau,2014,35,25,0,0,0,0,0,0,0,1,,24,0.09,0.26,0,0.05,0,0,,04/01/2023 - 08:59
Daging,Daging Kambing,2012,65,44,0,0,0,0,0,0,0,2,,42,0.17,0.47,1,0.08,0.04,0,,04/01/2023 - 08:59
Daging,Daging Kambing,2013,65,44,0,0,0,0,0,0,0,2,,42,0.17,0.46,1,0.08,0.04,0,,04/01/2023 - 08:59
Daging,Daging Kambing,2014,65,44,1,0,0,0,0,0,0,2,,43,0.17,0.46,1,0.08,0.04,0,,04/01/2023 - 08:59
Daging,Daging Domba,2012,44,32,1,0,0,0,0,0,0,2,,32,0.13,0.35,1,0.06,0.07,0,,04/01/2023 - 08:59
Daging,Daging Domba,2013,41,30,1,0,0,0,0,0,0,2,,30,0.12,0.32,1,0.05,0.07,0,,04/01/2023 - 08:59
Daging,Daging Domba,2014,44,32,1,0,0,0,0,0,0,2,,31,0.12,0.34,1,0.06,0.07,0,,04/01/2023 - 08:59
Daging,Daging Kuda,2012,3,2,0,0,0,0,0,0,0,0,,2,0.01,0.02,0,0,0,0,,04/01/2023 - 08:59
Daging,Daging Kuda,2013,2,1,0,0,0,0,0,0,0,0,,1,0.01,0.01,0,0,0,0,,04/01/2023 - 08:59
Daging,Daging Kuda,2014,2,2,0,0,0,0,0,0,0,0,,2,0.01,0.02,0,0,0,0,,04/01/2023 - 08:59
Daging,Daging Babi,2012,232,157,0,0,0,0,0,0,0,8,,149,0.61,1.66,7,0.2,0.66,0,,04/01/2023 - 08:59
Daging,Daging Babi,2013,298,201,0,0,0,0,0,0,0,10,,191,0.77,2.11,9,0.27,0.84,0,,04/01/2023 - 08:59
Daging,Daging Babi,2014,302,204,0,0,0,0,0,0,0,10,,194,0.77,2.11,9,0.27,0.84,0,,04/01/2023 - 08:59
Daging,Daging Sapi,2014,498,373,75,0,0,0,0,0,0,22,,425,1.69,4.62,10,0.87,0.65,0,,04/01/2023 - 08:59
Daging,Daging Ayam Buras,2014,0,298,0,0,0,0,0,0,0,15,,283,1.12,3.07,5,0.32,0.45,0,,04/01/2023 - 08:59
Daging,Daging Ayam Ras,2011,1273,738,0,0,0,0,0,0,0,37,,701,2.9,7.94,0,1.45,1.98,0,,04/01/2023 - 08:59
Daging,Daging Itik,2011,26,15,1,0,0,0,0,0,0,1,,15,0.06,0.17,1,0.02,0.05,0,,04/01/2023 - 08:59
Daging,Daging Itik,2012,0,30,0,0,0,0,0,0,0,2,,29,0.12,0.32,1,0.03,0.05,0,,04/01/2023 - 08:59
Daging,Daging Itik,2013,0,32,1,0,0,0,0,0,0,2,,31,0.13,0.34,1,0.03,0.06,0,,04/01/2023 - 08:59
Daging,Daging Itik,2014,0,33,1,0,0,0,0,0,0,2,,33,0.13,0.35,1,0.03,0.06,0,,04/01/2023 - 08:59
Daging,Jeroan semua jenis,2012,0,311,7,0,0,0,0,0,0,0,,317,1.29,3.54,4,0.56,0.23,0,,04/01/2023 - 08:59
Daging,Jeroan semua jenis,2013,0,336,9,0,0,0,0,0,0,0,,345,1.39,3.8,5,0.6,0.24,0,,04/01/2023 - 08:59
Daging,Jeroan semua jenis,2014,0,340,30,0,0,0,0,0,0,0,,370,1.47,4.02,5,0.63,0.26,0,,04/01/2023 - 08:59
Buah-buahan,Alpokat,2011,0,0,0,0,0,0,0,0,0,0,,0,0,0,0,0,0,0,,04/01/2023 - 08:59
Buah-buahan,Alpokat,2011,0,276,0,0,0,0,0,0,0,2,,274,1.13,3.1,2,0.02,0.12,0,,04/01/2023 - 08:59
Buah-buahan,Jeruk,2011,0,1819,218,0,0,0,0,0,0,80,,1957,8.09,22.15,5,0.08,0.03,0,,04/01/2023 - 08:59
Buah-buahan,Duku,2011,0,171,0,0,0,0,0,0,0,1,,170,0.7,1.92,0,0.01,0,0,,04/01/2023 - 08:59
Buah-buahan,Durian,2011,0,884,27,0,0,0,0,0,0,91,,820,0,0,0,0,0,0,,04/01/2023 - 08:59
Buah-buahan,Durian,2011,0,884,27,0,0,0,0,0,0,91,,820,3.39,9.28,1,0.01,0.01,0,,04/01/2023 - 08:59
Buah-buahan,Jambu,2011,0,315,0,0,0,0,0,0,0,3,,312,1.29,3.54,1,0.02,0.01,0,,04/01/2023 - 08:59
Buah-buahan,Mangga,2011,0,2131,1,1,0,0,0,0,0,149,,1981,8.19,22.43,5,0.05,0.02,0,,04/01/2023 - 08:59
Buah-buahan,Nanas,2011,0,1541,0,0,0,0,0,0,0,80,,1461,6.04,16.54,2,0.03,0.01,0,,04/01/2023 - 08:59
Buah-buahan,Pepaya,2011,0,958,0,0,0,0,0,0,0,59,,899,3.71,10.17,3,0.03,0,0,,04/01/2023 - 08:59
Buah-buahan,Pisang,2011,0,6133,2,2,0,0,0,0,0,288,,5844,24.15,66.17,32,0.35,0.1,0,,04/01/2023 - 08:59
Buah-buahan,Rambutan,2011,0,812,0,0,0,0,0,0,0,7,,805,3.33,9.11,1,0.01,0.02,0,,04/01/2023 - 08:59
Buah-buahan,Salak,2011,0,1082,0,0,0,0,0,0,0,74,,1009,4.17,11.42,10,0.04,0.01,0,,04/01/2023 - 08:59
Sayur-sayuran,Ketimun,2012,0,511,0,0,0,0,4,0,0,13,,495,2.02,5.53,0,0.01,0,0,,04/01/2023 - 08:59
Minyak dan Lemak,Kopra/Minyak Goreng,2013,1792,1075,2,634,0,0,0,0,31,7,,405,1.63,4.46,39,0.04,4.37,0,,04/01/2023 - 08:59
Minyak dan Lemak,Minyak sawit,2013,0,0,0,0,0,0,0,0,0,0,,0,0,0,0,0,0,0,,04/01/2023 - 08:59
Sayur-sayuran,Kacang Merah,2012,0,93,0,0,0,0,3,0,0,3,,88,0.36,0.99,3,0.14,0.02,0,,04/01/2023 - 08:59
Minyak dan Lemak,Minyak sawit,2013,0,10000,60,10000,0,0,0,7151,148,179,,0,0,0,0,0,0,0,,04/01/2023 - 08:59
Minyak dan Lemak,Minyak sawit/minyak goreng,2013,7151,4883,0,0,0,0,0,0,0,0,,0,0,0,0,0,0,0,,04/01/2023 - 08:59
Sayur-sayuran,Kacang Merah,2012,0,0,0,0,0,0,0,0,0,0,,0,0,0,0,0,0.02,0,,04/01/2023 - 08:59
Minyak dan Lemak,Minyak sawit/minyak goreng,2013,7151,7883,0,0,0,0,0,108,0,79,,4699,18.89,51.74,467,0,24.06,0,,04/01/2023 - 08:59
Sayur-sayuran,Kacang Merah,2012,0,93,0,0,0,0,3,0,0,0,,88,0.36,0.99,3,0.14,0.02,0,,04/01/2023 - 08:59
Sayur-sayuran,Kacang Panjang,2012,0,0,0,0,0,0,0,0,0,0,,0,0,0,0,0,0,0,,04/01/2023 - 08:59
Sayur-sayuran,Kacang Panjang,2012,0,456,0,0,0,0,2,0,0,12,,441,1.8,4.92,1,0.1,0.02,0,,04/01/2023 - 08:59
Minyak dan Lemak,Kopra/Minyak Goreng,2013,1792,1075,2,634,0,0,0,0,31,7,,405,1.63,4.46,39,0.04,4.37,0,,04/01/2023 - 08:59
Minyak dan Lemak,Minyak sawit,2013,0,10000,66,10000,0,0,0,7151,148,179,,0,0,0,0,0,0,0,,04/01/2023 - 08:59
Sayur-sayuran,Kentang,2012,0,1094,103,5,0,0,14,0,0,60,,1118,4.56,12.48,6,0.19,0.02,0,,04/01/2023 - 08:59
Minyak dan Lemak,Minyak sawit/minyak goreng,2013,7151,4883,0,0,0,0,0,0,108,76,,4699,18.89,51.74,467,0,24.06,0,,04/01/2023 - 08:59
Minyak dan Lemak,Lemak Sapi,2013,505,33,0,0,0,0,0,0,0,0,,33,0.13,0.36,3,0.01,0.33,0,,04/01/2023 - 08:59
Minyak dan Lemak,Lemak Kerbau,2013,38,2,0,0,0,0,0,0,0,0,,2,0.01,0.02,0,0,0.02,0,,04/01/2023 - 08:59
Minyak dan Lemak,Lemak Kambing,2013,65,5,0,0,0,0,0,0,0,0,,5,0.02,0.06,0,0,0.05,0,,04/01/2023 - 08:59
Minyak dan Lemak,Lemak Domba,2013,41,3,0,0,0,0,0,0,0,0,,3,0.01,0.03,0,0,0.03,0,,04/01/2023 - 08:59
Minyak dan Lemak,Lemak Babi,2013,298,36,0,0,0,0,0,0,0,0,,35,0.14,0.39,3,0,0.39,0,,04/01/2023 - 08:59
Telur,Telur Ayam Buras,2013,0,195,0,0,0,0,49,0,0,8,,138,0.56,1.52,2,0.12,0.15,0,,04/01/2023 - 08:59
Telur,Telur Ayam Ras,2013,0,1224,2,0,0,0,0,0,0,25,,1201,4.83,13.22,16,1.31,1.14,0,,04/01/2023 - 08:59
Telur,Telur Itik,2013,0,264,0,0,0,0,36,0,0,10,,218,0.88,2.4,4,0.24,0.31,0,,04/01/2023 - 08:59
Minyak dan Lemak,Kopra/Minyak Goreng,2012,1889,1134,1,805,0,0,0,0,13,5,,312,1.27,3.48,30,0.03,3.41,0,,04/01/2023 - 08:59
Minyak dan Lemak,Minyak sawit,2012,0,10000,1,10000,0,0,0,8387,213,211,,0,0,0,0,0,0,0,,04/01/2023 - 08:59
Buah-buahan,Pisang,2011,0,118,0,0,0,0,0,0,0,1,,117,0.48,1.33,1,0.01,0.02,0,,04/01/2023 - 08:59
Minyak dan Lemak,Minyak sawit/minyak goreng,2012,8387,5727,0,0,0,0,0,0,38,89,,5599,22.82,62.51,564,0,29.07,0,,04/01/2023 - 08:59
Buah-buahan,Pisang,2011,0,6133,2,2,0,0,0,0,0,288,,5844,24.15,66.17,32,0.35,0.1,0,,04/01/2023 - 08:59
Minyak dan Lemak,Lemak Sapi,2012,509,33,0,0,0,0,0,0,0,0,,33,0.13,0.37,3,0.01,0.33,0,,04/01/2023 - 08:59
Minyak dan Lemak,Lemak Kerbau,2012,37,2,0,0,0,0,0,0,0,0,,2,0.01,0.02,0,0,0.02,0,,04/01/2023 - 08:59
Minyak dan Lemak,Lemak Kambing,2012,65,5,0,0,0,0,0,0,0,0,,5,0.02,0.06,0,0,0.05,0,,04/01/2023 - 08:59
Minyak dan Lemak,Lemak Domba,2012,44,3,0,0,0,0,0,0,0,0,,3,0.01,0.04,0,0,0.03,0,,04/01/2023 - 08:59
Minyak dan Lemak,Lemak Babi,2012,232,28,0,0,0,0,0,0,0,0,,27,0.11,0.3,3,0,0.3,0,,04/01/2023 - 08:59
Telur,Telur Ayam Buras,2012,0,197,0,0,0,0,49,0,0,8,,140,0.57,1.57,2,0.13,0.15,0,,04/01/2023 - 08:59
Telur,Telur Ayam Ras,2012,0,1140,1,0,0,0,0,0,0,23,,1118,4.55,12.48,15,1.24,1.08,0,,04/01/2023 - 08:59
Telur,Telur Itik,2012,0,265,0,0,0,0,36,0,0,10,,219,0.89,2.44,4,0.24,0.32,0,,04/01/2023 - 08:59
Buah-buahan,Semangka,2011,0,498,0,0,0,0,0,0,0,1,,80,0.33,0.91,0,0,0,0,,04/01/2023 - 08:59
Buah-buahan,Belimbing,2011,0,81,0,0,0,0,0,0,0,1,,80,0.33,0.91,0,0,0,0,,04/01/2023 - 08:59
Buah-buahan,Manggis,2011,0,118,0,13,0,0,0,0,0,1,,104,0.43,1.18,0,0,0,0,,04/01/2023 - 08:59
Sayur-sayuran,Kubis/Kol,2012,0,1450,1,45,0,0,0,0,0,79,,1327,5.41,14.82,2,0.12,0.02,0,,04/01/2023 - 08:59
Sayur-sayuran,Tomat,2012,0,893,11,0,0,0,6,0,0,80,,818,3.33,9.13,2,0.08,0.03,0,,04/01/2023 - 08:59
Buah-buahan,Nangka/cempedak,2011,0,655,0,0,0,0,0,0,0,5,,649,2.68,7.35,1,0.01,0,0,,04/01/2023 - 08:59
Buah-buahan,Markisa,2011,0,141,0,0,0,0,0,0,0,1,,140,0.58,1.58,1,0.03,0.01,0,,04/01/2023 - 08:59
Buah-buahan,Sirsak,2011,0,60,0,0,0,0,0,0,0,0,,59,0.25,0.67,0,0,0,0,,04/01/2023 - 08:59
Sayur-sayuran,Wortel,2012,0,466,55,0,0,0,0,0,0,13,,508,2.07,5.67,1,0.04,0.02,0,,04/01/2023 - 08:59
Buah-buahan,Sukun,2011,0,102,0,0,0,0,0,0,0,1,,101,0.42,1.15,1,0.02,0,0,,04/01/2023 - 08:59
Buah-buahan,Apel,2011,0,200,213,0,0,0,0,0,0,3,,409,1.69,4.64,2,0.02,0.01,0,,04/01/2023 - 08:59
Sayur-sayuran,Cabe,2012,0,1657,133,3,0,0,13,0,0,94,,1679,6.84,18.75,4,0.14,0.05,0,,04/01/2023 - 08:59
Buah-buahan,Anggur,2011,0,12,58,0,0,0,0,0,0,1,,69,0.29,0.79,0,0,0,0,,04/01/2023 - 08:59
Sayur-sayuran,Terong,2012,0,519,0,2,0,0,4,0,0,13,,500,2.04,5.59,2,0.07,0.03,0,,04/01/2023 - 08:59
Minyak dan Lemak,Kopra/Minyak Goreng,2011,1902,1141,0,570,0,0,0,0,26,9,,537,2.22,6.08,53,0.06,5.96,0,,04/01/2023 - 08:59
Sayur-sayuran,Petsai/Sawi,2012,0,595,0,0,0,0,0,0,0,15,,580,2.36,6.48,0,0.04,0.01,0,,04/01/2023 - 08:59
Minyak dan Lemak,Minyak sawit,2011,0,10000,23,10000,582,0,0,5722,234,146,,0,0,0,0,0,0,0,,04/01/2023 - 08:59
Sayur-sayuran,Bawang Daun,2012,0,597,0,0,0,0,0,0,0,15,,578,2.36,6.46,1,0.08,0.03,0,,04/01/2023 - 08:59
Minyak dan Lemak,Minyak sawit/minyak goreng,2011,5722,3907,0,0,0,0,0,0,17,61,,3829,15.82,43.35,391,0,20.16,0,,04/01/2023 - 08:59
Sayur-sayuran,Kangkung,2012,0,320,0,0,0,0,2,0,0,8,,310,1.26,3.46,0,0.05,0.01,0,,04/01/2023 - 08:59
Minyak dan Lemak,Lemak Sapi,2011,388,12,0,0,0,0,0,0,0,0,,12,0.05,0.13,1,0,0.12,0,,04/01/2023 - 08:59
Minyak dan Lemak,Lemak Kerbau,2011,28,1,0,0,0,0,0,0,0,0,,1,0,0.01,0,0,0.01,0,,04/01/2023 - 08:59
Minyak dan Lemak,Lemak Kambing,2011,53,2,0,0,0,0,0,0,0,0,,2,0.01,0.02,0,0,0.02,0,,04/01/2023 - 08:59
Sayur-sayuran,Lobak,2012,0,39,0,0,0,0,0,0,0,1,,38,0.15,0.42,0,0,0,0,,04/01/2023 - 08:59
Minyak dan Lemak,Lemak Domba,2011,37,1,0,0,0,0,0,0,0,0,,1,0,0.01,0,0,0.01,0,,04/01/2023 - 08:59
Minyak dan Lemak,Lemak Babi,2011,204,24,0,0,0,0,0,0,0,0,,20,0.08,0.23,2,0,0.23,0,,04/01/2023 - 08:59
Telur,Telur Ayam Buras,2011,0,188,0,0,0,0,47,0,0,7,,133,0.55,1.51,2,0.12,0.14,0,,04/01/2023 - 08:59
Telur,Telur Ayam Ras,2011,0,1028,1,0,0,0,0,0,0,21,,1008,4.17,11.41,14,1.13,0.99,0,,04/01/2023 - 08:59
Telur,Telur Itik,2011,0,256,0,0,0,0,35,0,0,10,,212,0.87,2.4,4,0.24,0.31,0,,04/01/2023 - 08:59
Buah-buahan,Alpokat,2013,0,290,0,0,0,0,0,0,0,2,,287,1.15,3.16,2,0.02,0.13,0,,04/01/2023 - 08:59
Buah-buahan,Jeruk,2013,0,1655,104,1,0,0,0,0,0,69,,1689,6.79,18.6,4,0.07,0.02,0,,04/01/2023 - 08:59
Buah-buahan,Duku,2013,0,233,0,0,0,0,0,0,0,2,,231,0.93,2.55,1,0.01,0,0,,04/01/2023 - 08:59
Buah-buahan,Durian,2013,0,759,5,764,0,0,0,0,0,76,,688,2.76,7.57,0,0.01,0.01,0,,04/01/2023 - 08:59
Buah-buahan,Durian,2013,0,273,0,0,0,0,0,0,0,2,,271,1.09,2.98,1,0.01,0.01,0,,04/01/2023 - 08:59
Buah-buahan,Jambu,2013,0,273,0,0,0,0,0,0,0,2,,271,1.09,2.98,1,0.01,0.01,0,,04/01/2023 - 08:59
Buah-buahan,Mangga,2013,0,2193,0,1,0,0,0,0,0,153,,2039,8.19,22.45,5,0.05,0.02,0,,04/01/2023 - 08:59
Buah-buahan,Nanas,2013,0,1883,0,154,0,0,0,0,0,90,,1639,6.59,18.04,2,0.03,0.01,0,,04/01/2023 - 08:59
Buah-buahan,Pepaya,2013,0,910,0,0,0,0,56,0,0,56,,853,3.43,9.4,2,0.03,0,0,,04/01/2023 - 08:59
Sayur-sayuran,Labu Siam,2012,0,428,0,1,0,0,2,0,0,12,,413,1.68,4.62,1,0.02,0,0,,04/01/2023 - 08:59
Sayur-sayuran,Buncis,2012,0,322,2,0,0,0,1,0,0,9,,314,1.28,3.5,1,0.07,0.01,0,,04/01/2023 - 08:59
Sayur-sayuran,Bayam,2012,0,155,0,0,0,0,1,0,0,4,,150,0.61,1.67,0,0.01,0,0,,04/01/2023 - 08:59
Sayur-sayuran,Bawang Putih,2012,18,13,298,0,0,0,1,0,0,22,,288,1.17,3.21,2,0.11,0.01,0,,04/01/2023 - 08:59
Buah-buahan,Pisang,2013,0,6279,0,6,0,0,0,0,0,295,,5979,24.03,65.84,32,0.35,0.1,0,,04/01/2023 - 08:59
Buah-buahan,Rambutan,2013,0,582,0,0,0,0,0,0,0,5,,577,2.32,6.36,1,0.01,0.02,0,,04/01/2023 - 08:59
Sayur-sayuran,Kembang Kol,2012,0,136,0,0,0,0,0,0,0,4,,133,0.54,1.48,0,0.02,0,0,,04/01/2023 - 08:59
Buah-buahan,Salak,2013,0,1030,0,1,0,0,0,0,0,70,,959,3.86,10.56,10,0.03,0.01,0,,04/01/2023 - 08:59
Sayur-sayuran,Jamur,2012,0,41,5,6,0,0,0,0,0,1,,39,0.16,0.43,0,0.04,0,0,,04/01/2023 - 08:59
Sayur-sayuran,Melinjo,2012,0,224,0,0,0,0,0,0,0,6,,218,0.89,2.44,1,0.07,0.01,0,,04/01/2023 - 08:59
Sayur-sayuran,Petai,2012,0,216,0,0,0,0,0,0,0,6,,211,0.86,2.35,0,0.03,0.01,0,,04/01/2023 - 08:59
Sayur-sayuran,Lainnya sayur-sayuran,2012,0,9,0,0,0,0,0,0,0,0,,8,0.03,0.09,0,0.02,0,0,,04/01/2023 - 08:59
Buah-buahan,Salak,2013,0,1030,0,1,0,0,0,0,0,70,,959,3.86,10.56,10,0.03,0.01,0,,04/01/2023 - 08:59
Buah-buahan,Sawo,2013,0,128,0,0,0,0,0,0,0,1,,127,0.51,1.39,1,0.01,0.02,0,,04/01/2023 - 08:59
Buah-buahan,Semangka,2013,0,461,0,0,0,0,0,0,0,4,,456,1.83,5.03,0,0.01,0,0,,04/01/2023 - 08:59
Buah-buahan,Belimbing,2013,0,80,0,0,0,0,0,0,0,1,,79,0.32,0.87,0,0,0,0,,04/01/2023 - 08:59
Buah-buahan,Manggis,2013,0,140,0,8,0,0,0,0,0,1,,131,0.53,1.44,0,0,0,0,,04/01/2023 - 08:59
Buah-buahan,Nangka/cempedak,2013,0,586,0,0,0,0,0,0,0,5,,581,2.34,6.4,1,0.01,0,0,,04/01/2023 - 08:59
Buah-buahan,Markisa,2013,0,141,0,0,0,0,0,0,0,1,,140,0.56,1.54,1,0.03,0.01,0,,04/01/2023 - 08:59
Buah-buahan,Sirsak,2013,0,52,0,0,0,0,0,0,0,0,,52,0.21,0.57,0,0,0,0,,04/01/2023 - 08:59
Buah-buahan,Sukun,2013,0,107,0,0,0,0,0,0,0,1,,106,0.43,1.17,1,0.02,0.01,0,,04/01/2023 - 08:59
Buah-buahan,Apel,2013,0,255,130,0,0,0,0,0,0,3,,382,1.54,4.21,2,0.02,0.01,0,,04/01/2023 - 08:59
Buah-buahan,Anggur,2013,0,9,39,0,0,0,0,0,0,0,,49,0.2,0.53,0,0,0,0,,04/01/2023 - 08:59
Buah-buahan,Lainnya,2013,0,242,1,0,0,0,0,0,0,2,,241,0.97,2.65,1,0.02,0.03,0,,04/01/2023 - 08:59
Buah-buahan,Alpokat,2012,0,294,0,0,0,0,0,0,0,2,,292,1.19,3.26,2,0.02,0.13,0,,04/01/2023 - 08:59
Buah-buahan,Jeruk,2012,0,1612,220,1,0,0,0,0,0,72,,1759,7.17,19.64,4,0.07,0.02,0,,04/01/2023 - 08:59
Buah-buahan,Duku,2012,0,258,0,0,0,0,0,0,0,2,,256,1.04,2.86,1,0.01,0,0,,04/01/2023 - 08:59
Buah-buahan,Durian,2012,0,888,20,0,0,0,0,0,0,91,,817,3.33,9.12,1,0.01,0.01,0,,04/01/2023 - 08:59
Buah-buahan,Jambu,2012,0,313,0,0,0,0,0,0,0,3,,310,1.26,3.46,1,0.02,0.01,0,,04/01/2023 - 08:59
Buah-buahan,Mangga,2012,0,2376,1,2,0,0,0,0,0,166,,2210,9,24.67,6,0.06,0.02,0,,04/01/2023 - 08:59
Buah-buahan,Nanas,2012,0,1782,0,16,0,0,0,0,0,84,,1536,6.26,17.14,2,0.03,0.01,0,,04/01/2023 - 08:59
Sayur-sayuran,Bawang Merah,2011,893,577,104,9,0,0,2,0,0,56,,614,2.54,6.95,2,0.08,0.02,0,,04/01/2023 - 08:59
Buah-buahan,Pepaya,2012,0,906,0,0,0,0,0,0,0,56,,850,3.46,9.49,2,0.03,0,0,,04/01/2023 - 08:59
Sayur-sayuran,Ketimun,2011,0,522,0,0,0,0,4,0,0,13,,505,2.09,5.72,0,0.01,0,0,,04/01/2023 - 08:59
Sayur-sayuran,Kacang Merah,2011,0,93,0,0,0,0,3,0,0,3,,87,0.36,0.99,3,0.14,0.02,0,,04/01/2023 - 08:59
Sayur-sayuran,Kacang Panjang,2011,0,458,0,0,0,0,2,0,0,13,,444,1.83,5.02,1,0.1,0.02,0,,04/01/2023 - 08:59
Sayur-sayuran,Kentang,2011,0,955,93,5,0,0,12,0,0,52,,978,4.04,11.08,5,0.17,0.02,0,,04/01/2023 - 08:59
Sayur-sayuran,Kubis/Kol,2011,0,1364,2,22,0,0,0,0,0,75,,1269,5.24,14.37,2,0.11,0.02,0,,04/01/2023 - 08:59
Sayur-sayuran,Tomat,2011,0,954,0,1,0,0,7,0,0,84,,862,3.56,9.76,2,0.09,0.03,0,,04/01/2023 - 08:59
Sayur-sayuran,Cabe,2011,0,1483,165,5,0,0,12,0,0,87,,1545,6.39,17.49,4,0.13,0.04,0,,04/01/2023 - 08:59
Sayur-sayuran,Terong,2011,0,519,0,1,0,0,4,0,0,13,,501,2.07,5.67,2,0.08,0.03,0,,04/01/2023 - 08:59
Buah-buahan,Pepaya,2012,0,906,0,0,0,0,0,0,0,56,,850,3.46,9.49,2,0.03,0,0,,04/01/2023 - 08:59
Sayur-sayuran,Petsai/Sawi,2011,0,581,0,0,0,0,0,0,0,14,,567,2.34,6.42,0,0.04,0.01,0,,04/01/2023 - 08:59
Buah-buahan,Mangga,2012,0,2376,1,2,0,0,0,0,0,166,,2210,9,24.67,6,0.06,0.02,0,,04/01/2023 - 08:59
Sayur-sayuran,Bawang Daun,2011,0,527,1,0,0,0,4,0,0,13,,511,2.11,5.78,1,0.07,0.03,0,,04/01/2023 - 08:59
Buah-buahan,Nanas,2012,0,1782,0,162,0,0,0,0,0,84,,1536,6.26,17.14,2,0.03,0.01,0,,04/01/2023 - 08:59
Sayur-sayuran,Kangkung,2011,0,355,0,0,0,0,2,0,0,9,,344,1.42,3.9,0,0.06,0.01,0,,04/01/2023 - 08:59
Buah-buahan,Salak,2012,0,1035,0,1,0,0,0,0,0,70,,964,3.93,10.76,10,0.03,0.01,0,,04/01/2023 - 08:59
Sayur-sayuran,Lobak,2011,0,27,0,0,0,0,0,0,0,1,,26,0.11,0.3,0,0,0,0,,04/01/2023 - 08:59
Sayur-sayuran,Labu Siam,2011,0,428,0,0,0,0,2,0,0,12,,415,1.71,4.69,1,0.02,0,0,,04/01/2023 - 08:59
Sayur-sayuran,Buncis,2011,0,335,9,0,0,0,2,0,0,9,,333,1.38,3.77,1,0.07,0.01,0,,04/01/2023 - 08:59
Sayur-sayuran,Bayam,2011,0,161,0,1,0,0,1,0,0,4,,155,0.64,1.75,0,0.01,0,0,,04/01/2023 - 08:59
Buah-buahan,Sawo,2012,0,135,0,0,0,0,0,0,0,1,,134,0.55,1.5,1,0.01,0.02,0,,04/01/2023 - 08:59
Sayur-sayuran,Bawang Putih,2011,15,10,300,0,0,0,1,0,0,22,,288,1.19,3.26,2,0.11,0.01,0,,04/01/2023 - 08:59
Buah-buahan,Semangka,2012,0,516,0,0,0,0,0,0,0,4,,511,2.08,5.71,0,0.01,0,0,,04/01/2023 - 08:59
Sayur-sayuran,Kembang Kol,2011,0,113,0,0,0,0,0,0,0,3,,111,0.46,1.25,0,0.02,0,0,,04/01/2023 - 08:59
Buah-buahan,Belimbing,2012,0,92,0,0,0,0,0,0,0,1,,91,0.37,1.02,0,0,0,0,,04/01/2023 - 08:59
Buah-buahan,Manggis,2012,0,190,0,20,0,0,0,0,0,1,,169,0.69,1.88,0,0,0,0,,04/01/2023 - 08:59
Buah-buahan,Nangka/cempedak,2012,0,664,0,0,0,0,0,0,0,6,,658,2.68,7.35,1,0.01,0,0,,04/01/2023 - 08:59
Buah-buahan,Markisa,2012,0,135,0,0,0,0,0,0,0,1,,133,0.54,1.49,1,0.03,0.01,0,,04/01/2023 - 08:59
Buah-buahan,Sirsak,2012,0,52,0,0,0,0,0,0,0,1,,111,0.45,1.24,1,0.02,0,0,,04/01/2023 - 08:59
Buah-buahan,Sukun,2012,0,112,0,0,0,0,0,0,0,1,,111,0.45,1.24,1,0.02,0,0,,04/01/2023 - 08:59
Buah-buahan,Apel,2012,0,247,0,0,0,0,0,0,0,4,,427,1.74,4.77,2,0.02,0.01,0,,04/01/2023 - 08:59
Buah-buahan,Anggur,2012,0,10,61,0,0,0,0,0,0,1,,71,0.29,0.79,0,0,0,0,,04/01/2023 - 08:59
Buah-buahan,Lainnya,2012,0,353,1,1,0,0,0,0,0,3,,351,1.43,3.92,1,0.02,0.04,0,,04/01/2023 - 08:59
Sayur-sayuran,Bawang Merah,2013,1011,653,62,3,0,0,2,0,0,59,,650,2.61,7.16,2,0.09,0.02,0,,04/01/2023 - 08:59
Sayur-sayuran,Ketimun,2013,0,492,0,0,0,0,3,0,0,13,,476,1.91,5.24,0,0.01,0,0,,04/01/2023 - 08:59
Sayur-sayuran,Kacang Merah,2013,0,103,1,0,0,0,3,0,0,3,,98,0.39,1.08,3,0.15,0.02,0,,04/01/2023 - 08:59
Sayur-sayuran,Kacang Panjang,2013,0,451,0,0,0,0,2,0,0,12,,436,1.75,4.81,1,0.1,0.02,0,,04/01/2023 - 08:59
Sayur-sayuran,Kentang,2013,0,1124,101,6,0,0,15,0,0,61,,1144,4.6,12.6,6,0.19,0.02,0,,04/01/2023 - 08:59
Sayur-sayuran,Kubis/Kol,2013,0,1481,0,46,0,0,0,0,0,80,,1355,5.45,14.92,2,0.12,0.02,0,,04/01/2023 - 08:59
Sayur-sayuran,Tomat,2013,0,993,12,0,0,0,7,0,0,89,,908,3.65,10,2,0.09,0.03,0,,04/01/2023 - 08:59
Sayur-sayuran,Wortel,2013,0,512,19,0,0,0,0,0,0,13,,518,2.08,5.7,1,0.04,0.02,0,,04/01/2023 - 08:59
Sayur-sayuran,Terong,2013,0,546,0,1,0,0,4,0,0,14,,527,2.12,5.8,2,0.08,0.03,0,,04/01/2023 - 08:59
Sayur-sayuran,Petsai/Sawi,2013,0,636,0,0,0,0,0,0,0,16,,620,2.49,6.83,0,0.04,0.01,0,,04/01/2023 - 08:59
Sayur-sayuran,Bawang Daun,2013,0,580,0,0,0,0,4,0,0,14,,562,2.26,6.19,1,0.07,0.03,0,,04/01/2023 - 08:59
Sayur-sayuran,Kangkung,2013,0,308,0,0,0,0,2,0,0,8,,299,1.2,3.29,0,0.05,0.01,0,,04/01/2023 - 08:59
Sayur-sayuran,Lobak,2013,0,32,0,0,0,0,0,0,0,1,,31,0.31,0.34,0,0,0,0,,04/01/2023 - 08:59
Sayur-sayuran,Labu Siam,2013,0,388,0,1,0,0,2,0,0,11,,375,1.51,4.13,1,0.02,0,0,,04/01/2023 - 08:59
Sayur-sayuran,Buncis,2013,0,327,3,0,0,0,1,0,0,9,,320,1.29,3.53,1,0.07,0.01,0,,04/01/2023 - 08:59
Sayur-sayuran,Bayam,2013,0,141,0,0,0,0,1,0,0,4,,137,0.55,1.5,0,0.01,0,0,,04/01/2023 - 08:59
Sayur-sayuran,Bawang Putih,2013,16,11,315,0,0,0,1,0,0,23,,302,1.21,3.33,2,0.12,0.01,0,,04/01/2023 - 08:59
Sayur-sayuran,Kembang Kol,2013,0,151,0,0,0,0,0,0,0,4,,147,0.59,1.62,0,0.02,0,0,,04/01/2023 - 08:59
Sayur-sayuran,Melinjo,2013,0,221,0,0,0,0,0,0,0,6,,215,0.86,2.37,1,0.07,0.01,0,,04/01/2023 - 08:59
Sayur-sayuran,Petai,2013,0,207,0,0,0,0,0,0,0,5,,202,0.81,2.22,0,0.03,0.01,0,,04/01/2023 - 08:59
Sayur-sayuran,Lainnya sayur-sayuran,2013,0,7,0,0,0,0,0,0,0,0,,7,0.03,0.07,0,0.01,0,0,,04/01/2023 - 08:59
Susu,Susu Sapi,2012,0,960,0,0,0,96,0,0,0,65,,809,3.03,9.03,6,0.29,0.32,0,,04/01/2023 - 08:59
Susu,Susu Sapi,2013,0,787,0,0,0,79,0,0,0,45,,663,2.67,7.3,4,0.23,0.26,0,,04/01/2023 - 08:59
Susu,Susu Sapi,2014,0,801,0,0,0,80,0,0,0,46,,675,2.68,7.33,4,0.23,0.26,0,,04/01/2023 - 08:59
Sayur-sayuran,Bawang Merah,2014,1234,797,48,3,0,0,2,0,0,70,,770,3.05,8.36,3,0.1,0.02,0,,04/01/2023 - 08:59
Sayur-sayuran,Ketimun,2014,0,478,0,478,0,0,3,0,0,12,,463,1.84,5.03,0,0.01,0,0,,04/01/2023 - 08:59
Sayur-sayuran,Kacang Merah,2014,0,100,1,0,0,0,3,0,0,3,,96,0.38,1.04,3,0.14,0.02,0,,04/01/2023 - 08:59
Sayur-sayuran,Kacang Panjang,2014,0,451,0,0,0,0,2,0,0,12,,436,1.73,4.74,1,0.1,0.02,0,,04/01/2023 - 08:59
Sayur-sayuran,Kentang,2014,0,1348,86,6,0,0,17,0,0,72,,1339,5.31,14.55,6,0.22,0.02,0,,04/01/2023 - 08:59
Susu,Susu Impor,2014,0,0,3132,243,0,0,0,0,11,0,,2877,11,31,19,1,1,0,,04/01/2023 - 08:59
Sayur-sayuran,Ketimun,2016,0,493,0,0,0,0,4,0,0,12,,477,1,5,0,0,0,1,,04/01/2023 - 08:59
Sayur-sayuran,Kacang Merah,2016,0,103,0,0,0,0,3,0,0,3,,98,0,1,3,0,0,1,,04/01/2023 - 08:59
Sayur-sayuran,Kacang Panjang,2016,0,465,0,0,0,0,2,0,0,13,,450,1,4,1,0,0,1,,04/01/2023 - 08:59
Sayur-sayuran,Kentang,2016,0,1405,19,6,0,0,17,0,0,71,,1330,5,14,6,0,0,1,,04/01/2023 - 08:59
Sayur-sayuran,Tomat,2016,0,954,3,0,0,0,7,0,0,84,,0,865,3,9,2,0,1,,04/01/2023 - 08:59
Sayur-sayuran,Wortel,2016,0,511,9,0,0,0,0,0,0,13,,507,1,5,1,0,0,1,,04/01/2023 - 08:59
Sayur-sayuran,Cabe,2016,0,2100,53,4,0,0,15,0,0,113,,2020,7,21,5,0,0,1,,04/01/2023 - 08:59
Sayur-sayuran,Kangkung,2016,0,333,0,0,0,0,2,0,0,9,,323,1,3,0,0,0,1,,04/01/2023 - 08:59
Sayur-sayuran,Bawang Merah,2014,797,1234,75,4,0,0,2,0,0,72,,793,3,8,3,0,0,,,04/01/2023 - 08:59
Sayur-sayuran,Ketimun,2014,478,0,0,0,0,0,3,0,0,12,,463,1,5,0,0,0,,,04/01/2023 - 08:59
Sayur-sayuran,Buncis,2016,0,332,1,0,0,0,1,0,0,9,,322,1,3.41,1,0,0,1,,04/01/2023 - 08:59
Sayur-sayuran,Bayam,2016,0,140,0,0,0,0,1,0,0,4,,136,0,1,0,0,0,1,,04/01/2023 - 08:59
Sayur-sayuran,Jamur,2016,0,36,1,5,0,0,0,0,0,1,,31,0,0,0,0,0,1,,04/01/2023 - 08:59
Sayur-sayuran,Melinjo,2016,0,200,0,0,0,0,0,0,0,5,,195,0,2,1,0,0,1,,04/01/2023 - 08:59
Sayur-sayuran,Lainnya sayur-sayuran,2016,0,7,0,0,0,0,0,0,0,0,,7,0,0,0,0,0,1,,04/01/2023 - 08:59
Sayur-sayuran,Kubis/Kol,2014,0,1436,2,25,0,0,0,0,0,79,,1334,5,14,2,0,0,,,04/01/2023 - 08:59
Sayur-sayuran,Tomat,2014,0,916,10,0,0,0,7,0,0,82,,838,3,9,2,0,0,,,04/01/2023 - 08:59
Sayur-sayuran,Wortel,2014,0,496,42,0,0,0,0,0,0,13,,524,2,5,1,0,0,,,04/01/2023 - 08:59
Sayur-sayuran,Terong,2014,0,557,0,1,0,0,4,0,0,14,,538,2,5,2,0,0,,,04/01/2023 - 08:59
Sayur-sayuran,Petsai/Sawi,2014,0,602,0,0,0,0,0,0,0,15,,588,2,6,0,0,0,,,04/01/2023 - 08:59
Sayur-sayuran,Bawang Daun,2014,0,585,0,0,0,0,4,0,0,14,,566,2,6,1,0,0,,,04/01/2023 - 08:59
Sayur-sayuran,Kangkung,2014,0,320,0,0,0,0,2,0,0,8,,310,1,3,0,0,0,,,04/01/2023 - 08:59
Sayur-sayuran,Lobak,2014,0,320,0,0,0,0,0,0,0,1,,31,0,0,0,0,0,,,04/01/2023 - 08:59
Sayur-sayuran,Labu Siam,2014,0,358,0,0,0,0,2,0,0,10,,346,1,3,1,0,0,,,04/01/2023 - 08:59
Sayur-sayuran,Buncis,2014,0,318,3,0,0,0,1,0,0,9,,311,1,3,1,0,0,,,04/01/2023 - 08:59
Sayur-sayuran,Bayam,2014,0,134,0,0,0,0,1,0,0,4,,130,0,1,0,0,0,,,04/01/2023 - 08:59
Sayur-sayuran,Bawang Putih,2014,17,12,495,0,0,0,1,0,0,36,,469,1,5,4,0,0,,,04/01/2023 - 08:59
Sayur-sayuran,Kembang Kol,2014,0,137,0,0,0,0,0,0,0,4,,133,0,1,0,0,0,,,04/01/2023 - 08:59
Daging,Daging Kerbau,2015,35,25,0,0,0,0,0,0,0,1,,24,0.09,0.25,0,0.05,0,,,04/01/2023 - 08:59
Daging,Daging Kerbau,2016,37,26,0,0,0,0,0,0,0,1,,25,0.1,0.26,0,0.05,0,1,,04/01/2023 - 08:59
Daging,Daging Kambing,2015,65,44,0,0,0,0,0,0,0,2,,42,0.16,0.45,1,0.07,0.04,,,04/01/2023 - 08:59
Daging,Daging Kambing,2016,67,45,0,0,0,0,0,0,0,2,,43,0.17,0.46,1,0.08,0.04,1,,04/01/2023 - 08:59
Daging,Daging Domba,2015,45,32,3,0,0,0,0,0,0,2,,33,0.13,0.35,1,0.06,0.08,,,04/01/2023 - 08:59
Daging,Daging Domba,2016,48,35,0,0,0,0,0,0,0,2,,33,0.13,0.35,1,0.06,0.08,1,,04/01/2023 - 08:59
Daging,Daging Kuda,2016,2,2,0,0,0,0,0,0,0,0,,2,0.01,0.02,0,0,0,1,,04/01/2023 - 08:59
Daging,Daging Kuda,2015,2,2,0,0,0,0,0,0,0,0,,2,0.01,0.02,0,0,0,,,04/01/2023 - 08:59
Daging,Daging Babi,2016,342,231,0,0,0,0,0,0,0,12,,219,0.85,2.32,10,0.3,0.93,1,,04/01/2023 - 08:59
Daging,Daging Ayam Buras,2015,0,300,0,0,0,0,0,0,0,15,,285,1.11,3.05,5,0.32,0.44,,,04/01/2023 - 08:59
Daging,Daging Ayam Buras,2016,0,316,0,0,0,0,0,0,0,16,,300,1.16,3.17,6,0.34,0.46,1,,04/01/2023 - 08:59
Daging,Daging Ayam Ras,2015,0,1731,0,0,0,0,0,0,0,87,,1645,6.44,17.64,31,1.86,2.56,,,04/01/2023 - 08:59
Daging,Daging Itik,2015,0,35,3,0,0,0,0,0,0,2,,36,0.14,0.38,1,0.03,0.06,,,04/01/2023 - 08:59
Daging,Jeroan semua jenis,2015,0,355,2,0,0,0,0,0,0,0,,358,1.4,3.83,5,0.6,0.25,,,04/01/2023 - 08:59
Daging,Daging Ayam Ras,2016,0,1795,0,0,0,0,0,0,0,90,,1706,6.59,18.06,32,1.91,2.62,1,,04/01/2023 - 08:59
Daging,Daging Itik,2016,0,36,1,0,0,0,0,0,0,2,,35,0.14,0.37,1,0.03,0.06,1,,04/01/2023 - 08:59
Daging,Jeroan semua jenis,2016,0,369,7,0,0,0,0,0,0,0,,376,1.45,3.98,5,0.62,0.25,1,,04/01/2023 - 08:59
Buah-buahan,Alpokat,2014,0,307,0,0,0,0,0,0,0,2,,305,1.21,3.31,2,0.02,0.13,,,04/01/2023 - 08:59
Buah-buahan,Jeruk,2014,0,1927,147,1,0,0,0,0,0,81,,1991,7.9,21.64,5,0.08,0.02,,,04/01/2023 - 08:59
Buah-buahan,Duku,2014,0,208,0,0,0,0,0,0,0,2,,207,0.82,2.25,1,0.01,0,,,04/01/2023 - 08:59
Buah-buahan,Durian,2014,0,859,8,0,0,0,0,0,0,87,,780,3.09,8.47,1,0.01,0.01,,,04/01/2023 - 08:59
Buah-buahan,Jambu,2013,0,279,0,0,0,0,0,0,0,2,,277,1.1,3.01,1,0.02,0.01,,,04/01/2023 - 08:59
Buah-buahan,Mangga,2014,0,2431,0,1,0,0,0,0,0,170,,2260,8.96,24.56,6,0.06,0.02,,,04/01/2023 - 08:59
Buah-buahan,Nanas,2014,0,1835,0,171,0,0,0,0,0,87,,1578,6.26,17.14,2,0.03,0.01,,,04/01/2023 - 08:59
Buah-buahan,Nanas,2014,0,1835,0,171,0,0,0,0,0,87,,1578,6.26,17.14,2,0.03,0.01,,,04/01/2023 - 08:59
Buah-buahan,Pepaya,2014,0,840,0,0,0,0,0,0,0,52,,788,3.12,8.56,2,0.02,0,,,04/01/2023 - 08:59
Buah-buahan,Pisang,2014,0,6863,1,26,0,0,0,0,0,321,,6516,25.84,70.79,34,0.37,0.11,,,04/01/2023 - 08:59
Buah-buahan,Rambutan,2014,0,737,0,1,0,0,0,0,0,6,,731,2.9,7.94,1,0.01,0.02,,,04/01/2023 - 08:59
Buah-buahan,Salak,2014,0,1119,0,1,0,0,0,0,0,76,,1042,4.13,11.32,10,0.04,0.01,,,04/01/2023 - 08:59
Buah-buahan,Sawo,2014,0,138,0,0,0,0,0,0,0,1,,137,0.54,1.49,1,0.01,0.02,,,04/01/2023 - 08:59
Buah-buahan,Semangka,2014,0,654,0,0,0,0,0,0,0,5,,648,2.57,7.04,0,0.01,0,,,04/01/2023 - 08:59
Sayur-sayuran,Bawang Merah,2014,0,797,75,4,0,0,2,0,0,72,,793,3.14,8.61,3,0.1,0.02,,,04/01/2023 - 08:59
Buah-buahan,Belimbing,2014,0,82,0,0,0,0,0,0,0,1,,81,0.32,0.88,0,0,0,,,04/01/2023 - 08:59
Sayur-sayuran,Bawang Merah,2015,1235,797,17,8,0,0,2,0,0,67,,737,2.88,7.9,2,0.1,0.02,,,04/01/2023 - 08:59
Buah-buahan,Manggis,2014,0,115,0,10,0,0,0,0,0,1,,104,0.41,1.13,0,0,0,,,04/01/2023 - 08:59
Sayur-sayuran,Bawang Merah,2014,1234,797,75,4,0,0,2,0,0,72,,793,3.14,8.61,3,0.1,0.02,,,04/01/2023 - 08:59
Buah-buahan,Nangka/cempedak,2014,0,644,0,0,0,0,0,0,0,5,,0,2.53,6.94,1,0.01,0,,,04/01/2023 - 08:59
Buah-buahan,Markisa,2014,0,108,0,0,0,0,0,0,0,1,,107,0.43,1.17,1,0.02,0.01,,,04/01/2023 - 08:59
Buah-buahan,Sirsak,2014,0,53,0,0,0,0,0,0,0,0,,53,0.21,0.57,0,0,0,,,04/01/2023 - 08:59
Buah-buahan,Sukun,2014,0,103,0,0,0,0,0,0,0,1,,103,0.41,1.11,1,0.01,0,,,04/01/2023 - 08:59
Buah-buahan,Apel,2014,0,243,140,0,0,0,0,0,0,3,,380,1.51,4.12,2,0.02,0.01,,,04/01/2023 - 08:59
Buah-buahan,Lainnya,2014,0,248,0,0,0,0,0,0,0,2,,246,0.98,2.68,1,0.02,0.03,,,04/01/2023 - 08:59
Sayur-sayuran,Ketimun,2014,0,478,0,0,0,0,3,0,0,12,,463,1.84,5.03,0,0.01,0,,,04/01/2023 - 08:59
Buah-buahan,Alpokat,2015,0,383,0,0,0,0,0,0,0,3,,379,1.49,4.07,2,0.02,0.16,,,04/01/2023 - 08:59
Buah-buahan,Jeruk,2015,0,1856,113,1,0,0,0,0,0,77,,1891,7.4,20.28,4,0.08,0.02,,,04/01/2023 - 08:59
Buah-buahan,Duku,2015,0,274,0,0,0,0,0,0,0,2,,272,1.07,2.92,1,0.01,0,,,04/01/2023 - 08:59
Buah-buahan,Durian,2015,0,996,0,0,0,0,0,0,0,100,,902,3.53,9.67,1,0.01,0.01,,,04/01/2023 - 08:59
Buah-buahan,Jambu,2015,0,288,0,0,0,0,0,0,0,2,,286,1.12,3.07,1,0.02,0.01,,,04/01/2023 - 08:59
Buah-buahan,Mangga,2015,0,2179,0,1,0,0,0,0,0,152,,2025,7.93,21.72,5,0.05,0.02,,,04/01/2023 - 08:59
Buah-buahan,Mangga,2015,0,2179,0,1,0,0,0,0,0,152,,2025,7.93,21.72,5,0.05,0.02,,,04/01/2023 - 08:59
Buah-buahan,Nanas,2015,0,1730,0,173,0,0,0,0,0,81,,1476,5.78,15.82,2,0.03,0.01,,,04/01/2023 - 08:59
Buah-buahan,Pepaya,2015,0,851,0,0,0,0,0,0,0,53,,798,3.13,8.56,2,0.02,0,,,04/01/2023 - 08:59
Buah-buahan,Pisang,2015,0,7299,0,0,0,0,0,0,0,342,,6935,27.15,74.37,36,0.39,0.12,,,04/01/2023 - 08:59
Buah-buahan,Rambutan,2015,0,883,0,1,0,0,0,0,0,7,,875,3.42,9.38,1,0.01,0.02,,,04/01/2023 - 08:59
Buah-buahan,Salak,2015,0,965,0,2,0,0,0,0,0,65,,898,3.51,9.63,9,0.03,0.01,,,04/01/2023 - 08:59
Buah-buahan,Sawo,2015,0,135,0,0,0,0,0,0,0,1,,134,0.52,1.43,1,0.01,0.02,,,04/01/2023 - 08:59
Buah-buahan,Semangka,2015,0,576,0,1,0,0,0,0,0,5,,0,571,2.23,6.12,0,0.01,,,04/01/2023 - 08:59
Buah-buahan,Belimbing,2015,0,99,0,0,0,0,0,0,0,1,,98,0.38,1.05,0,0,0,,,04/01/2023 - 08:59
Buah-buahan,Manggis,2015,0,203,0,38,0,0,0,0,0,1,,164,0.64,1.75,0,0,0,,,04/01/2023 - 08:59
Buah-buahan,Belimbing,2015,0,99,0,0,0,0,0,0,0,1,,98,0.38,1.05,0,0,0,,,04/01/2023 - 08:59
Buah-buahan,Nangka/cempedak,2015,0,699,0,0,0,0,0,0,0,6,,0,694,2.72,7.44,1,0.01,,,04/01/2023 - 08:59
Buah-buahan,Markisa,2015,0,113,0,0,0,0,0,0,0,1,,112,0.04,1.2,1,0.02,0.01,,,04/01/2023 - 08:59
Buah-buahan,Markisa,2015,0,113,0,0,0,0,0,0,0,1,,112,0.44,1.2,1,0.02,0.01,,,04/01/2023 - 08:59
Buah-buahan,Sirsak,2015,0,59,0,0,0,0,0,0,0,0,,58,0.23,0.63,0,0,0,,,04/01/2023 - 08:59
Buah-buahan,Sukun,2015,0,125,0,0,0,0,0,0,0,1,,124,0.49,1.33,1,0.02,0,,,04/01/2023 - 08:59
Buah-buahan,Apel,2015,0,238,84,0,0,0,0,0,0,3,,320,1.25,3.43,1,0.01,0.01,,,04/01/2023 - 08:59
Buah-buahan,Anggur,2015,0,11,0,48,0,0,0,0,0,0,,59,0.23,0.63,0,0,0,,,04/01/2023 - 08:59
Buah-buahan,Lainnya,2015,0,204,1,0,0,0,0,0,0,2,,203,0.79,2.17,1,0.01,0.02,,,04/01/2023 - 08:59
Buah-buahan,Alpokat,2016,0,305,0,0,0,0,0,0,0,2,,302,1.17,3.21,2,0.02,0.13,0,,04/01/2023 - 08:59
Buah-buahan,Duku,2016,0,206,0,0,0,0,0,0,0,2,,204,0.79,2.17,1,0.01,0,0,,04/01/2023 - 08:59
Buah-buahan,Durian,2015,0,891,0,0,0,0,0,0,0,89,,801,3.01,8.49,1,0.01,0.01,,,04/01/2023 - 08:59
Buah-buahan,Mangga,2015,0,2520,0,0,0,0,0,0,0,176,,2344,9.06,24.82,6,0.06,0.02,,,04/01/2023 - 08:59
Buah-buahan,Nanas,2016,0,1880,0,107,0,0,0,0,0,92,,1681,6.5,17.8,2,0.03,0.01,1,,04/01/2023 - 08:59
Buah-buahan,Pepaya,2016,0,866,0,0,0,0,0,0,0,54,,812,3.14,8.6,2,0.02,0,1,,04/01/2023 - 08:59
Buah-buahan,Pisang,2016,0,6976,0,19,0,0,0,0,0,327,,6630,25.63,70.21,34,0.37,0.11,1,,04/01/2023 - 08:59
Buah-buahan,Rambutan,2016,0,762,0,0,0,0,0,0,0,78,,1064,4.11,11.27,10,0.04,0.01,1,,04/01/2023 - 08:59
Buah-buahan,Salak,2016,0,1141,0,0,0,0,0,0,0,78,,1064,4.11,11.27,10,0.04,0.01,1,,04/01/2023 - 08:59
Buah-buahan,Belimbing,2016,0,84,0,0,0,0,0,0,0,1,,83,0.32,0.88,0,0,0,1,,04/01/2023 - 08:59
Buah-buahan,Manggis,2016,0,119,0,0,0,0,0,0,0,1,,118,0.46,1.25,0,0,0,1,,04/01/2023 - 08:59
Buah-buahan,Nangka/cempedak,2016,0,0,664,0,0,0,0,0,0,6,,658,2.54,6.97,1,0.01,0,1,,04/01/2023 - 08:59
Buah-buahan,Markisa,2016,0,111,0,0,0,0,0,0,0,1,,111,0.43,1.17,1,0.02,0.01,1,,04/01/2023 - 08:59
Buah-buahan,Sukun,2016,0,107,0,0,0,0,0,0,0,1,,106,0.41,1.12,1,0.01,0,1,,04/01/2023 - 08:59
Buah-buahan,Anggur,2016,0,11,14,0,0,0,0,0,0,2,,279,1.08,2.95,1,0.01,0.01,0,,04/01/2023 - 08:59
Buah-buahan,Lainnya,2016,0,256,0,0,0,0,0,0,0,2,,254,0.98,2.69,1,0.02,0.03,1,,04/01/2023 - 08:59
Sayur-sayuran,Ketimun,2015,0,448,0,0,0,0,3,0,0,11,,433,1.7,4.65,0,0.01,0,,,04/01/2023 - 08:59
Sayur-sayuran,Ketimun,2016,0,493,0,0,0,0,4,0,0,12,,477,1,5.05,0,0.01,0,1,,04/01/2023 - 08:59
Sayur-sayuran,Kacang Merah,2014,0,100,1,0,0,0,3,0,0,3,,96,0.38,1.04,3,0.14,0.02,,,04/01/2023 - 08:59
Sayur-sayuran,Kacang Panjang,2014,0,451,0,0,0,0,2,0,0,12,,436,1.73,4.73,1,0.1,0.02,,,04/01/2023 - 08:59
Sayur-sayuran,Kentang,2014,0,1348,86,6,0,0,17,0,0,72,,1339,5.31,14.55,6,0.22,0.02,,,04/01/2023 - 08:59
Sayur-sayuran,Kubis/Kol,2014,0,1436,2,25,0,0,0,0,0,79,,1334,5.29,14.49,2,0.11,0.02,,,04/01/2023 - 08:59
Sayur-sayuran,Tomat,2014,0,916,10,0,0,0,7,0,0,82,,838,3.32,9.1,2,0.08,0.03,,,04/01/2023 - 08:59
Sayur-sayuran,Wortel,2014,0,496,42,0,0,0,0,0,0,13,,524,2.08,5.69,1,0.04,0.02,,,04/01/2023 - 08:59
Sayur-sayuran,Cabe,2014,0,1875,175,3,0,0,15,0,0,108,,1925,7.63,20.91,5,0.15,0.05,,,04/01/2023 - 08:59
Sayur-sayuran,Terong,2014,0,557,0,1,0,0,4,0,0,14,,538,2.13,5.84,2,0.08,0.03,,,04/01/2023 - 08:59
Sayur-sayuran,Petsai/Sawi,2014,0,602,0,0,0,0,0,0,0,15,,588,2.33,6.38,0,0.03,0.01,,,04/01/2023 - 08:59
Sayur-sayuran,Bawang Daun,2014,0,585,0,0,0,0,4,0,0,14,,566,2.25,6.15,1,0.07,0.03,,,04/01/2023 - 08:59
Sayur-sayuran,Kangkung,2014,0,320,0,0,0,0,2,0,0,8,,310,1,3,0,0,0,,,04/01/2023 - 08:59
Sayur-sayuran,Kangkung,2014,0,320,0,0,0,0,2,0,0,8,,310,1.23,3.36,0,0.05,0.01,,,04/01/2023 - 08:59
Sayur-sayuran,Lobak,2014,0,32,0,0,0,0,0,0,0,1,,31,0.12,0.33,0,0,0,,,04/01/2023 - 08:59
Sayur-sayuran,Labu Siam,2014,0,358,0,0,0,0,2,0,0,10,,346,1.37,3.76,1,0.02,0,,,04/01/2023 - 08:59
Buah Biji Berminyak,Kacang tanah berkulit,2014,0,1029,94,2,0,0,0,1065,0,56,,0,0,0,0,0,0,,,04/01/2023 - 08:59
Buah Biji Berminyak,Kacang tanah lepas kulit,2014,1065,639,160,4,0,0,20,68,16,40,,651,2.58,7.08,32,1.79,3.03,,,04/01/2023 - 08:59
Buah Biji Berminyak,Kedelai,2014,0,955,1993,41,0,10,34,0,200,145,,2517,9.98,27.35,104,11.05,4.57,,,04/01/2023 - 08:59
Buah Biji Berminyak,Kacang Hijau,2014,0,245,0,0,0,5,6,0,0,12,,221,0.88,2.4,8,0.49,0.04,,,04/01/2023 - 08:59
Buah Biji Berminyak,Kelapa Berkulit/daging,2014,0,12024,1,353,0,0,0,7387,6,426,,3853,15.28,41.86,80,0.75,7.7,0,,04/01/2023 - 08:59
Buah Biji Berminyak,Kelapa daging/kopra,2014,7386.6125,1846.6531,0.4478,53.8019,0,0,0,1724.796,48.956,19.546959,,0,0,0,0,0,0,0,,04/01/2023 - 08:59
Buah Biji Berminyak,Kacang Tanah/Minyak,2014,68,35,0,0,0,0,0,0,0,0,,35,0.14,0.38,3,0,0.38,,,04/01/2023 - 08:59
Buah Biji Berminyak,Kacang tanah berkulit,2015,0,995,70,3,0,0,0,1009,0,53,,0,0,0,0,0,0,,,04/01/2023 - 08:59
Buah Biji Berminyak,Kacang tanah lepas kulit,2015,1009,605,129,6,0,0,18,62,0,36,,612,2.4,6.56,30,1.66,2.81,,,04/01/2023 - 08:59
Buah Biji Berminyak,Kedelai,2015,0,963,2283,1,0,11,38,0,220,162,,2814,11.01,30.18,115,12.19,5.04,,,04/01/2023 - 08:59
Buah Biji Berminyak,Kacang Hijau,2015,0,271,0,0,0,5,7,0,0,14,,245,0.96,2.63,9,0.53,0.05,,,04/01/2023 - 08:59
Buah Biji Berminyak,Kelapa Berkulit/daging,2015,0,11683,1,372,0,0,0,7159,38,413,,3702,14.49,39.7,76,0.72,7.3,,,04/01/2023 - 08:59
Sayur-sayuran,Buncis,2014,0,318,3,0,0,0,1,0,0,9,,311,1.23,3.38,1,0.07,0.01,,,04/01/2023 - 08:59
Sayur-sayuran,Bayam,2014,0,134,0,0,0,0,1,0,0,4,,130,0.52,1.41,0,0.01,0,,,04/01/2023 - 08:59
Sayur-sayuran,Bawang Putih,2014,17,12,495,0,0,0,1,0,0,36,,469,1.86,5.1,4,0.18,0.01,,,04/01/2023 - 08:59
Sayur-sayuran,Kembang Kol,2014,0,137,0,0,0,0,0,0,0,4,,133,0.53,1.44,0,0.02,0,,,04/01/2023 - 08:59
Sayur-sayuran,Jamur,2014,0,37,5,6,0,0,0,0,0,12,,36,0.14,0.39,0,0.04,0,,,04/01/2023 - 08:59
Sayur-sayuran,Melinjo,2014,0,198,0,0,0,0,0,0,0,5,,192,0.76,2.09,1,0.06,0.01,,,04/01/2023 - 08:59
Sayur-sayuran,Petai,2014,0,230,0,0,0,0,0,0,0,6,,224,0.89,2.44,0,0.03,0.01,,,04/01/2023 - 08:59
Sayur-sayuran,Jengkol,2014,0,54,0,0,0,0,0,0,0,12,,52,0.21,0.57,1,0.03,0,,,04/01/2023 - 08:59
Sayur-sayuran,Lainnya sayur-sayuran,2014,0,7,0,0,0,0,0,0,0,0,,7,0.03,0.07,0,0.02,0,,,04/01/2023 - 08:59
Sayur-sayuran,Ketimun,2016,0,493,0,0,0,0,4,0,0,12,,477,1.84,5.05,0,0.01,0,1,,04/01/2023 - 08:59
Sayur-sayuran,Kacang Merah,2016,0,0,0,0,0,0,0,0,0,0,,0,0.38,1.04,3,0.14,0.02,1,,04/01/2023 - 08:59
Sayur-sayuran,Kacang Merah,2016,0,103,0,0,0,0,3,0,0,3,,98,0.38,1.04,3,0.14,0.02,1,,04/01/2023 - 08:59
Sayur-sayuran,Kacang Merah,2015,0,42,1,0,0,0,1,0,0,12,,41,0.16,0.44,1,0.06,0.01,,,04/01/2023 - 08:59
Buah Biji Berminyak,Kelapa daging/kopra,2015,7159,1790,1,48,0,0,0,1672,51,19,,0,0,0,0,0,0,,,04/01/2023 - 08:59
Buah Biji Berminyak,Kacang Tanah/Minyak,2015,62,32,0,0,0,0,0,0,0,0,,32,0.13,0.35,3,0,0.35,,,04/01/2023 - 08:59
Buah Biji Berminyak,Kacang tanah berkulit,2016,0,972,15,2,0,0,0,935,0,49,,0,0,0,0,0,0,1,,04/01/2023 - 08:59
Buah Biji Berminyak,Kacang tanah lepas kulit,2016,935,561,35,3,0,0,19,50,0,30,,494,1.91,5.23,24,1.32,2.24,1,,04/01/2023 - 08:59
Buah Biji Berminyak,Kedelai,2016,0,886,582,2,0,5,34,0,226,73,,1128,4.36,11.94,45,4.82,1.99,1,,04/01/2023 - 08:59
Buah Biji Berminyak,Kacang Hijau,2016,0,279,0,0,0,6,7,0,0,14,,252,0.98,2.67,9,0.54,0.05,1,,04/01/2023 - 08:59
Buah Biji Berminyak,Kelapa daging/kopra,2016,7109,1777,0,12,0,0,0,1694,52,19,,0,0,0,0,0,0,1,,04/01/2023 - 08:59
Buah Biji Berminyak,Kacang Tanah/Minyak,2016,50,26,0,0,0,0,0,0,0,0,,26,0.1,0.28,3,0,0.28,1,,04/01/2023 - 08:59
Sayur-sayuran,Kacang Panjang,2015,0,396,0,0,0,0,2,0,0,11,,383,1.5,4.11,1,0.09,0.01,,,04/01/2023 - 08:59
Sayur-sayuran,Kentang,2015,0,1219,94,7,0,0,16,0,0,66,,1225,4.8,13.14,6,0.2,0.02,,,04/01/2023 - 08:59
Sayur-sayuran,Kubis/Kol,2015,0,1443,4,39,0,0,0,0,0,79,,1330,5.21,14.27,2,0.11,0.02,,,04/01/2023 - 08:59
Sayur-sayuran,Tomat,2015,0,878,12,0,0,0,6,0,0,79,,804,3.15,8.63,2,0.08,0.02,,,04/01/2023 - 08:59
Sayur-sayuran,Cabe,2015,0,1973,208,6,0,0,15,0,0,115,,2045,8,21.93,5,0.16,0.06,,,04/01/2023 - 08:59
Sayur-sayuran,Terong,2015,0,514,0,1,0,0,4,0,0,13,,497,1.94,5.33,2,0.07,0.03,,,04/01/2023 - 08:59
Sayur-sayuran,Petsai/Sawi,2015,0,600,0,0,0,0,0,0,0,15,,585,2.29,6.28,0,0.03,0.01,,,04/01/2023 - 08:59
Sayur-sayuran,Bawang Daun,2015,0,512,0,0,0,0,4,0,0,13,,496,1.94,5.32,1,0.06,0.02,,,04/01/2023 - 08:59
Sayur-sayuran,Kangkung,2015,0,305,0,0,0,0,2,0,0,8,,295,1.16,3.17,0,0.05,0.01,,,04/01/2023 - 08:59
Sayur-sayuran,Lobak,2015,0,21,0,0,0,0,0,0,0,1,,21,0.08,0.22,0,0,0,,,04/01/2023 - 08:59
Sayur-sayuran,Labu Siam,2015,0,431,0,1,0,0,2,0,0,12,,417,1.63,4.47,1,0.02,0,,,04/01/2023 - 08:59
Sayur-sayuran,Buncis,2015,0,291,3,0,0,0,1,0,0,8,,285,1.11,3.05,1,0.06,0.01,,,04/01/2023 - 08:59
Sayur-sayuran,Bayam,2015,0,150,0,0,0,0,1,0,0,4,,145,0.57,1.56,0,0.01,0,,,04/01/2023 - 08:59
Sayur-sayuran,Bawang Putih,2015,20,1443,483,0,0,0,15,0,0,35,,460,1.8,4.94,4,0.17,0.01,,,04/01/2023 - 08:59
Sayur-sayuran,Kembang Kol,2015,0,118,0,0,0,0,0,0,0,3,,116,0.45,1.24,0,0.02,0,,,04/01/2023 - 08:59
Sayur-sayuran,Jamur,2015,0,33,6,7,0,0,0,0,0,1,,31,0.12,0.34,0,0.03,0,,,04/01/2023 - 08:59
Sayur-sayuran,Melinjo,2015,0,213,0,0,0,0,0,0,0,6,,207,0.81,2.22,1,0.07,0.01,,,04/01/2023 - 08:59
Sayur-sayuran,Petai,2015,0,261,0,0,0,0,0,0,0,7,,254,1,2.73,1,0.04,0.01,,,04/01/2023 - 08:59
Sayur-sayuran,Jengkol,2015,0,59,0,0,0,0,0,0,0,2,,57,0.22,0.61,1,0.03,0,,,04/01/2023 - 08:59
Sayur-sayuran,Lainnya sayur-sayuran,2015,0,6,0,0,0,0,0,0,0,0,,5,0.02,0.06,0,0.01,0,,,04/01/2023 - 08:59
Sayur-sayuran,Kacang Merah,2015,0,42,1,0,0,0,1,0,0,1,,41,0.16,0.44,1,0.06,0.01,,,04/01/2023 - 08:59
Sayur-sayuran,Tomat,2016,0,883,11,0,0,0,6,0,0,79,,809,3.13,8.57,2,0.08,0.02,0,,04/01/2023 - 08:59
Sayur-sayuran,Kacang Panjang,2016,0,465,0,0,0,0,2,0,0,13,,450,1.74,4.77,1,0.1,0.02,1,,04/01/2023 - 08:59
Sayur-sayuran,Kentang,2016,0,1405,19,6,0,0,17,0,0,71,,1330,5.14,14.09,6,0.21,0.02,1,,04/01/2023 - 08:59
Sayur-sayuran,Wortel,2016,0,511,9,0,0,0,0,0,0,13,,507,1.96,5.37,1,0.04,0.02,1,,04/01/2023 - 08:59
Sayur-sayuran,Cabe,2016,0,2100,53,4,0,0,15,0,0,113,,2020,7.81,21.39,5,0.15,0.05,1,,04/01/2023 - 08:59
Sayur-sayuran,Kangkung,2016,0,333,0,0,0,0,2,0,0,9,,323,1.25,3.42,0,0.05,0.01,1,,04/01/2023 - 08:59
Sayur-sayuran,Buncis,2016,0,332,1,0,0,0,1,0,0,9,,322,1.24,3.41,1,0.07,0.01,1,,04/01/2023 - 08:59
Sayur-sayuran,Bayam,2016,0,140,0,0,0,0,1,0,0,4,,136,0.52,1.43,0,0.01,0,1,,04/01/2023 - 08:59
Sayur-sayuran,Jamur,2016,0,36,1,5,0,0,0,0,0,1,,31,0.12,0.33,0,0.03,0,1,,04/01/2023 - 08:59
Sayur-sayuran,Melinjo,2016,0,200,0,0,0,0,0,0,0,5,,195,0.75,2.06,1,0.06,0.01,1,,04/01/2023 - 08:59
Sayur-sayuran,Lainnya sayur-sayuran,2016,0,7,0,0,0,0,0,0,0,0,,7,0.03,0.07,0,0.02,0,1,,04/01/2023 - 08:59
Padi - Padian,Gabah,2015,0,75398,1,0,0,332,700,70296,0,4072,,0,0,0,0,0,0,0,,04/01/2023 - 08:59
Padi - Padian,Beras,2015,70296,44104,860,1,-259,77,0,0,66,1131,,43949,172.04,471.34,1707,39.97,6.83,0,,04/01/2023 - 08:59
Padi - Padian,Jagung,2015,0,19612,3479,246,0,3710,88,0,8250,1142,,9654,37.79,103.54,298,7.72,3.63,0,,04/01/2023 - 08:59
Padi - Padian,Jagung basah,2015,0,2459,3,79,0,0,0,0,1963,0,,419,1.64,4.49,0.45,0.01,0,0,,04/01/2023 - 08:59
Padi - Padian,Gandum,2015,0,0,7418,0,0,0,0,7349,69,0,,0,0,0,0,0,0,0,,04/01/2023 - 08:59
Padi - Padian,Tepung Gandum,2015,7349,5291,120,79,0,0,0,0,127,15,,5189,20.31,55.65,185,5.01,0.56,0,,04/01/2023 - 08:59
Padi - Padian,Gabah,2016,0,79354,2,0,0,349,816,73906,0,4285,,0,0,0,0,0,0,0,,04/01/2023 - 08:59
Padi - Padian,Beras,2016,73906,46368,1281,1,400,80,0,0,134,1181,,45853,177.38,485.98,1754,46.62,7.78,0,,04/01/2023 - 08:59
Padi - Padian,Jagung,2014,0,19008,3348,43,0,1339,87,0,4817,1116,,14956,59.31,162.49,468,12.11,5.7,0,,04/01/2023 - 08:59
Telur,Telur Ayam Buras,2014,0,185,0,0,0,0,46,0,0,7,,131,0.52,1.43,2,0.12,0.14,,,04/01/2023 - 08:59
Telur,Telur Ayam Ras,2014,0,1244,2,0,0,0,0,0,0,26,,1220,4.84,13.26,16,1.32,1.15,,,04/01/2023 - 08:59
Telur,Telur Ayam Buras,2015,0,191,0,0,0,0,48,0,0,7,,136,0.53,1.45,2,0.12,0.14,,,04/01/2023 - 08:59
Telur,Telur Ayam Ras,2015,0,1373,1,0,0,0,0,0,0,28,,1346,5.27,14.44,18,1.43,1.25,,,04/01/2023 - 08:59
Telur,Telur Itik,2015,0,279,0,0,0,0,38,0,0,11,,230,0.9,2.47,4,0.25,0.32,,,04/01/2023 - 08:59
Telur,Telur Ayam Buras,2016,0,196,0,0,0,0,49,0,0,8,,140,0.54,1.48,2,0.12,0.14,1,,04/01/2023 - 08:59
Telur,Telur Ayam Ras,2016,0,1428,0,0,0,0,0,0,0,29,,1399,5.41,14.82,18,1.47,1.28,1,,04/01/2023 - 08:59
Telur,Telur Itik,2016,0,290,0,0,0,0,39,0,0,11,,240,0.93,2.54,4,0.25,0.33,1,,04/01/2023 - 08:59
Daging,Daging Sapi,2015,506.7,380,48.22,0,0,0,0,0,0,21,,406,1.59,4.36,9,0.82,0.61,,,04/01/2023 - 08:59
Daging,Daging Sapi,2016,518.48,388.5,114.47,0,0,0,0,0,0,25.15,,477.82,1.85,5.06,10,0.95,0.71,0,,04/01/2023 - 08:59
Daging,Daging Sapi,2017,486,364,119,0,0,0,0,0,0,24,,459,1.76,4.81,10,0.9,0.67,0,,04/01/2023 - 08:59
Daging,Daging Sapi,2015,506.7,379.67,48.22,0,0,0,0,0,0,21.39,,406.49,1.59,4.36,9.02,0.82,0.61,,,04/01/2023 - 08:59
Daging,Daging Kerbau,2015,35.4,24.89,0,0,0,0,0,0,0,1.24,,23.64,0.09,0.25,0.21,0.05,0,,,04/01/2023 - 08:59
Daging,Daging Kerbau,2016,31.9,22.43,0,0,0,0,0,0,0,1.12,,21.3,0.08,0.23,0.19,0.04,0.001,0,,04/01/2023 - 08:59
Daging,Daging Kerbau,2017,32.3,22.71,0,0,0,0,0,0,0,1.14,,21.57,0.08,0.23,0.19,0.04,0,2,,04/01/2023 - 08:59
Daging,Daging Kambing,2015,64.9,44.02,0.11,44.13,0,0,0,0,0,2.21,,41.93,0.16,0.45,0.69,0.07,0.04,,,04/01/2023 - 08:59
Daging,Daging Kambing,2016,67.84,46.02,0,0,0,0,0,0,0,2.3,,43.72,0.17,0.46,0.71,0.08,0.04,0,,04/01/2023 - 08:59
Daging,Daging Kambing,2017,70,47.48,0,0,0,0,0,0,0,2.37,,45.11,0.17,0.47,0.73,0.08,0.04,2,,04/01/2023 - 08:59
Daging,Daging Domba,2015,44.5,32.18,2.62,0,0,0,0,0,0,1.74,,33.06,0.13,0.35,0.92,0.06,0.08,,,04/01/2023 - 08:59
Daging,Daging Kuda,2015,2.2,1.59,0.06,0,0,0,0,0,0,0.08,,1.57,0.01,0.02,0.02,0,0,,,04/01/2023 - 08:59
Daging,Daging Babi,2015,330.2,222.79,0.56,0,0,0,0,0,0,11.17,,212.18,0.83,2.28,9.48,0.3,0.91,,,04/01/2023 - 08:59
Daging,Daging Ayam Buras,2015,0,299.8,0,0,0,0,0,0,0,14.99,,284.81,1.11,3.05,5.35,0.32,0.44,,,04/01/2023 - 08:59
Daging,Daging Ayam Ras,2015,0,1731.1,0,0,0,0,0,0,0,86.56,,1644.55,6.44,17.64,30.89,1.86,2.56,,,04/01/2023 - 08:59
Daging,Daging Itik,2015,0,34.9,2.57,0,0,0,0,0,0,1.87,,35.6,0.14,0.38,0.71,0.03,0.06,,,04/01/2023 - 08:59
Daging,Jeroan semua jenis,2015,0,355.07,2.47,0.04,0,0,0,0,0,0,,357.5,1.4,3.83,4.87,0.6,0.25,,,04/01/2023 - 08:59
Daging,Daging Domba,2016,45.9,33.19,2.1,0,0,0,0,0,0,1.76,,33.53,0.13,0.36,0.92,0.06,0.08,1,,04/01/2023 - 08:59
Daging,Daging Kuda,2016,2.6,1.88,0.08,0,0,0,0,0,0,0.1,,1.86,0.01,0.02,0.02,0,0,1,,04/01/2023 - 08:59
Sayur-sayuran,Bawang Merah,2015,1.23,794,17,8,0,0,2,0,0,67,,734,0,0,0,0,0,,,04/01/2023 - 08:59
Daging,Daging Babi,2016,339.6,229.13,1.22,0.28,0,0,0,0,0,11.5,,218.57,0.84,2.31,9.64,0.3,0.93,1,,04/01/2023 - 08:59
Daging,Daging Ayam Buras,2016,0,285,0,0.01,0,0,0,0,0,14.25,,270.74,1.05,2.87,5.02,0.3,0.42,1,,04/01/2023 - 08:59
Daging,Daging Ayam Ras,2016,0,2015.8,0,0,0,0,0,0,0,100.79,,1915.01,7.4,20.28,35.52,2.14,2.94,1,,04/01/2023 - 08:59
Daging,Daging Itik,2016,0,41.87,3.5,0,0,0,0,0,0,2.27,,43.1,0.17,0.46,0.85,0.04,0.08,1,,04/01/2023 - 08:59
Daging,Jeroan semua jenis,2016,0,386.05,32.21,0,0,0,0,0,0,0,,418.26,1.62,4.43,5.63,0.7,0.28,1,,04/01/2023 - 08:59
Daging,Daging Domba,2017,54.8,39.63,1.67,0,0,0,0,0,0,2.06,,39.23,0.15,0.41,1.07,0.07,0.09,2,,04/01/2023 - 08:59
Daging,Daging Kuda,2017,2.5,1.81,0.06,0,0,0,0,0,0,0.09,,1.77,0.01,0.02,0.02,0,0,2,,04/01/2023 - 08:59
Daging,Daging Babi,2017,344.2,232.23,0.11,0,0,0,0,0,0,11.62,,220.73,0.84,2.31,9.62,0.3,0.92,2,,04/01/2023 - 08:59
Daging,Daging Ayam Buras,2017,0,296.2,0,0,0,0,0,0,0,14.81,,281.39,1.07,2.94,5.16,0.31,0.43,2,,04/01/2023 - 08:59
Daging,Daging Ayam Ras,2017,0,1962.1,0,0,0,0,0,0,0,98.11,,1864,7.12,19.5,34.16,2.06,2.83,2,,04/01/2023 - 08:59
Daging,Daging Itik,2017,0,43.2,0.62,0,0,0,0,0,0,2.19,,41.63,0.16,0.44,0.82,0.04,0.07,2,,04/01/2023 - 08:59
Daging,Jeroan semua jenis,2017,0,386.21,30.85,0,0,0,0,0,0,0,,417.06,1.59,4.36,5.54,0.68,0.28,2,,04/01/2023 - 08:59
Buah-buahan,Durian,2015,0,996,6,0,0,0,0,0,0,100,,902,3.53,9.67,1,0.01,0.01,,,04/01/2023 - 08:59
Buah-buahan,Jambu,2015,0,288,0,0,0,0,0,0,0,2,,286,1.12,3.07,1,0.02,0.01,,,04/01/2023 - 08:59
Buah-buahan,Mangga,2015,0,2179,0,1,0,0,0,0,0,152,,2025,7.93,21.72,5,0.05,0.02,,,04/01/2023 - 08:59
Buah-buahan,Nanas,2015,0,1730,0,173,0,0,0,0,0,81,,1476,5.78,15.82,2,0.03,0.01,,,04/01/2023 - 08:59
Buah-buahan,Pepaya,2015,0,851,0,0,0,0,0,0,0,53,,798,3.13,8.56,2,0.02,0,,,04/01/2023 - 08:59
Buah-buahan,Pisang,2015,0,7299,0,22,0,0,0,0,0,342,,6935,27.15,74.37,36,0.39,0.12,,,04/01/2023 - 08:59
Buah-buahan,Rambutan,2015,883,0,0,1,0,0,0,0,0,7,,875,3.42,9.38,1,0.01,0.02,,,04/01/2023 - 08:59
Buah-buahan,Salak,2015,0,965,0,2,0,0,0,0,0,65,,898,3.51,9.63,9,0.03,0.01,,,04/01/2023 - 08:59
Sayur-sayuran,Bawang Merah,2015,1229,794,17,8,0,0,2,0,0,67,,734,2.87,7.87,2,0.1,0.02,,,04/01/2023 - 08:59
Sayur-sayuran,Bawang Merah,2017,1470,968,0,8,0,0,2,0,0,31,,926,3.54,9.71,3,0.12,0.03,0,,04/01/2023 - 08:59
Sayur-sayuran,Ketimun,2015,448,0,0,0,0,0,3,0,0,11,,433,1.7,4.65,0,0.01,0,,,04/01/2023 - 08:59
Sayur-sayuran,Ketimun,2016,0,430,0,0,0,0,3,0,0,11,,417,1.61,4.41,0,0.01,0,0,,04/01/2023 - 08:59
Buah-buahan,Belimbing,2015,0,99,0,0,0,0,0,0,0,1,,98,0.38,1.05,0,0,0,,,04/01/2023 - 08:59
Buah-buahan,Belimbing,2015,0,99,0,0,0,0,0,0,0,1,,98,0.38,1.05,0,0,0,,,04/01/2023 - 08:59
Buah-buahan,Manggis,2015,0,203,0,38,0,0,0,0,0,1,,164,0.64,1.75,0,0,0,,,04/01/2023 - 08:59
Sayur-sayuran,Ketimun,2015,0,448,0,0,0,0,3,0,0,11,,433,1.7,4.65,0,0.01,0,,,04/01/2023 - 08:59
Sayur-sayuran,Kacang Merah,2015,0,42,1,0,0,0,1,0,0,1,,41,0.16,0.44,1,0.06,0.01,,,04/01/2023 - 08:59
Sayur-sayuran,Kacang Merah,2016,0,37,1,0,0,0,1,0,0,1,,36,0.14,0.38,1,0.05,0.01,1,,04/01/2023 - 08:59
Sayur-sayuran,Kacang Merah,2016,0,37,1,0,0,0,1,0,0,1,,36,0.14,0.38,1,0.05,0.01,0,,04/01/2023 - 08:59
Sayur-sayuran,Kacang Merah,2017,0,34,0,0,0,0,1,0,0,1,,32,0.12,0.34,1,0.05,0.01,2,,04/01/2023 - 08:59
Sayur-sayuran,Kacang Panjang,2015,0,396,0,0,0,0,2,0,0,11,,383,1.5,4.11,1,0.09,0.01,,,04/01/2023 - 08:59
Sayur-sayuran,Kacang Panjang,2016,0,388,0,0,0,0,2,0,0,11,,376,1.45,3.98,1,0.08,0.01,0,,04/01/2023 - 08:59
Sayur-sayuran,Kacang Panjang,2017,0,382,0,0,0,0,2,0,0,10,,370,1.41,3.87,1,0.08,0.01,2,,04/01/2023 - 08:59
Sayur-sayuran,Kentang,2015,0,1219,94,7,0,0,16,0,0,11,,383,1.5,4.11,1,0.09,0.01,,,04/01/2023 - 08:59
Sayur-sayuran,Kentang,2016,0,1213,97,6,0,0,16,0,0,65,,1224,4.73,12.96,6,0.19,0.02,1,,04/01/2023 - 08:59
Sayur-sayuran,Kentang,2015,0,1219,94,7,0,0,16,0,0,66,,1225,4.8,13.14,6,0.2,0.02,,,04/01/2023 - 08:59
Buah-buahan,Manggis,2015,203,0,0,38,0,0,0,0,0,1,,164,0.64,1.75,0,0,0,,,04/01/2023 - 08:59
Sayur-sayuran,Kentang,2017,0,1235,48,3,0,0,15,0,0,64,,1200,4.58,12.56,6,0.19,0.02,2,,04/01/2023 - 08:59
Buah-buahan,Nangka/cempedak,2015,0,699,0,0,0,0,0,0,0,6,,694,2.72,7.44,1,0.01,0,,,04/01/2023 - 08:59
Buah-buahan,Manggis,2015,0,113,0,0,0,0,0,0,0,1,,112,0.44,1.2,1,0.02,0.01,,,04/01/2023 - 08:59
Buah-buahan,Sirsak,2015,0,59,0,0,0,0,0,0,0,0,,58,0.23,0.63,0,0,0,,,04/01/2023 - 08:59
Sayur-sayuran,Tomat,2017,0,911,8,1,0,0,7,0,0,81,,831,3.17,8.7,2,0.08,0.02,2,,04/01/2023 - 08:59
Sayur-sayuran,Wortel,2015,0,523,45,0,0,0,0,0,0,14,,554,2.17,5.94,2,0.04,0.03,,,04/01/2023 - 08:59
Sayur-sayuran,Wortel,2016,0,538,43,0,0,0,0,0,0,14,,566,2.19,5.99,2,0.04,0.03,0,,04/01/2023 - 08:59
Sayur-sayuran,Wortel,2017,0,558,0,0,0,0,0,0,0,14,,545,2.08,5.7,1,0.04,0.02,2,,04/01/2023 - 08:59
Buah-buahan,Sukun,2015,0,125,0,0,0,0,0,0,0,1,,124,0.49,1.33,1,0.02,0,,,04/01/2023 - 08:59
Sayur-sayuran,Cabe,2015,0,1915,208,6,0,0,15,0,1,112,,1990,7.79,21.35,5,0.15,0.05,,,04/01/2023 - 08:59
Sayur-sayuran,Cabe,2016,0,1962,225,4,0,0,16,0,0,115,,2053,7.93,21.74,5,0.16,0.06,0,,04/01/2023 - 08:59
Buah-buahan,Apel,2015,0,238,84,0,0,0,0,0,0,3,,320,1.25,3.43,1,0.01,0.01,,,04/01/2023 - 08:59
Sayur-sayuran,Petsai/Sawi,2015,0,600,0,0,0,0,0,0,0,15,,585,2.29,6.28,0,0.03,0.01,,,04/01/2023 - 08:59
Sayur-sayuran,Petsai/Sawi,2017,0,607,0,0,0,0,0,0,0,15,,592,2.26,6.19,0,0.03,0.01,2,,04/01/2023 - 08:59
Sayur-sayuran,Bawang Daun,2015,0,512,0,0,0,0,4,0,0,13,,496,1.94,5.32,1,0.06,0.02,,,04/01/2023 - 08:59
Sayur-sayuran,Bawang Daun,2017,0,544,0,0,0,0,4,0,0,13,,527,2.01,5.51,1,0.07,0.03,2,,04/01/2023 - 08:59
Sayur-sayuran,Kangkung,2015,0,305,0,0,0,0,2,0,0,8,,295,1.16,3.17,0,0.05,0.01,,,04/01/2023 - 08:59
Sayur-sayuran,Kangkung,2016,0,297,0,0,0,0,2,0,0,8,,288,1.11,3.05,0,0.04,0.01,0,,04/01/2023 - 08:59
Sayur-sayuran,Kangkung,2017,0,306,0,0,0,0,2,0,0,8,,296,1.13,3.1,0,0.04,0.01,2,,04/01/2023 - 08:59
Sayur-sayuran,Lobak,2015,0,21,0,0,0,0,0,0,0,1,,21,0.08,0.22,0,0,0,,,04/01/2023 - 08:59
Sayur-sayuran,Lobak,2016,0,19,0,0,0,0,0,0,0,1,,19,0.07,0.2,0,0,0,0,,04/01/2023 - 08:59
Sayur-sayuran,Labu Siam,2015,0,431,0,1,0,0,2,0,0,12,,417,1.63,4.47,1,0.02,0,,,04/01/2023 - 08:59
Sayur-sayuran,Labu Siam,2016,0,603,0,1,0,0,3,0,0,17,,584,2.26,6.18,2,0.03,0.01,0,,04/01/2023 - 08:59
Buah-buahan,Jeruk,2016,0,2014,75,1,0,0,0,0,0,82,,2006,7.76,21.26,5,0.08,0.03,0,,04/01/2023 - 08:59
Buah-buahan,Duku,2016,0,206,0,0,0,0,0,0,0,2,,204,0.79,2.17,1,0.01,0,0,,04/01/2023 - 08:59
Sayur-sayuran,Buncis,2015,0,291,3,0,0,0,1,0,0,8,,285,1.11,3.05,1,0.06,0.01,,,04/01/2023 - 08:59
Sayur-sayuran,Buncis,2016,0,276,3,0,0,0,1,0,0,8,,270,1.04,2.86,1,0.06,0.01,0,,04/01/2023 - 08:59
Buah-buahan,Mangga,2016,0,1815,0,0,0,0,0,0,0,127,,1687,6.53,17.88,4,0.04,0.02,0,,04/01/2023 - 08:59
Buah-buahan,Nanas,2016,0,1396,0,125,0,0,0,0,0,66,,1205,4.66,12.77,1,0.02,0.01,0,,04/01/2023 - 08:59
Sayur-sayuran,Bayam,2015,0,150,0,0,0,0,1,0,0,4,,145,0.57,1.56,0,0.01,0,,,04/01/2023 - 08:59
Sayur-sayuran,Bayam,2016,0,160,0,0,0,0,1,0,0,4,,155,0.6,1.65,0,0.01,0,0,,04/01/2023 - 08:59
Sayur-sayuran,Bayam,2017,0,165,0,0,0,0,1,0,0,4,,160,0.61,1.67,0,0.01,0,2,,04/01/2023 - 08:59
Buah-buahan,Nanas,2016,0,0,0,1396,125,0,0,0,0,66,,1205,4.66,12.77,1,0.02,0.01,0,,04/01/2023 - 08:59
Buah-buahan,Pepaya,2016,0,904,0,0,0,0,0,0,0,56,,848,3.28,8.99,2,0.03,0,0,,04/01/2023 - 08:59
Buah-buahan,Pisang,2016,0,7007,0,19,0,0,0,0,0,328,,6660,25.76,70.58,34,0.37,0.11,0,,04/01/2023 - 08:59
Buah-buahan,Rambutan,2016,0,572,0,1,0,0,0,0,0,5,,567,2.19,6.01,1,0.01,0.02,0,,04/01/2023 - 08:59
Buah-buahan,Salak,2016,0,702,0,1,0,0,0,0,0,48,,654,2.53,6.93,6,0.02,0.01,0,,04/01/2023 - 08:59
Buah-buahan,Sawo,2016,0,132,0,0,0,0,0,0,0,1,,131,0.51,1.39,1,0.01,0.02,0,,04/01/2023 - 08:59
Buah-buahan,Belimbing,2016,0,79,0,0,0,0,0,0,0,1,,78,0.3,0.83,0,0,0,0,,04/01/2023 - 08:59
Buah-buahan,Manggis,2016,0,163,0,35,0,0,0,0,0,1,,127,0.49,1.34,0,0,0,0,,04/01/2023 - 08:59
Buah-buahan,Nangka/cempedak,2016,0,655,0,0,0,0,0,0,0,5,,649,2.51,6.88,1,0.01,0,0,,04/01/2023 - 08:59
Buah-buahan,Markisa,2016,0,102,0,0,0,0,0,0,0,1,,101,0.39,1.07,1,0.02,0.01,0,,04/01/2023 - 08:59
Buah-buahan,Sirsak,2016,0,56,0,0,0,0,0,0,0,0,,55,0.21,0.59,0,0,0,0,,04/01/2023 - 08:59
Buah-buahan,Sukun,2016,0,108,0,0,0,0,0,0,0,1,,107,0.42,1.14,1,0.02,0,0,,04/01/2023 - 08:59
Sayur-sayuran,Bawang Putih,2015,20,14,483,0,0,0,1,0,0,35,,460,1.8,4.94,4,0.17,0.01,0,,04/01/2023 - 08:59
Sayur-sayuran,Bawang Putih,2016,21,15,449,0,0,0,1,0,0,33,,429,1.66,4.55,3,0.16,0.01,0,,04/01/2023 - 08:59
Buah-buahan,Apel,2016,0,330,140,0,0,0,0,0,0,4,,466,1.8,4.94,2,0.02,0.01,0,,04/01/2023 - 08:59
Sayur-sayuran,Kembang Kol,2015,0,118,0,0,0,0,0,0,0,3,,116,0.45,1.24,0,0.02,0,,,04/01/2023 - 08:59
Buah-buahan,Lainnya,2016,0,149,1,0,0,0,0,0,0,1,,148,0.57,1.57,1,0.01,0.02,1,,04/01/2023 - 08:59
Sayur-sayuran,Jamur,2015,0,41,5,5,0,0,0,0,0,1,,40,0.16,0.43,0,0.04,0,,,04/01/2023 - 08:59
Sayur-sayuran,Jamur,2015,0,33,6,7,0,0,0,0,0,1,,31,0.12,0.34,0,0.03,0,,,04/01/2023 - 08:59
Sayur-sayuran,Jamur,2016,0,41,5,5,0,0,0,0,0,1,,40,0.16,0.43,0,0.04,0,1,,04/01/2023 - 08:59
Sayur-sayuran,Jamur,2017,0,44,4,2,0,0,0,0,0,1,,45,0.17,0.47,0,0.05,0,2,,04/01/2023 - 08:59
Sayur-sayuran,Melinjo,2015,0,213,0,0,0,0,0,0,0,6,,207,0.81,2.22,1,0.07,0.01,,,04/01/2023 - 08:59
Sayur-sayuran,Petai,2015,0,261,0,0,0,0,0,0,0,7,,254,1,2.73,1,0.04,0.01,,,04/01/2023 - 08:59
Sayur-sayuran,Jengkol,2015,0,59,0,0,0,0,0,0,0,2,,57,0.22,0.61,1,0.03,0,,,04/01/2023 - 08:59
Sayur-sayuran,Lainnya sayur-sayuran,2015,0,6,0,0,0,0,0,0,0,0,,5,0.02,0.06,0,0.01,0,,,04/01/2023 - 08:59
Sayur-sayuran,Lainnya sayur-sayuran,2016,0,5,0,0,0,0,0,0,0,0,,5,0.02,0.05,0,0.01,0,1,,04/01/2023 - 08:59
Sayur-sayuran,Lainnya sayur-sayuran,2017,0,7,0,0,0,0,0,0,0,0,,6,0.02,0.07,0,0,0,0,,04/01/2023 - 08:59
Buah-buahan,Alpokat,2017,0,363,0,0,0,0,0,0,0,4,,359,1.37,3.36,2,0.02,0.15,0,,04/01/2023 - 08:59
Buah-buahan,Jeruk,2017,0,2165,90,0,0,0,0,0,0,25,,2230,8.53,23.38,5,0.09,0.03,0,,04/01/2023 - 08:59
Buah-buahan,Durian,2017,0,795,1,0,0,0,0,0,0,9,,787,3.01,8.25,2,0.05,0.05,0,,04/01/2023 - 08:59
Buah-buahan,Mangga,2017,0,2204,1,4,0,0,0,0,0,24,,2176,8.33,22.81,5,0.05,0.02,0,,04/01/2023 - 08:59
Buah-buahan,Nanas,2017,0,1796,0,262,0,0,0,0,0,17,,1.517,5.8,13,2,0.03,0.01,0,,04/01/2023 - 08:59
Buah-buahan,Pepaya,2017,0,875,0,0,0,0,0,0,0,10,,865,3.31,9.07,2,0.03,0,0,,04/01/2023 - 08:59
Buah-buahan,Pisang,2017,0,7163,0,18,0,0,0,0,0,79,,7065,27.03,74.06,36,0.39,0.12,0,,04/01/2023 - 08:59
Buah-buahan,Rambutan,2017,0,524,0,0,0,0,0,0,0,6,,518,1.98,5.43,1,0.01,0.01,0,,04/01/2023 - 08:59
Buah-buahan,Salak,2017,0,954,0,1,0,0,0,0,0,11,,942,3.6,9.87,9,0.03,0.01,0,,04/01/2023 - 08:59
Buah-buahan,Sawo,2017,0,134,0,1,0,0,0,0,0,1,,131,0.5,1.37,1,0.01,0.02,0,,04/01/2023 - 08:59
Buah-buahan,Semangka,2017,0,499,0,0,0,0,0,0,0,6,,494,1.89,5.18,0,0.01,0,0,,04/01/2023 - 08:59
Buah-buahan,Belimbing,2017,0,85,0,0,0,0,0,0,0,1,,84,0.32,0.88,0,0,0,0,,04/01/2023 - 08:59
Buah-buahan,Manggis,2017,0,162,0,15,0,0,0,0,0,2,,145,0.55,1.52,0,0,0,0,,04/01/2023 - 08:59
Buah-buahan,Nangka/cempedak,2017,0,657,0,0,0,0,0,0,0,7,,649,2.48,6.81,1,0.01,0,0,,04/01/2023 - 08:59
Buah-buahan,Markisa,2017,0,77,0,0,0,0,0,0,0,1,,76,0.29,0.8,1,0.01,0,0,,04/01/2023 - 08:59
Buah-buahan,Sirsak,2017,0,62,0,0,0,0,0,0,0,1,,62,0.24,0.65,0,0,0,0,,04/01/2023 - 08:59
Buah-buahan,Sukun,2017,0,62,0,0,0,0,0,0,0,1,,116,0.24,0.65,0,0,0,0,,04/01/2023 - 08:59
Buah-buahan,Apel,2017,0,319,154,0,0,0,0,0,0,5,,467,1.79,4.9,2,0.02,0.01,0,,04/01/2023 - 08:59
Buah-buahan,Anggur,2017,0,12,86,0,0,0,0,0,0,1,,96,0.37,1.01,0,0.1,0,0,,04/01/2023 - 08:59
Buah-buahan,Lainnya,2017,0,0,0,0,0,0,0,0,0,0,,0,0,0,0,0.01,0,0,,04/01/2023 - 08:59
Susu,Susu Sapi,2015,0,835,0,0,0,84,0,0,0,48,,704,2.76,7.55,5,0.24,0.26,0,,04/01/2023 - 08:59
Susu,Susu Impor,2015,0,0,3119,171,0,0,0,0,5,0,,2943,11.52,31.56,19,1.01,1.1,0,,04/01/2023 - 08:59
Minyak dan Lemak,Kopra/Minyak Goreng,2014,1711,1026,0,774,0,0,0,0,34,4,,215,0.85,2.33,20,0,2.28,,,04/01/2023 - 08:59
Minyak dan Lemak,Minyak sawit,2014,0,10000,0,10000,146,0,0,6187,189,156,,0,0,0,0,0,0,,,04/01/2023 - 08:59
Minyak dan Lemak,Minyak sawit/minyak goreng,2014,6187,4224,0,0,0,0,0,0,123,65,,4036,16,43.85,396,0,20.39,,,04/01/2023 - 08:59
Minyak dan Lemak,Lemak Sapi,2014,498,32,0,0,0,0,0,0,0,0,,32,0.13,0.35,3,0.01,0.32,,,04/01/2023 - 08:59
Minyak dan Lemak,Lemak Kerbau,2014,35,2,0,0,0,0,0,0,0,0,,2,0.01,0.02,0,0,0.02,,,04/01/2023 - 08:59
Minyak dan Lemak,Lemak Kambing,2014,65,5,0,0,0,0,0,0,0,0,,5,0.02,0.06,0,0,0.05,,,04/01/2023 - 08:59
Minyak dan Lemak,Lemak Domba,2014,44,3,0,0,0,0,0,0,0,0,,3,0.01,0.04,0,0,0.03,,,04/01/2023 - 08:59
Minyak dan Lemak,Lemak Babi,2014,302,36,0,0,0,0,0,0,0,0,,35,0.14,0.38,3,0,0.38,,,04/01/2023 - 08:59
Telur,Telur Ayam Buras,2017,0,197,0,0,0,0,49,0,0,8,,40,0.5,1.48,2,0.12,0.14,2,,04/01/2023 - 08:59
Telur,Telur Itik,2015,0,310,0,0,0,0,42,0,0,12,,256,1,2.74,4,0.27,0.36,,,04/01/2023 - 08:59
Telur,Telur Itik,2016,0,325,0,0,0,0,44,0,0,13,,269,1.04,2.84,5,0.28,0.37,1,,04/01/2023 - 08:59
Minyak dan Lemak,Kopra/Minyak Goreng,2015,1658,995,0,764,0,0,0,0,4,4,,223,0.87,2.4,21,0.02,2.35,,,04/01/2023 - 08:59
Minyak dan Lemak,Minyak sawit,2015,0,31070,8,26468,91,0,0,4212,199,108,,0,0,0,0,0,0,,,04/01/2023 - 08:59
Minyak dan Lemak,Minyak sawit/minyak goreng,2015,4212,2876,0,0,0,0,0,0,115,45,,2717,10.64,29.14,263,0,13.55,,,04/01/2023 - 08:59
Minyak dan Lemak,Lemak Sapi,2015,507,33,0,0,0,0,0,0,0,0,,33,0.13,0.35,3,0.01,0.32,,,04/01/2023 - 08:59
Minyak dan Lemak,Lemak Kerbau,2015,35,2,0,0,0,0,0,0,0,0,,2,0.01,0.02,0,0,0.02,,,04/01/2023 - 08:59
Minyak dan Lemak,Lemak Kambing,2015,65,5,0,0,0,0,0,0,0,0,,5,0.02,0.05,0,0,0.05,,,04/01/2023 - 08:59
Makanan berpati,Ubi Jalar,2015,0,2298,0,12,0,46,0,0,0,229,,2011,7.87,21.57,23,0.22,0.62,,,04/01/2023 - 08:59
Makanan berpati,Ubi Kayu,2015,0,21801,0,0,0,436,0,12489,0,464,,8412,32.93,90.21,89,0.58,0.18,,,04/01/2023 - 08:59
Makanan berpati,Ubi Kayu/Gaplek,2015,298,107,4,5,0,0,0,0,19,1,,86,0.34,0.93,3,0.01,0.01,,,04/01/2023 - 08:59
Makanan berpati,Ubi Kayu/Tapioka,2015,12192,3415,596,11,0,0,0,0,712,28,,3260,12.76,34.96,127,0.17,0.1,,,04/01/2023 - 08:59
Makanan berpati,Sagu/Tepung sagu,2015,1060,424,0,10,0,0,0,0,2,3,,408,1.6,4.38,15,0.03,0.01,,,04/01/2023 - 08:59
Gula,Gula Pasir,2015,0,2498,3375,2,-366,0,0,0,19,61,,6156,24.1,66.02,240,0,0,0,,04/01/2023 - 08:59
Gula,Gula Mangkok,2015,0,386,0,0,0,0,0,0,1,0,,385,1.51,4.13,16,0.12,0.41,0,,04/01/2023 - 08:59
Buah Biji Berminyak,Kacang tanah berkulit,2015,0,995,70,3,0,0,0,1009,133,53,,0,0,0,0,0,0,,,04/01/2023 - 08:59
Buah Biji Berminyak,Kacang tanah lepas kulit,2015,1009,605,129,6,0,0,18,62,2,36,,610,2.39,6.54,30,1.66,2.8,,,04/01/2023 - 08:59
Buah Biji Berminyak,Kedelai,2015,0,963,2283,1,0,11,38,0,18,162,,3016,11.81,32.34,123,13.07,5.4,,,04/01/2023 - 08:59
Buah Biji Berminyak,Kacang Hijau,2015,0,271,0,0,0,5,7,0,0,14,,245,0.96,2.63,9,0.53,0.05,,,04/01/2023 - 08:59
Buah Biji Berminyak,Kelapa daging/kopra,2015,7159,1790,0.7645,48.3496,0,0,0,1658,65.3508,19,,0,0,0,0,0,0,,,04/01/2023 - 08:59
Telur,Telur Ayam Buras,2015,0,191,0,0,0,0,48,0,0,7,,136,0.53,1.45,2,0.12,0.14,,,04/01/2023 - 08:59
Telur,Telur Ayam Ras,2015,0,1373,1,0,0,0,0,0,0,28,,1346,5.27,14.44,18,1.43,1.25,,,04/01/2023 - 08:59
Telur,Telur Itik,2015,0,310,0,0,0,0,42,0,0,12,,256,1,2.74,4,0.27,0.36,,,04/01/2023 - 08:59
Minyak dan Lemak,Kopra/Minyak Goreng,2015,1658,995,0,764,0,0,0,0,4,4,,223,0.87,2.4,21,0.02,2.35,,,04/01/2023 - 08:59
Minyak dan Lemak,Minyak sawit/minyak goreng,2015,4212,2876,0,0,0,0,0,0,115,45,,2717,10.64,29.14,263,0,13.55,,,04/01/2023 - 08:59
Minyak dan Lemak,Lemak Sapi,2015,507,33,0,0,0,0,0,0,0,0,,33,0.13,0.35,3,0.01,0.32,,,04/01/2023 - 08:59
Minyak dan Lemak,Lemak Kerbau,2015,35,2,0,0,0,0,0,0,0,0,,2,0.01,0.02,0,0,0.02,,,04/01/2023 - 08:59
Minyak dan Lemak,Lemak Kambing,2015,65,5,0,0,0,0,0,0,0,0,,5,0.02,0.05,0,0,0.05,,,04/01/2023 - 08:59
Minyak dan Lemak,Lemak Domba,2015,45,3,0,0,0,0,0,0,0,0,,3,0.01,0.04,0,0,0.03,,,04/01/2023 - 08:59
Minyak dan Lemak,Lemak Babi,2015,330,39,0,0,0,0,0,0,0,0,,39,0.15,0.41,4,0,0.41,,,04/01/2023 - 08:59
Buah Biji Berminyak,Kacang tanah berkulit,2016,0,952,52,3,0,0,0,951,0,50,,0,0,0,0,0,0,0,,04/01/2023 - 08:59
Buah Biji Berminyak,Kacang tanah lepas kulit,2016,950.795,570.477,142.4351,3.7162,0,0,17.5802,60.3526,0,35.459797,,595.8033,2.3049,6.3147,34.6048,1.7744,2.734282,0,,04/01/2023 - 08:59
Buah Biji Berminyak,Kedelai,2016,0,860,2288,2,0,11,31,0,226,157,,2721,10.53,28.84,110,11.65,4.82,0,,04/01/2023 - 08:59
Buah Biji Berminyak,Kacang Hijau,2016,0,252.985,0,0,0,5.0597,6.5736,0,0,12.64925,,228.7024,0.8847,2.4239,8.176,0.4913,0.043631,0,,04/01/2023 - 08:59
Buah Biji Berminyak,Kelapa Berkulit/daging,2016,0,11616.68,0.849,358.4147,0,0,0,7125.8934,8.3223,410.957671,,3713.9409,14.3675,39.3629,74.8959,0.7093,7.239237,0,,04/01/2023 - 08:59
Buah Biji Berminyak,Kelapa daging/kopra,2016,7125.8934,1781.4734,0.4483,12.5117,0,0,0,1697.8109,52.3126,19.286569,,0,0,0,0,0,0,0,,04/01/2023 - 08:59
Telur,Telur Ayam Buras,2016,0,197,0,0,0,0,49,0,0,8,,140,0.54,1.48,2,0.12,0.14,1,,04/01/2023 - 08:59
Telur,Telur Ayam Ras,2016,0,1486,2,0,0,0,0,0,0,30,,1457,5.64,15.44,19,1.53,1.34,1,,04/01/2023 - 08:59
Telur,Telur Itik,2016,0,325,0,0,0,0,44,0,0,13,,269,1.04,2.85,5,0.28,0.37,1,,04/01/2023 - 08:59
Buah Biji Berminyak,Kacang tanah berkulit,2017,0,848.7427,22.9476,2.485,0,0,0,825.745,73.2045,43.460263,,0,0,0,0,0,0,1,,04/01/2023 - 08:59
Buah Biji Berminyak,Kacang tanah lepas kulit,2017,826,495,269,3,0,0,15,65,1,38,,642,2.46,6.73,37,1.89,2.92,1,,04/01/2023 - 08:59
Buah Biji Berminyak,Kedelai,2017,0,539,2675,2,0,11,21,0,19,161,,3000,11.48,31.45,120,12.71,5.25,1,,04/01/2023 - 08:59
Buah Biji Berminyak,Kacang Hijau,2017,0,241,79,0,0,6,6,0,0,16,,292,1.12,3.06,10,0.62,0.06,1,,04/01/2023 - 08:59
Buah Biji Berminyak,Kelapa Berkulit/daging,2017,0,11417.2,0.178,441.4344,0,0,0,6946.6747,72.025,400.621941,,3556.622,13.6084,37.2832,70.9387,0.6718,6.856754,0,,04/01/2023 - 08:59
Buah Biji Berminyak,Kelapa daging/kopra,2017,6946.6747,1736.6687,0.272,24.4255,0,0,0,1079.5696,91.2655,4.45254,,0,0,0,0,0,0,0,,04/01/2023 - 08:59
Telur,Telur Ayam Buras,2017,0,211,0,0,0,0,53,0,0,8,,150,0.57,1.57,2,0.13,0.15,2,,04/01/2023 - 08:59
Telur,Telur Ayam Ras,2017,0,1527,1,0,0,0,0,0,0,31,,1497,5.71,15.66,19,1.56,1.35,2,,04/01/2023 - 08:59
Telur,Telur Itik,2017,0,344,0,0,0,0,46,0,0,13,,284,1.08,2.97,5,0.3,0.39,2,,04/01/2023 - 08:59
Minyak dan Lemak,Minyak sawit/minyak goreng,2017,14588.1361,9960.7794,0.0151,4607.875,1851.747,0,0,0,137.117,54.268173,,3309.7873,12.6639,34.6957,312.9552,0,16.133497,0,,04/01/2023 - 08:59
Minyak dan Lemak,Lemak Sapi,2017,532,35,0,0,0,0,0,0,0,0,,35,0.13,0.36,3,0.01,0.33,2,,04/01/2023 - 08:59
Minyak dan Lemak,Lemak Kerbau,2017,32,2,0,0,0,0,0,0,0,0,,1,0.01,0.02,0,0,0.04,2,,04/01/2023 - 08:59
Minyak dan Lemak,Lemak Kambing,2017,70,6,0,0,0,0,0,0,0,0,,5,0.02,0.06,0,0,0.05,2,,04/01/2023 - 08:59
Minyak dan Lemak,Lemak Domba,2017,0,4.2436,0,0,0,0,0,0,0,0,,4.2436,0.0162,0.0445,0.3639,0.0007,0.040036,0,,04/01/2023 - 08:59
Minyak dan Lemak,Lemak Babi,2017,344,41,0,0,0,0,0,0,0,0,,40,0.15,0.42,4,0,0.42,2,,04/01/2023 - 08:59
Minyak dan Lemak,Lemak Kerbau,2017,32,2,0,0,0,0,0,0,0,0,,1,0.01,0.02,0,0,0.01,2,,04/01/2023 - 08:59
Buah Biji Berminyak,Kacang Tanah/Minyak,2015,62,32,0,0,0,0,0,0,0,0,,32,0.13,0.35,3,0,0.35,,,04/01/2023 - 08:59
Buah Biji Berminyak,Kacang Tanah/Minyak,2016,60.3526,31.3833,0.0003,0.0009,0,0,0,0,0,0,,31.3827,0.1214,0.3326,3.0002,0,0.332616,0,,04/01/2023 - 08:59
Buah-buahan,Lainnya,2017,0,158,1,0,0,0,0,0,0,1,,158,0,1,1,0,0,2,,04/01/2023 - 08:59
Padi - Padian,Gabah,2012,0,69056,24,0,0,304,676,64369,0,3730,,0,0,0,0,0,0,0,,04/01/2023 - 08:59
Padi - Padian,Gabah,2011,0,65757,6,0,0,289,658,61264,0,3551,,0,0,0,0,0,0,0,,04/01/2023 - 08:59
Padi - Padian,Gabah,2010,0,66469,4,0,0,292,701,61891,0,3590,,0,0,0,0,0,0,0,,04/01/2023 - 08:59
Makanan berpati,Ubi Jalar,2016,0,2169,0,10,0,43,0,0,0,216,,1901,7.35,20.14,19,0.15,0.15,0,,04/01/2023 - 08:59
Makanan berpati,Ubi Kayu,2016,0,20261,2287,147,0,448,0,0,3156,477,,18319,70.87,194.16,254,1.65,0.5,0,,04/01/2023 - 08:59
Sayur-sayuran,Bawang Merah,2016,1447,934,1,1,0,0,2,0,0,78,,854,3.3,9.05,3,0.11,0.02,0,,04/01/2023 - 08:59
Minyak dan Lemak,Lemak Kerbau,2016,0,1.4963,0,0,0,0,0,0,0,0,,1.4963,0.0058,0.0159,0.1297,0.0002,0.014273,0,,04/01/2023 - 08:59
Minyak dan Lemak,Lemak Sapi,2016,0,33.7015,0,0,0,0,0,0,0,0,,33.7015,0.1304,0.3572,2.9218,0.0054,0.321472,0,,04/01/2023 - 08:59
Sayur-sayuran,Ketimun,2016,0,430,0,0,0,0,3,0,0,11,,417,1.61,4.42,0,0.01,0,0,,04/01/2023 - 08:59
Minyak dan Lemak,Lemak Kambing,2016,0,5.3394,0,0,0,0,0,0,0,0,,5.3394,0.0207,0.0566,0.4629,0.0008,0.050931,0,,04/01/2023 - 08:59
Makanan berpati,Sagu/Tepung sagu,2016,959,384,0,8,0,0,0,0,31,3,,342,1.32,3.63,12,0.02,0.01,0,,04/01/2023 - 08:59
Minyak dan Lemak,Lemak Domba,2016,0,3.5352,0,0,0,0,0,0,0,0,,3.5352,0.0137,0.0375,0.3065,0.0006,0.033722,0,,04/01/2023 - 08:59
Minyak dan Lemak,Lemak Babi,2016,0,40.4814,0,0,0,0,0,0,0,0,,40.4814,0.1566,0.4291,3.87,0,0.42905,0,,04/01/2023 - 08:59
Sayur-sayuran,Kacang Panjang,2016,0,388,0,0,0,0,2,0,0,11,,376,1.45,3.98,1,0.08,0.01,0,,04/01/2023 - 08:59
Minyak dan Lemak,Kopra/Minyak Goreng,2016,1697.8109,1018.6865,6.7252,605.7779,0,0,0,0,49.2838,6.546287,,363.8037,1.4074,3.8558,33.5459,0.0386,3.778729,0,,04/01/2023 - 08:59
Buah-buahan,Alpokat,2016,0,2014,75,1,0,0,0,0,0,82,,2006,7.76,21.26,5,0.08,0.02,0,,04/01/2023 - 08:59
Minyak dan Lemak,Minyak sawit,2016,0,31730.961,2.8148,22761.8175,0,0,0,8558.4565,199.072,214.429804,,0,0,0,0,0,0,0,,04/01/2023 - 08:59
Buah-buahan,Duku,2016,0,206,0,0,0,0,0,0,0,2,,204,0.79,2.17,1,0.01,0,0,,04/01/2023 - 08:59
Minyak dan Lemak,Minyak sawit/minyak goreng,2016,8558.4565,5843.7141,0,0,1415.787,0,0,0,114.6026,68.63287,,4244.6916,16.4207,44.9882,405.7936,0,20.919513,0,,04/01/2023 - 08:59
Buah-buahan,Durian,2016,0,735,2,0,0,0,0,0,0,74,,664,2.57,7.03,2,0.04,0.05,0,,04/01/2023 - 08:59
Makanan berpati,Ubi Jalar,2017,0,1914.244,0,11.194,0,38.0614,0,63.943,0,114.755045,,1686.3093,6.4522,17.56,16,0.13,0.13,0,,04/01/2023 - 08:59
Makanan berpati,Ubi Kayu,2017,0,19053.748,1379.629,54.4213,0,407.5791,0,0,4733.7118,862.029827,,14375.6349,56.64,55.0041,203,1.32,0.4,0,,04/01/2023 - 08:59
Makanan berpati,Sagu/Tepung sagu,2017,1082.2825,432.913,0.1641,11.4848,0,0,0,0,11.5131,3.035465,,407.0437,1.5574,3.78,13,0.02,0.01,0,,04/01/2023 - 08:59
Makanan berpati,Ubi Jalar,2018,0,1806.3885,0.0092,10.8561,0,35.9108,0,0,191.3565,108.271158,,1460.0031,5.5269,15.1423,14.158,0.1158,0.113264,0,,04/01/2023 - 08:59
Makanan berpati,Ubi Kayu,2018,0,16119.02,1341.1659,34.3255,0,348.5172,0,5950.4273,1208.609,737.113897,,9181.193,34.756,95.2218,124.6454,0.8094,0.242816,0,,04/01/2023 - 08:59
Makanan berpati,Sagu/Tepung sagu,2018,1158.855,463.542,0.1191,12.9083,0,0,0,0,20.7549,3.24542,,426.7525,1.6155,4.426,14.96,0.0266,0.013278,0,,04/01/2023 - 08:59
Buah-buahan,Jambu,2016,0,207,0,0,0,0,0,0,0,2,,205,0.79,2.17,1,0.01,0.01,0,,04/01/2023 - 08:59
Buah-buahan,Mangga,2016,0,1815,0,0,0,0,0,0,0,127,,1687,6.53,17.88,4,0.04,0.02,0,,04/01/2023 - 08:59
Buah-buahan,Nanas,2016,0,1396,0,125,0,0,0,0,0,66,,1205,4.66,12.77,1,0.02,0.01,0,,04/01/2023 - 08:59
Buah-buahan,Pepaya,2016,0,904,0,0,0,0,0,0,0,56,,848,3.28,8.99,2,0.03,0,0,,04/01/2023 - 08:59
Buah-buahan,Pisang,2016,0,7007,0,19,0,0,0,0,0,328,,6660,25.76,70.58,34,0.37,0.11,0,,04/01/2023 - 08:59
Buah-buahan,Rambutan,2016,0,572,0,1,0,0,0,0,0,5,,567,2.19,6.01,1,0.01,0.02,0,,04/01/2023 - 08:59
Buah-buahan,Salak,2016,0,702,0,1,0,0,0,0,0,48,,654,2.53,6.93,6,0.02,0.01,0,,04/01/2023 - 08:59
Buah-buahan,Sawo,2016,0,132,0,0,0,0,0,0,0,1,,131,0.51,1.39,1,0.01,0.02,0,,04/01/2023 - 08:59
Buah-buahan,Anggur,2016,0,10,66,0,0,0,0,0,0,1,,75,0.29,0.79,0,0,0,0,,04/01/2023 - 08:59
Buah-buahan,Semangka,2016,0,481,0,0,0,0,0,0,0,4,,477,1.84,5.05,0,0.01,0,0,,04/01/2023 - 08:59
Buah-buahan,Belimbing,2016,0,79,0,0,0,0,0,0,0,1,,78,0.3,0.83,0,0,0,0,,04/01/2023 - 08:59
Buah-buahan,Manggis,2016,0,163,0,35,0,0,0,0,0,1,,127,0.49,1.34,0,0,0,0,,04/01/2023 - 08:59
Minyak dan Lemak,Kopra/Minyak Goreng,2017,1079.5696,647.7418,8.8418,510.4409,0,0,0,0,11.7049,2.279826,,132.158,0.5057,1.3854,12.0528,0.0139,1.357672,0,,04/01/2023 - 08:59
Minyak dan Lemak,Minyak sawit,2017,0,37965.224,3.2693,22791.7642,0,0,0,14588.1361,192.4803,396.112629,,0,0,0,0,0,0,0,,04/01/2023 - 08:59
Minyak dan Lemak,Lemak Sapi,2017,0,31.6108,0,0,0,0,0,0,0,0,,31.6108,0.1209,0.3314,2.7106,0.005,0.298231,0,,04/01/2023 - 08:59
Minyak dan Lemak,Lemak Kerbau,2017,0,1.3779,0,0,0,0,0,0,0,0,,1.3779,0.0053,0.0144,0.1182,0.0002,0.013,0,,04/01/2023 - 08:59
Minyak dan Lemak,Lemak Kambing,2017,0,5.5368,0,0,0,0,0,0,0,0,,5.5368,0.0212,0.058,0.4748,0.0009,0.052237,0,,04/01/2023 - 08:59
Buah-buahan,Nangka/cempedak,2016,0,655,0,0,0,0,0,0,0,5,,649,2.51,6.88,1,0.01,0,0,,04/01/2023 - 08:59
Buah-buahan,Markisa,2016,0,102,0,0,0,0,0,0,0,1,,101,0.39,1.07,1,0.02,0.01,0,,04/01/2023 - 08:59
Buah-buahan,Sirsak,2016,0,56,0,0,0,0,0,0,0,0,,55,0.21,0.59,0,0,0,0,,04/01/2023 - 08:59
Buah-buahan,Sukun,2016,0,108,0,0,0,0,0,0,0,1,,107,0.42,1.14,1,0.02,0,0,,04/01/2023 - 08:59
Minyak dan Lemak,Lemak Babi,2017,0,37.8343,0,0,0,0,0,0,0,0,,37.8343,0.1448,0.3966,3.5774,0,0.396608,0,,04/01/2023 - 08:59
Minyak dan Lemak,Kopra/Minyak Goreng,2018,1585.7029,951.4217,12.2969,675.2697,0,0,0,0,17.9298,4.499804,,266.0194,1.007,2.759,24.0032,0.0276,2.703814,0,,04/01/2023 - 08:59
Buah-buahan,Apel,2016,0,330,140,0,0,0,0,0,0,4,,466,1.8,4.94,2,0.02,0.01,0,,04/01/2023 - 08:59
Minyak dan Lemak,Minyak sawit,2018,0,42883.631,3.0494,30426,0,0,0,8704,190.9334,325.22376,,0,0,0,0,0,0,0,,04/01/2023 - 08:59
Gula,Gula Mangkok,2016,0,470.972,0,0,0,0,0,0,6.696,0,,464.276,1.7961,4.9207,18.5511,0.1476,0.492072,0,,04/01/2023 - 08:59
Minyak dan Lemak,Minyak sawit/minyak goreng,2018,8704,5943.0912,0.0387,0,1485.31,0,0,0,151.3029,69.096209,,4237.4208,16.041,43.948,396.4109,0,20.435816,0,,04/01/2023 - 08:59
Minyak dan Lemak,Lemak Sapi,2018,0,32.3682,0,0,0,0,0,0,0,0,,32.3682,0.1225,0.3357,2.7461,0.005,0.302133,0,,04/01/2023 - 08:59
Minyak dan Lemak,Lemak Kerbau,2018,0,1.1887,0,0,0,0,0,0,0,0,,1.1887,0.0045,0.0123,0.1008,0.0002,0.011096,0,,04/01/2023 - 08:59
Minyak dan Lemak,Lemak Kambing,2018,0,5.5212,0,0,0,0,0,0,0,0,,5.5212,0.0209,0.0573,0.4684,0.0009,0.051536,0,,04/01/2023 - 08:59
Minyak dan Lemak,Lemak Domba,2018,0,6.3351,0,0,0,0,0,0,0,0,,6.3351,0.024,0.0657,0.5375,0.001,0.059133,0,,04/01/2023 - 08:59
Minyak dan Lemak,Lemak Babi,2018,0,25.7249,0,0,0,0,0,0,0,0,,25.7249,0.0974,0.2668,2.4066,0,0.266803,0,,04/01/2023 - 08:59
Buah-buahan,Lainnya,2016,0,0,0,0,0,0,0,0,0,0,,0,0,0,0,0,0,0,,04/01/2023 - 08:59
Sayur-sayuran,Kentang,2016,0,1213,97,6,0,0,16,0,0,65,,1224,4.73,12.97,6,0.19,0.02,0,,04/01/2023 - 08:59
Sayur-sayuran,Kubis/Kol,2016,0,1513,1,67,0,0,0,0,0,81,,1366,5.28,14.48,2,0.11,0.02,0,,04/01/2023 - 08:59
Sayur-sayuran,Tomat,2016,0,883,11,0,0,0,6,0,0,79,,809,3.13,8.57,2,0.08,0.02,0,,04/01/2023 - 08:59
Sayur-sayuran,Wortel,2016,0,538,43,0,0,0,0,0,0,14,,566,2.19,6,2,0.04,0.03,0,,04/01/2023 - 08:59
Sayur-sayuran,Cabe,2016,0,1046,225,4,0,0,9,0,0,67,,1.191,4.61,12.63,3,0.09,0.03,0,,04/01/2023 - 08:59
Sayur-sayuran,Terong,2016,0,510,0,0,0,0,4,0,0,13,,493,1.91,5.22,2,0.07,0.03,0,,04/01/2023 - 08:59
Sayur-sayuran,Petsai/Sawi,2016,0,601,0,0,0,0,0,0,0,15,,586,2.27,6.22,0,0.03,0.01,0,,04/01/2023 - 08:59
Sayur-sayuran,Bawang Daun,2016,0,538,0,0,0,0,4,0,0,13,,521,2.02,5.52,1,0.07,0.03,0,,04/01/2023 - 08:59
Sayur-sayuran,Kangkung,2016,0,297,0,0,0,0,2,0,0,8,,288,1.11,3.05,0,0.04,0.01,0,,04/01/2023 - 08:59
Sayur-sayuran,Buncis,2016,0,276,3,0,0,0,1,0,0,8,,270,1.04,2.86,1,0.06,0.01,0,,04/01/2023 - 08:59
Sayur-sayuran,Bayam,2016,0,160,0,0,0,0,1,0,0,4,,155,0.6,1.65,0,0.01,0,0,,04/01/2023 - 08:59
Sayur-sayuran,Bawang Putih,2016,21,15,449,0,0,0,1,0,0,33,,429,1.66,4.55,3,0.16,0.01,0,,04/01/2023 - 08:59
Sayur-sayuran,Kembang Kol,2016,0,143,0,0,0,0,0,0,0,4,,139,0.54,1.48,0,0.02,0,0,,04/01/2023 - 08:59
Sayur-sayuran,Jamur,2016,0,41,5,5,0,0,0,0,0,1,,40,0.16,0.43,0,0.04,0,0,,04/01/2023 - 08:59
Sayur-sayuran,Petai,2016,0,195,0,0,0,0,0,0,0,5,,190,0.73,2.01,0,0.03,0.01,0,,04/01/2023 - 08:59
Sayur-sayuran,Jengkol,2016,0,56,0,0,0,0,0,0,0,1,,55,0.21,0.58,1,0.03,0,0,,04/01/2023 - 08:59
Gula,Gula Mangkok,2017,0,560.181,0,0,0,0,0,0,0.4411,0,,559.7399,2.1417,5.8676,22.1209,0.176,0.586762,0,,04/01/2023 - 08:59
Gula,Gula Mangkok,2018,0,664,0,0,0,0,0,0,0,0,,663,2,6,26,0,0,0,,04/01/2023 - 08:59
Gula,Gula Pasir,2016,0,2204.619,4761.4061,2.4178,428.408,0,0,0,80.0398,64.044953,,6391.1145,24.7242,67.7375,246.5644,0,0,0,,04/01/2023 - 08:59
Gula,Gula Pasir,2017,0,2121.671,4548.656,0.0019,3.197,0,0,0,132.4775,274.685679,,6259.965,23.9519,65.6217,238.8629,0,0,0,,04/01/2023 - 08:59
Gula,Gula Pasir,2018,0,2.171,5.021,4,211,0,0,0,160,287,,6.53,24,67,247,0,0,0,,04/01/2023 - 08:59
Susu,Susu Sapi,2016,0,912.735,0,0,0,91.2735,0,0,0,52.025896,,769.4356,2.9766,8.155,4.9746,0.261,0.285426,0,,04/01/2023 - 08:59
Susu,Susu Impor,2016,0,0,3485.1531,112.7682,0,0,0,0,11.9502,0,,3360.4347,12.9999,35.6162,21.7259,1.1397,1.246568,0,,04/01/2023 - 08:59
Sayur-sayuran,Lainnya sayur-sayuran,2016,0,0,0,0,0,0,0,0,0,0,,0,0,0,0,0,0,0,0,04/01/2023 - 08:59
,,2018,1492,963,0,7,0,0,2,0,0,80,,875,3.31,9.07,3,0.11,0.02,2,,04/01/2023 - 08:59
Sayur-sayuran,Ketimun,2017,0,425,0,0,0,0,3,0,0,12,,410,1.57,4.3,0,0.01,0,0,,04/01/2023 - 08:59
Sayur-sayuran,Kacang Merah,2017,0,74,0,0,0,0,2,0,0,0,,72,0.28,0.76,2,0.1,0.02,0,,04/01/2023 - 08:59
Sayur-sayuran,Kacang Panjang,2017,0,381,0,0,0,0,2,0,0,12,,368,1.41,3.86,1,0.08,0.01,0,,04/01/2023 - 08:59
Sayur-sayuran,Kentang,2017,0,1165,131,3,0,0,15,0,0,30,,1248,4.77,13.08,6,0.2,0.02,0,,04/01/2023 - 08:59
Sayur-sayuran,Kubis/Kol,2017,0,1443,3,46,0,0,0,0,0,49,,1350,5.17,14.16,2,0.11,0.02,0,,04/01/2023 - 08:59
Sayur-sayuran,Tomat,2017,0,963,1,0,0,0,7,0,0,27,,930,3.56,9.75,2,0.09,0.03,0,,04/01/2023 - 08:59
Sayur-sayuran,Wortel,2017,0,537,0,0,0,0,0,0,0,19,,519,1.98,5.44,1,0.04,0.02,0,,04/01/2023 - 08:59
Sayur-sayuran,Cabe,2017,0,1206,43,12,0,0,9,0,0,34,,1195,4.57,12.52,3,0.09,0.03,0,,04/01/2023 - 08:59
Sayur-sayuran,Terong,2017,0,535,0,0,0,0,4,0,0,15,,517,1.98,5.42,2,0.07,0.03,0,,04/01/2023 - 08:59
Sayur-sayuran,Petsai/Sawi,2017,0,628,0,0,0,0,0,0,0,22,,606,2.32,6.35,0,0.03,0.01,0,,04/01/2023 - 08:59
Sayur-sayuran,Bawang Daun,2017,0,510,0,0,0,0,4,0,0,14,,493,1.89,5.16,1,0.06,0.02,0,,04/01/2023 - 08:59
Sayur-sayuran,Kangkung,2017,0,277,0,0,0,0,2,0,0,8,,267,1.02,2.8,0,0.04,0.01,0,,04/01/2023 - 08:59
Sayur-sayuran,Lobak,2017,0,22,0,0,0,0,0,0,0,1,,22,0.08,0.23,0,0,0,0,,04/01/2023 - 08:59
Sayur-sayuran,Labu Siam,2017,0,567,0,0,0,0,2,0,0,17,,547,2.09,5.74,1,0.03,0,0,,04/01/2023 - 08:59
Sayur-sayuran,Buncis,2017,0,279,1,0,0,0,1,0,0,9,,271,1.04,2.84,1,0.06,0.01,0,,04/01/2023 - 08:59
Sayur-sayuran,Bayam,2017,0,148,0,0,0,0,1,0,0,5,,143,0.55,1.5,0,0.01,0,0,,04/01/2023 - 08:59
Sayur-sayuran,Bawang Putih,2017,20,14,560,1,0,0,1,0,0,19,,553,2.12,5.8,4,0.2,0.01,0,,04/01/2023 - 08:59
Sayur-sayuran,Kembang Kol,2017,0,153,2,0,0,0,0,0,0,4,,151,0.58,1.58,0,0.02,0,0,,04/01/2023 - 08:59
Sayur-sayuran,Jamur,2017,0,37,6,2,0,0,0,0,0,1,,40,0.15,0.41,0,0.04,0,0,,04/01/2023 - 08:59
Sayur-sayuran,Melinjo,2017,0,201,0,0,0,0,0,0,0,6,,195,0.75,2.05,1,0.06,0.01,0,,04/01/2023 - 08:59
Sayur-sayuran,Petai,2017,0,213,0,0,0,0,0,0,0,6,,207,0.79,2.17,0,0.03,0.01,0,,04/01/2023 - 08:59
Sayur-sayuran,Lainnya sayur-sayuran,2017,0,0,0,0,0,0,0,0,0,0,,0,0,0,0,0,0,0,,04/01/2023 - 08:59
Sayur-sayuran,Jengkol,2017,0,66,0,0,0,0,0,0,0,2,,64,0.25,0.67,1,0.04,0,0,,04/01/2023 - 08:59
Sayur-sayuran,Bawang Merah,2018,1503,990,0,6,0,0,2,0,0,32,,950,3.59,9.85,3,0.12,0.03,0,,04/01/2023 - 08:59
Sayur-sayuran,Ketimun,2018,0,434,0,0,0,0,3,0,0,12,,419,1.59,4.35,0,0.01,0,0,,04/01/2023 - 08:59
Sayur-sayuran,Kacang Merah,2018,0,68,1,0,0,0,2,0,0,0,,66,0.25,0.68,2,0.1,0.02,0,,04/01/2023 - 08:59
Sayur-sayuran,Kacang Panjang,2018,0,370,0,0,0,0,2,0,0,11,,357,1.35,3.71,1,0.08,0.01,0,,04/01/2023 - 08:59
Sayur-sayuran,Kentang,2018,0,1285,106,5,0,0,16,0,121,32,,1217,4,12,6,0,0.02,0,,04/01/2023 - 08:59
Sayur-sayuran,Kubis/Kol,2018,0,1408,6,37,0,0,0,0,0,48,,1329,5.03,13.78,2,0.11,0.02,0,,04/01/2023 - 08:59
Sayur-sayuran,Tomat,2018,0,977,12,0,0,0,7,0,0,27,,954,3.61,9.89,2,0.09,0.03,0,,04/01/2023 - 08:59
Sayur-sayuran,Wortel,2018,0,977,0,0,0,0,7,0,4,27,,950,3.6,9.86,2,0.09,0.03,1,,04/01/2023 - 08:59
Sayur-sayuran,Cabe,2018,0,1207,40,1,0,0,9,0,0,34,,1202,4.55,12.47,3,0.09,0.03,1,,04/01/2023 - 08:59
Buah-buahan,Duku,2017,0,138,0,0,0,0,0,0,0,2,,137,0.52,1.43,1,0.01,0,0,,04/01/2023 - 08:59
Sayur-sayuran,Petsai/Sawi,2018,0,636,0,0,0,0,0,0,0,22,,614,2.32,6.37,0,0.03,0.01,1,,04/01/2023 - 08:59
Sayur-sayuran,Bawang Daun,2018,0,573,0,0,0,0,4,0,0,16,,553,2.09,5.74,1,0.07,0.03,1,,04/01/2023 - 08:59
Sayur-sayuran,Kangkung,2018,0,290,0,0,0,0,2,0,0,8,,279,1.06,2.9,0,0.04,0.01,1,,04/01/2023 - 08:59
Buah-buahan,Jambu,2017,0,200,0,0,0,0,0,0,0,2,,199,0.76,2.08,1,0.01,0.01,0,,04/01/2023 - 08:59
Padi - Padian,Jagung,2016,0,23578,1316.6101,36.3648,0,3768,98,0,8500,1243,,11250,43.49,8.6301,28.5053,0.5569,0.440396,0,,04/01/2023 - 08:59
Buah-buahan,Lainnya,2017,0,0,0,0,0,0,0,0,0,0,,0,0,0,0,0,0,1,,04/01/2023 - 08:59
Buah-buahan,Lainnya,2017,0,0,0,0,0,0,0,0,0,0,,0,0,0,0,0,0,1,,04/01/2023 - 08:59
Buah-buahan,Jeruk,2018,0,2408,85,0,0,0,0,0,0,28,,2465,9.33,22.56,6,0.1,0.03,0,,04/01/2023 - 08:59
Buah-buahan,Duku,2018,0,237,0,0,0,0,0,0,0,3,,234,0.89,2.43,1,0.02,0,0,,04/01/2023 - 08:59
Buah-buahan,Durian,2018,0,1142,0,1,0,0,0,0,0,13,,1129,4.27,11.71,3,0.06,0.08,0,,04/01/2023 - 08:59
Buah-buahan,Jambu,2018,0,231,0,0,0,0,0,0,0,3,,228,0.86,2.36,1,0.02,0.01,0,,04/01/2023 - 08:59
Buah-buahan,Mangga,2018,0,2272,2,2,0,0,0,0,0,29,,2595,9.82,26.91,6,0.06,0.02,1,,04/01/2023 - 08:59
Buah-buahan,Nanas,2018,0,18.054,0.0917,198.832,0,0,0,0,0,17.835,,1.588,601.496,164.793,17.817,0.0271,0.013101,0,,04/01/2023 - 08:59
Buah-buahan,Pepaya,2018,0,888,0,0,0,0,0,0,0,10,,846,3.32,9.1,2,0.03,0,1,,04/01/2023 - 08:59
Buah-buahan,Pisang,2018,0,72.643,0.0009,37.448,0,0,0,0,17.526,802.189,,71.449,270.476,741.032,357.918,0.389,0.116713,0,,04/01/2023 - 08:59
Buah-buahan,Rambutan,2018,0,716,0,0,0,0,0,0,0,8,,708,2.68,7.34,1,0.01,0.02,1,,04/01/2023 - 08:59
Buah-buahan,Salak,2018,0,144,0,0,0,0,0,0,0,2,,142,0.54,1.48,1,0.01,0.02,0,,04/01/2023 - 08:59
Buah-buahan,Sawo,2018,0,144,0,0,0,0,0,0,0,2,,142,0.54,1.48,1,0.01,0.02,0,,04/01/2023 - 08:59
Buah-buahan,Semangka,2018,0,482,0,0,0,0,0,0,0,5,,476,1.8,4.94,0,0.01,0,0,,04/01/2023 - 08:59
Buah-buahan,Belimbing,2018,0,102,1,0,0,0,0,0,0,1,,101,0.38,1.05,0,0,0,0,,04/01/2023 - 08:59
Buah-buahan,Manggis,2018,0,228,0,39,0,0,0,0,0,2,,187,0.71,1.94,0,0,0,0,,04/01/2023 - 08:59
Buah-buahan,Nangka/cempedak,2018,0,775,0,0,0,0,0,0,0,9,,767,2.9,7.95,1,0.01,0,0,,04/01/2023 - 08:59
Buah-buahan,Markisa,2018,0,59,0,0,0,0,0,0,0,1,,59,0.22,0.61,1,0.01,0,0,,04/01/2023 - 08:59
Buah-buahan,Sirsak,2018,0,68,0,0,0,0,0,0,0,1,,68,0.26,0.7,0,0,0,0,,04/01/2023 - 08:59
Buah-buahan,Sukun,2018,0,124,0,0,0,0,0,0,0,1,,123,0.47,1.27,1,0.02,0,0,,04/01/2023 - 08:59
Buah-buahan,Apel,2018,0,482,163,0,0,0,0,0,0,7,,638,2.41,6.62,3,0.02,0.03,0,,04/01/2023 - 08:59
Buah-buahan,Lainnya,2018,0,0,0,0,0,0,0,0,0,0,,0,0,0,0,0,0,1,,04/01/2023 - 08:59
Padi - Padian,Jagung basah,2016,0,2540.7896,4.8729,5.6835,0,0,0,0,2020.401,0,,519.578,2.01,5.506,0.556,0.0177,0.0055,0,,04/01/2023 - 08:59
Padi - Padian,Gandum,2016,0,0,10544,19,0,0,0,10525,0,0,,0,0,0,0,0,0,0,,04/01/2023 - 08:59
Padi - Padian,Tepung Gandum,2016,10262,7388,180,72,0,0,0,0,0,22,,7474,28.91,79.22,264,7.13,0.79,0,,04/01/2023 - 08:59
Daging,Daging Sapi,2018,498,373,164,0,0,0,0,0,0,27,,511,1.93,5.29,11,1,0.74,0,,04/01/2023 - 08:59
Daging,Daging Kerbau,2018,25,18,0,0,0,0,0,0,0,1,,17,0.06,0.18,0,0.03,0,0,,04/01/2023 - 08:59
Daging,Daging Kambing,2018,70,48,0,0,0,0,0,0,0,2,,45,0.17,0.47,1,0.08,0.04,0,,04/01/2023 - 08:59
Daging,Daging Domba,2018,82,60,2,0,0,0,0,0,0,3,,58,0.22,0.61,2,0.01,0.13,0,,04/01/2023 - 08:59
Daging,Daging Kuda,2018,2,2,0.1,0,0,0,0,0,0,0.1,,2,0.01,0.02,0,0,0,0,,04/01/2023 - 08:59
Daging,Daging Babi,2018,216,146,1,0,0,0,0,0,0,7,,139,0.53,1.44,6,0.19,0.58,0,,04/01/2023 - 08:59
Daging,Daging Ayam Buras,2018,0,287,0,0,0,0,0,0,0,14,,273,1.03,2.83,5,0.3,0.41,0,,04/01/2023 - 08:59
Daging,Daging Ayam Ras,2018,0,3551,0,0,0,0,0,0,0,178,,3374,12.77,34.99,61,3.69,5.07,0,,04/01/2023 - 08:59
Daging,Daging Itik,2018,0,39,0,0,0,0,0,0,0,2,,37,0.14,0.39,1,0.03,0.06,0,,04/01/2023 - 08:59
Daging,Jeroan semua jenis,2018,0,522,47,0,0,0,0,0,0,0,,568,2.15,5.9,7,0.93,0.38,0,,04/01/2023 - 08:59
Daging,Daging Domba,2016,45.91,33.2,20.95,0,0,0,0,0,0,2.71,,51.45,0.2,0.55,1,0.09,0.12,0,,04/01/2023 - 08:59
Daging,Daging Kuda,2016,2.56,1.85,0.08,0,0,0,0,0,0,0.1,,1.83,0.01,0.02,0.02,0.004,0.001,0,,04/01/2023 - 08:59
Daging,Daging Babi,2016,339.61,229.13,1.22,0.28,0,0,0,0,0,11.5,,218.57,0.85,2.32,10,0.3,0.93,0,,04/01/2023 - 08:59
Daging,Daging Ayam Buras,2016,0,284.99,0,0.01,0,0,0,0,0,14.25,,270.73,1.05,2.87,5,0.3,0.42,0,,04/01/2023 - 08:59
Daging,Daging Ayam Ras,2016,0,2015.78,0,0,0,0,0,0,0,100.79,,1914.99,7.41,20.3,36,2.14,2.94,0,,04/01/2023 - 08:59
Daging,Daging Itik,2016,0,47.48,3.5,0,0,0,0,0,0,2.55,,48.43,0.19,0.51,1,0.04,0.09,0,,04/01/2023 - 08:59
Daging,Jeroan semua jenis,2016,0,386.71,32.21,0,0,0,0,0,0,0,,418.92,1.62,4.44,6,0.7,0.28,0,,04/01/2023 - 08:59
Daging,Daging Kerbau,2016,29,21,0,0,0,0,0,0,0,1,,20,0.08,0.21,0.17,0.04,0.001,0,,04/01/2023 - 08:59
Daging,Daging Kambing,2017,70,48,3,0,0,0,0,0,0,3,,48,0.18,0.5,1,0.08,0.05,1,,04/01/2023 - 08:59
Daging,Daging Kerbau,2017,29,21,0,0,0,0,0,0,0,1,,20,0.08,0.21,0.17,0.04,0.001,1,,04/01/2023 - 08:59
Daging,Daging Domba,2017,55,40,0,0,0,0,0,0,0,2,,38,0.14,0.4,1,0.07,0.08,0,,04/01/2023 - 08:59
Daging,Daging Kuda,2017,3,2,0,0,0,0,0,0,0,0.1,,2,0.01,0.02,0.023,0.004,0.001,1,,04/01/2023 - 08:59
Daging,Daging Babi,2017,317,214,0.3,0,0,0,0,0,0,11,,204,0.78,2.14,9,0.28,0.85,1,,04/01/2023 - 08:59
Daging,Daging Ayam Ras,2017,0,2162,0,0,0,0,0,0,0,108,,2054,7.86,21.53,38,2.27,3.12,1,,04/01/2023 - 08:59
Daging,Daging Itik,2017,0,42,1,0,0,0,0,0,0,2,,41,0.16,0.43,1,0.04,0.07,1,,04/01/2023 - 08:59
Daging,Jeroan semua jenis,2017,0,395,44,0,0,0,0,0,0,0,,440,1.68,4.61,6,0.72,0.3,1,,04/01/2023 - 08:59
Buah Biji Berminyak,Kacang tanah berkulit,2018,0,886.2512,13.9663,1.6246,0,0,0,853.6633,52.6801,44.929649,,0,0,0,0,0,0,2,,04/01/2023 - 08:59
Buah Biji Berminyak,Kacang tanah lepas kulit,2018,853.6633,512.198,345.167,2.7931,0,0,15.4957,72.7241,0.5565,42.728594,,723.067,2.7372,7.4992,41.0957,2.1073,3.247161,2,,04/01/2023 - 08:59
Buah Biji Berminyak,Kedelai,2018,0,983,3378,2,0,15,21,0,0,218,,4105,15.54,42.58,162,17.2,7.11,2,,04/01/2023 - 08:59
Buah Biji Berminyak,Kacang Hijau,2018,0,234,102,33,0,6,6,0,0,15,,276,1.05,2.86,10,0.58,0.05,2,,04/01/2023 - 08:59
Buah Biji Berminyak,Kelapa Berkulit/daging,2018,0,11360.592,0.7117,460.1564,0,0,0,6899.3361,88.1904,397.891876,,3515.7289,13.309,36.463,69.3782,0.6571,6.705917,1,,04/01/2023 - 08:59
Buah Biji Berminyak,Kelapa daging/kopra,2018,6899.3361,1724.834,0.1701,41.3983,0,0,0,1585.7029,93.5255,4.377375,,0,0,0,0,0,0,1,,04/01/2023 - 08:59
Sayur-sayuran,Buncis,2018,0,304.4308,3.7991,0.0081,0,0,1.3562,0,0,9.369943,,297.4957,1.1262,3.0854,0.8497,0.06,0.007498,0,,04/01/2023 - 08:59
Sayur-sayuran,Bawang Putih,2018,39.2997,27.9028,587.9425,0.0447,0,0,39.2997,0,0,19.951937,,556.5489,2.1069,5.7722,4.2465,0.2011,0.010159,0,,04/01/2023 - 08:59
Sayur-sayuran,Bayam,2018,0,162.2634,0.0859,0.0231,0,0,0.7142,0,0,4.934715,0,156.6772,0.5931,1.625,0.1311,0.0074,0.00323,0,,04/01/2023 - 08:59
Sayur-sayuran,Kembang Kol,2018,0,152.1143,2.4823,0.015,0,0,0,0,0,4.390119,0,150.1915,0.5686,1.5577,0.222,0.0213,0.001776,0,,04/01/2023 - 08:59
Sayur-sayuran,Jamur,2018,0,31.0516,7.3031,4.0082,0,0,0,0,0,0.975439,0,33.371,0.1263,0.3461,0.2475,0.0343,0.002769,0,,04/01/2023 - 08:59
Sayur-sayuran,Melinjo,2018,0,239.2117,0,0,0,0,0,0,0,6.793612,,232.4181,0.8798,2.4105,0.9546,0.0723,0.010124,0,,04/01/2023 - 08:59
Sayur-sayuran,Petai,2018,0,306.6444,0,0,0,0,0,0,0,8.708701,,297.9357,1.1279,3.09,0.5684,0.0416,0.007787,0,,04/01/2023 - 08:59
Sayur-sayuran,Lainnya sayur-sayuran,2019,0,0,0,0,0,0,0,0,0,0,,0,0,0,0,0,0,0,,04/01/2023 - 08:59
Sayur-sayuran,Jengkol,2018,0,87.8445,0,0,0,0,0,0,0,2.494784,,85.3497,0.3231,0.8852,1.0373,0.0467,0.000741,0,,04/01/2023 - 08:59
Buah Biji Berminyak,Kacang Tanah/Minyak,2017,68.9803,35.8697,0,0,0,0,0,0,0,0,,35.8697,0.1372,0.376,3.3916,0,0.376014,0,,04/01/2023 - 08:59
Buah Biji Berminyak,Kacang Tanah/Minyak,2018,71,37,29,0,0,0,0,0,0,0,,66,0.25,0.68,6,0,0.68,1,,04/01/2023 - 08:59
Buah Biji Berminyak,Kacang Tanah/Minyak,2013,75,39,0,0,0,0,0,0,0,0,,39,0.16,0.43,4,0,0.43,0,,04/01/2023 - 08:59
Telur,Telur Ayam Buras,2018,0,227,2,0,0,0,57,0,0,9,,162,0.62,1.69,2,0.14,0.16,2,,04/01/2023 - 08:59
Telur,Telur Ayam Ras,2018,0,1644,0,0,0,0,0,0,0,34,,1611,6.1,16.71,21,1.66,1.44,2,,04/01/2023 - 08:59
Buah-buahan,Anggur,2018,0,11,104,0,0,0,0,0,0,1,,113,0.43,1.18,0,0.01,0,0,,04/01/2023 - 08:59
Telur,Telur Itik,2018,0,332,0,0,0,0,45,0,0,13,,274,1.04,2.85,5,0.28,0.37,2,,04/01/2023 - 08:59
Telur,Telur Ayam Buras,2017,0,221,2,0,0,0,56,0,0,9,,158,0.6,1.66,2,0.13,0.16,1,,04/01/2023 - 08:59
Telur,Telur Ayam Ras,2017,0,1506,0,0,0,0,0,0,0,31,,1475,5.64,15.47,19,1.54,1.34,1,,04/01/2023 - 08:59
Telur,Telur Itik,2017,0,338,0,0,0,0,46,0,0,13,,279,1.07,2.92,5,0.29,0.38,1,,04/01/2023 - 08:59
Telur,Telur Ayam Buras,2016,0,196.7031,0,0,0,0,49.1758,0,0,7.59274,,139.9346,0.5413,1.4831,1.8394,0.1207,0.14149,0,,04/01/2023 - 08:59
Telur,Telur Ayam Ras,2016,0,1485.6879,1.7947,0.3031,0,0,0.04,0,0,30.48718,,1456.6523,5.6351,15.4386,19.0442,1.534,1.335286,0,,04/01/2023 - 08:59
Telur,Telur Itik,2016,0,325.2514,0.0134,0,0,0,43.9108,0,0,12.750381,,268.6037,1.0391,2.8468,4.5899,0.284,0.373344,0,,04/01/2023 - 08:59
Telur,Telur Ayam Buras,2014,0,185,0,0,0,0,46,0,0,7,,131,0.52,1.43,2,0.12,0.14,0,,04/01/2023 - 08:59
,Telur Itik,2014,0,273,0,0,0,0,37,0,0,11,,225,0.89,2.45,4,0.24,0.32,0,,04/01/2023 - 08:59
Buah-buahan,Jambu Air,2016,0,89,0,0,0,0,0,0,0,1,,88,0.34,0.93,0,0.01,0,0,,04/01/2023 - 08:59
Buah-buahan,Melon,2016,0,117,0,0,0,0,0,0,0,1,,116,0.45,1.23,0,0,0,0,,04/01/2023 - 08:59
Buah-buahan,Strobery,2016,0,12,1,0,0,0,0,0,0,0,,13,0.05,0.14,0,0,0,0,,04/01/2023 - 08:59
Buah-buahan,Blewah,2016,0,20,0,0,0,0,0,0,0,0,,19,0.07,0.21,0,0,0,0,,04/01/2023 - 08:59
Buah-buahan,Lemon,2016,0,0,0,0,0,0,0,0,0,0,,0,0,0,0,0,0,0,,04/01/2023 - 08:59
Buah-buahan,Jeruk Besar,2016,0,124,0,0,0,0,0,0,0,5,,119,0.46,1.27,0,0,0,0,,04/01/2023 - 08:59
Buah-buahan,Kurma,2016,0,0,0,0,0,0,0,0,0,0,,0,0,0,0,0,0,0,,04/01/2023 - 08:59
Buah-buahan,Buah Ara(Buah Tin),2016,0,0,0,0,0,0,0,0,0,0,,0,0,0,0,0,0,0,,04/01/2023 - 08:59
Buah-buahan,Pir,2016,0,0,0,0,0,0,0,0,0,0,,0,0,0,0,0,0,0,,04/01/2023 - 08:59
Buah-buahan,"Aprikot,Ceri Dan Persik",2016,0,0,0,0,0,0,0,0,0,0,,0,0,0,0,0,0,0,,04/01/2023 - 08:59
Buah-buahan,"Aprikot,Ceri Dan Persik",2016,0,0,0,0,0,0,0,0,0,0,,0,0,0,0,0,0,0,,04/01/2023 - 08:59
Buah-buahan,Rasberry Dan Blackberry,2016,0,0,0,0,0,0,0,0,0,0,,0,0,0,0,0,0,0,,04/01/2023 - 08:59
Buah-buahan,Kiwi,2016,0,0,0,0,0,0,0,0,0,0,,0,0,0,0,0,0,0,,04/01/2023 - 08:59
Buah-buahan,Kesemek,2016,0,0,0,0,0,0,0,0,0,0,,0,0,0,0,0,0,0,,04/01/2023 - 08:59
Buah-buahan,Lengkeng,2016,0,1,0,0,0,0,0,0,0,0,,1,0,0.01,0,0,0,0,,04/01/2023 - 08:59
Buah-buahan,Leci,2016,0,0,0,0,0,0,0,0,0,0,,0,0,0,0,0,0,0,,04/01/2023 - 08:59
Buah-buahan,Buah Naga,2016,0,30,0,0,0,0,0,0,0,0,,30,0.12,0.32,0,0,0,0,,04/01/2023 - 08:59
Buah-buahan,Jambu Air,2017,0,101,0,0,0,0,0,0,0,0,,101,0.39,1.06,0,0.01,0,0,,04/01/2023 - 08:59
Buah-buahan,Melon,2017,0,91,0,0,0,0,0,0,0,1,,92,0.35,0.96,0,0,0,0,,04/01/2023 - 08:59
Buah-buahan,Blewah,2017,0,19,0,0,0,0,0,0,0,0,,18,0.07,0.19,0,0,0,0,,04/01/2023 - 08:59
Buah-buahan,Lemon,2017,0,0,12,0,0,0,0,0,0,0,,11,0.04,0.12,0,0,0,0,,04/01/2023 - 08:59
Buah-buahan,Jeruk Besar,2017,0,130,0,0,0,0,0,0,0,0,,129,0.49,1.35,0,0.01,0,0,,04/01/2023 - 08:59
Buah-buahan,Kurma,2017,0,0,35,0,0,0,0,0,0,0,,34,0.13,0.36,1,0.01,0,0,,04/01/2023 - 08:59
Buah-buahan,Buah Ara(Buah Tin),2017,0,0,0,0,0,0,0,0,0,0,,0,0,0,0,0,0,0,,04/01/2023 - 08:59
Buah-buahan,Pir,2017,0,0,167,0,0,0,0,0,0,2,,166,0.63,1.74,1,0.01,0,0,,04/01/2023 - 08:59
Buah-buahan,"Aprikot,Ceri Dan Persik",2017,0,0,3,0,0,0,0,0,0,0,,3,0.01,0.03,0,0,0,0,,04/01/2023 - 08:59
Buah-buahan,Rasberry Dan Blackberry,2017,0,0,1,0,0,0,0,0,0,0,,1,0,0.01,0,0,0,0,,04/01/2023 - 08:59
Buah-buahan,Kiwi,2017,0,0,5,0,0,0,0,0,0,0,,5,0.02,0.05,0,0,0,0,,04/01/2023 - 08:59
Buah-buahan,Lengkeng,2017,0,1,100,0,0,0,0,0,0,1,,100,0.38,1.05,1,0.01,0,0,,04/01/2023 - 08:59
Buah-buahan,Leci,2017,0,0,3,0,0,0,0,0,0,0,,3,0.01,0.03,0,0,0,0,,04/01/2023 - 08:59
Buah-buahan,Buah Naga,2017,0,30,3,0,0,0,0,0,0,0,,33,0.13,0.35,0,0,0,0,,04/01/2023 - 08:59
Buah-buahan,Jambu Air,2018,0,104,0,0,0,0,0,0,0,0,,0,0,0,0,0,0,0,,04/01/2023 - 08:59
Buah-buahan,Melon,2018,0,119,0,0,0,0,0,0,0,1,,117,0.44,1.22,0,0,0,0,,04/01/2023 - 08:59
Buah-buahan,Strobery,2018,0,9,1,0,0,0,0,0,0,0,,9,0.04,0.1,0,0,0,0,,04/01/2023 - 08:59
Buah-buahan,Blewah,2018,0,32,0,0,0,0,0,0,0,0,,32,0.12,0.33,0,0,0,0,,04/01/2023 - 08:59
Buah-buahan,Lemon,2018,0,0,11,0,0,0,0,0,0,0,,11,0.04,0.08,0,0,0,0,,04/01/2023 - 08:59
Buah-buahan,Jeruk Besar,2018,0,102,0,0,0,0,0,0,0,1,,101,0.38,1.05,0,0.01,0,0,,04/01/2023 - 08:59
Buah-buahan,Kurma,2018,0,0,40,0,0,0,0,0,0,0,,40,0.15,0.41,1,0.01,0,0,,04/01/2023 - 08:59
Buah-buahan,Buah Ara(Buah Tin),2018,0,0,0,0,0,0,0,0,0,0,,0,0,0,0,0,0,0,,04/01/2023 - 08:59
Buah-buahan,Pir,2018,0,0,186,0,0,0,0,0,0,2,,184,0.7,1.91,1,0.01,0,0,,04/01/2023 - 08:59
Buah-buahan,"Aprikot,Ceri Dan Persik",2018,0,0,6,0,0,0,0,0,0,0,,6,0.02,0.06,0,0.01,0,0,,04/01/2023 - 08:59
Buah-buahan,Rasberry Dan Blackberry,2018,0,0,1,0,0,0,0,0,0,0,,1,0,0.01,0,0,0,0,,04/01/2023 - 08:59
Buah-buahan,Kiwi,2018,0,0,4,0,0,0,0,0,0,0,,4,0.02,0.04,0,0,0,0,,04/01/2023 - 08:59
Buah-buahan,Kesemek,2018,0,0,0,0,0,0,0,0,0,0,,0,0,0,0,0,0,0,,04/01/2023 - 08:59
Buah-buahan,Lengkeng,2018,0,1,62,0,0,0,0,0,0,1,,62,0.24,0.65,0,0.01,0,0,,04/01/2023 - 08:59
Buah-buahan,Leci,2018,0,0,4,0,0,0,0,0,0,0,,4,0.01,0.04,0,0,0,0,,04/01/2023 - 08:59
Buah-buahan,Buah Naga,2018,0,31,0,0,0,0,0,0,0,0,,30,0.12,0.32,0,0,0,0,,04/01/2023 - 08:59
,,,0,0,0,0,0,0,0,0,0,0,,0,0,0,0,0,0,,,04/01/2023 - 08:59
,,,0,0,0,0,0,0,0,0,0,0,,0,0,0,0,0,0,,,04/01/2023 - 08:59
,,,0,0,0,0,0,0,0,0,0,0,,0,0,0,0,0,0,,,04/01/2023 - 08:59
,,,0,0,0,0,0,0,0,0,0,0,,0,0,0,0,0,0,,,04/01/2023 - 08:59
,,,0,0,0,0,0,0,0,0,0,0,,0,0,0,0,0,0,,,04/01/2023 - 08:59
,,,0,0,0,0,0,0,0,0,0,0,,0,0,0,0,0,0,,,04/01/2023 - 08:59
,,,0,0,0,0,0,0,0,0,0,0,,0,0,0,0,0,0,,,04/01/2023 - 08:59
,,,0,0,0,0,0,0,0,0,0,0,,0,0,0,0,0,0,,,04/01/2023 - 08:59
,,,0,0,0,0,0,0,0,0,0,0,,0,0,0,0,0,0,,,04/01/2023 - 08:59
,,,0,0,0,0,0,0,0,0,0,0,,0,0,0,0,0,0,,,04/01/2023 - 08:59
,,,0,0,0,0,0,0,0,0,0,0,,0,0,0,0,0,0,,,04/01/2023 - 08:59
,,,0,0,0,0,0,0,0,0,0,0,,0,0,0,0,0,0,,,04/01/2023 - 08:59
,,,0,0,0,0,0,0,0,0,0,0,,0,0,0,0,0,0,,,04/01/2023 - 08:59
,,,0,0,0,0,0,0,0,0,0,0,,0,0,0,0,0,0,,,04/01/2023 - 08:59
,,,0,0,0,0,0,0,0,0,0,0,,0,0,0,0,0,0,,,04/01/2023 - 08:59
,,,0,0,0,0,0,0,0,0,0,0,,0,0,0,0,0,0,,,04/01/2023 - 08:59
,,,0,0,0,0,0,0,0,0,0,0,,0,0,0,0,0,0,,,04/01/2023 - 08:59
,,,0,0,0,0,0,0,0,0,0,0,,0,0,0,0,0,0,,,04/01/2023 - 08:59
,,,0,0,0,0,0,0,0,0,0,0,,0,0,0,0,0,0,,,04/01/2023 - 08:59
,,,0,0,0,0,0,0,0,0,0,0,,0,0,0,0,0,0,,,04/01/2023 - 08:59
,,,0,0,0,0,0,0,0,0,0,0,,0,0,0,0,0,0,,,04/01/2023 - 08:59
,,,0,0,0,0,0,0,0,0,0,0,,0,0,0,0,0,0,,,04/01/2023 - 08:59
,,,0,0,0,0,0,0,0,0,0,0,,0,0,0,0,0,0,,,04/01/2023 - 08:59
,,,0,0,0,0,0,0,0,0,0,0,,0,0,0,0,0,0,,,04/01/2023 - 08:59
,,,0,0,0,0,0,0,0,0,0,0,,0,0,0,0,0,0,,,04/01/2023 - 08:59
,,,0,0,0,0,0,0,0,0,0,0,,0,0,0,0,0,0,,,04/01/2023 - 08:59
,,,0,0,0,0,0,0,0,0,0,0,,0,0,0,0,0,0,,,04/01/2023 - 08:59
Padi - Padian,Gabah,2017,0,55252,3,0,0,243,497,51796,0,2719,,0,0,0,0,0,0,0,,04/01/2023 - 08:59
Padi - Padian,Beras,2017,51796,33160,304,4,-793,58,0,0,106,3,,34085,130.42,357.31,1290,31.34,5.72,0,,04/01/2023 - 08:59
Padi - Padian,Jagung,2017,28924,25164,709,37,606,2425,116,0,11012,1806,9593,276,1.06,4.03,13,0.26,0.21,0,,04/01/2023 - 08:59
Padi - Padian,Jagung basah,2017,0,342,4,1,0,0,0,0,0,0,,345,1.32,3.62,0,0.01,0,0,,04/01/2023 - 08:59
Padi - Padian,Gandum,2017,0,0,11442,0,0,0,0,11442,0,0,,0,0,0,0,0,0,0,,04/01/2023 - 08:59
Padi - Padian,Tepung Gandum,2017,11156,8033,86,92,0,0,0,0,0,23,,8004,30.62,83.9,279,7.55,0.84,0,,04/01/2023 - 08:59
Buah-buahan,Jeruk,2019,0,2.445,118,2,0,0,0,0,0,54,,2.507,9.39,25.73,6,0.1,0.03,0,,04/01/2023 - 08:59
Buah-buahan,Durian,2019,0,1170,0,0,0,0,0,0,0,25,,1145,4.29,11.75,3,0.06,0.08,0,,04/01/2023 - 08:59
Buah-buahan,Jambu,2019,0,239,0,0,0,0,0,0,0,5,,234,0.88,2.4,1,0.02,0.1,0,,04/01/2023 - 08:59
Buah-buahan,Mangga,2019,0,2809,0,1,0,0,0,0,0,60,,2.748,10.3,28.21,7,0.07,0.02,0,,04/01/2023 - 08:59
Buah Biji Berminyak,Kelapa Berkulit/daging,2019,0,11312.668,3.6304,131.8092,0,0,0,7078.6632,136.0473,408.233856,,3561.5448,13.3435,36.5576,69.5581,0.6588,6.723307,2,,04/01/2023 - 08:59
Buah-buahan,Nanas,2019,0,2.196,0,210,0,0,0,0,0,42,,1.945,7.29,19.96,2,0.03,0.02,0,,04/01/2023 - 08:59
Buah-buahan,Pepaya,2019,0,987,0,0,0,0,0,0,0,21,,966,3.62,9.91,3,0.03,0,0,,04/01/2023 - 08:59
Buah-buahan,Pisang,2019,7.281,0,0,23,0,0,0,0,2,154,,7.104,26.62,72.92,35,0.38,0.11,0,,04/01/2023 - 08:59
Buah-buahan,Rambutan,2019,0,765,0,0,0,0,0,0,0,16,,748,2.8,7.68,1,0.01,0.02,0,,04/01/2023 - 08:59
Buah Biji Berminyak,Kelapa daging/kopra,2019,7078.6632,1769.6658,0.1181,164.0324,0,0,0,1481.3292,120.2475,4.174954,,0,0,0,0,0,0,2,,04/01/2023 - 08:59
Buah-buahan,Salak,2019,0,956,0,2,0,0,0,0,0,20,,934,3.5,9.59,9,0.03,0.01,0,,04/01/2023 - 08:59
Buah-buahan,Sawo,2019,0,145,0,0,0,0,0,0,0,3,,142,0.53,1.46,1,0.01,0.02,0,,04/01/2023 - 08:59
Buah-buahan,Semangka,2019,0,523,0,0,0,0,0,0,0,11,,512,1.92,5.25,0,0.01,0,0,,04/01/2023 - 08:59
Buah-buahan,Belimbing,2019,0,106,0,0,0,0,0,0,0,2,,104,0.39,1.07,0,0,0,0,,04/01/2023 - 08:59
Minyak dan Lemak,Kopra/Minyak Goreng,2019,1511.1552,906.6931,34.9229,612.9377,0,0,0,0,0,5.127381,,323.5509,1.2122,3.3211,28.8936,0.0332,3.254677,0,,04/01/2023 - 08:59
Minyak dan Lemak,Minyak sawit/minyak goreng,2019,18052.11,12325.9807,0.0075,4423.2829,47.637,0,0,0,0,121.753559,5149.6076,2583.7072,9.68,26.5205,239.2153,0,12.332055,0,,04/01/2023 - 08:59
Buah-buahan,Manggis,2019,0,246,0,28,0,0,0,0,0,5,,214,0.8,2.2,0,0,0,0,,04/01/2023 - 08:59
Minyak dan Lemak,Minyak sawit,2019,0,47120.2471,93.2776,21606.0598,0,0,0,18052.11,6887,668.354833,,0,0,0,0,0,0,0,,04/01/2023 - 08:59
Minyak dan Lemak,Lemak Sapi,2019,0,32.8121,0,0,0,0,0,0,0,0,,32.8121,0.1229,0.3368,2.755,0.0051,0.303121,0,,04/01/2023 - 08:59
Minyak dan Lemak,Lemak Kerbau,2019,0,1.1626,0,0,0,0,0,0,0,0,,1.1626,0.0044,0.0119,0.0976,0.0002,0.01074,0,,04/01/2023 - 08:59
Minyak dan Lemak,Lemak Kambing,2019,0,5.7335,0,0,0,0,0,0,0,0,,5.7335,0.0215,0.0589,0.4814,0.0009,0.052966,0,,04/01/2023 - 08:59
Minyak dan Lemak,Lemak Domba,2019,0,5.3956,0,0,0,0,0,0,0,0,,5.3956,0.0202,0.0554,0.453,0.0008,0.049845,0,,04/01/2023 - 08:59
Minyak dan Lemak,Lemak Babi,2019,0,28.1642,0,0,0,0,0,0,0,0,,28.1642,0.1055,0.2891,2.6076,0,0.289093,0,,04/01/2023 - 08:59
Sayur-sayuran,Kacang Panjang,2019,0,353,0,0,0,0,2,0,0,11,,340,1.28,3.49,1,0.07,0.01,1,,04/01/2023 - 08:59
Sayur-sayuran,Kentang,2019,0,1315,136,5,0,0,17,0,126,33,,1269,4,13,6,0,0.02,1,,04/01/2023 - 08:59
Buah-buahan,Nangka/cempedak,2019,0,780,0,0,0,0,0,0,0,17,,763,2.86,7.83,1,0.01,0,0,,04/01/2023 - 08:59
Buah-buahan,Markisa,2019,0,45,0,0,0,0,0,0,0,1,,44,0.16,0.45,0,0.01,0,0,,04/01/2023 - 08:59
Buah-buahan,Sirsak,2019,0,71,0,0,0,0,0,0,0,1,,69,0.26,0.71,0,0,0,0,,04/01/2023 - 08:59
Buah-buahan,Sukun,2019,0,122,0,0,0,0,0,0,0,3,,120,0.45,1.23,1,0.02,0,0,,04/01/2023 - 08:59
Buah-buahan,Apel,2019,0,481,157,0,0,0,0,0,0,14,,624,2.34,6.41,3,0.02,0.02,0,,04/01/2023 - 08:59
Buah-buahan,Anggur,2019,0,14,120,0,0,0,0,0,0,3,,130,0.49,1.34,1,0.01,0,0,,04/01/2023 - 08:59
Buah-buahan,Strobery,2019,0,7,2,0,0,0,0,0,0,0,,9,0.03,0.09,0,0,0,0,,04/01/2023 - 08:59
Buah-buahan,Blewah,2019,0,34,0,0,0,0,0,0,0,1,,33,0.12,0.34,0,0,0,0,,04/01/2023 - 08:59
Buah-buahan,Jeruk Besar,2019,0,119,0,0,0,0,0,0,0,3,,117,0.44,1.2,0,0,0,0,,04/01/2023 - 08:59
Buah-buahan,Kurma,2019,0,0,36,0,0,0,0,0,0,1,,35,0.13,0.36,1,0,0,0,,04/01/2023 - 08:59
Buah-buahan,Pir,2019,0,0,168,0,0,0,0,0,0,4,,164,0.61,1.68,1,0.01,0,0,,04/01/2023 - 08:59
Buah-buahan,"Aprikot,Ceri Dan Persik",2019,0,0,6,0,0,0,0,0,0,0,,4,0.02,0.06,0,0.01,0,0,,04/01/2023 - 08:59
Buah-buahan,Rasberry Dan Blackberry,2019,0,0,1,5,0,0,0,0,0,0,,4,0.02,0.01,0.04,0,0,0,,04/01/2023 - 08:59
Buah-buahan,Kiwi,2019,0,0,5,0,0,0,0,0,0,0,,5,0.02,0.05,0,0,0,0,,04/01/2023 - 08:59
Buah-buahan,Lengkeng,2019,0,0,77,0,0,0,0,0,0,2,,75,0.28,0.77,1,0.01,0,0,,04/01/2023 - 08:59
Buah-buahan,Leci,2019,0,0,3,0,0,0,0,0,0,0,,3,0.01,0.03,0,0,0,0,,04/01/2023 - 08:59
,,,0,0,0,0,0,0,0,0,0,0,,0,0,0,0,0,0,,,04/01/2023 - 08:59
Sayur-sayuran,Tomat,2019,0,1020,13,0,0,0,7,0,0,29,,997,3.74,10.23,2,0.09,0.03,1,,04/01/2023 - 08:59
Sayur-sayuran,Wortel,2019,0,619,0,0,0,0,0,0,0,22,,597,2.24,6.13,2,0.04,0.03,2,,04/01/2023 - 08:59
Sayur-sayuran,Cabe,2019,0,1266,43,1,0,0,9,0,0,36,,1263,4.73,12.96,3,0.09,0.03,2,,04/01/2023 - 08:59
,,,0,0,0,0,0,0,0,0,0,0,,0,0,0,0,0,0,,,04/01/2023 - 08:59
Sayur-sayuran,Petsai/Sawi,2019,0,646,0,0,0,0,0,0,0,22,,623,2.33,6.4,0,0.04,0.01,2,,04/01/2023 - 08:59
Sayur-sayuran,Petsai/Sawi,2019,0,646,0,0,0,0,0,0,0,22,,623,2.33,6.4,0,0.04,0.01,2,,04/01/2023 - 08:59
Sayur-sayuran,Bawang Daun,2019,0,582,0,0,0,0,4,0,0,16,,562,2.1,5.76,1,0.07,0.03,2,,04/01/2023 - 08:59
Sayur-sayuran,Kangkung,2019,0,294,0,0,0,0,2,0,0,9,,284,1.06,2.91,0,0.04,0.01,2,,04/01/2023 - 08:59
Sayur-sayuran,Buncis,2019,0,299.3102,1.8734,0.0962,0,0,1.3248,0,0,7.256206,,292.5064,1.0959,3.0024,1,0.0584,0.007296,0,,04/01/2023 - 08:59
Sayur-sayuran,Bayam,2019,0,160.3059,0.058,0.0034,0,0,0.7056,0,0,3.864688,,155.7902,0.5837,1.5991,0.129,0.0073,0.003179,0,,04/01/2023 - 08:59
Sayur-sayuran,Bawang Putih,2019,88.8165,63.0597,472.9222,0.0528,0,0,1.2862,0,0,12.915892,,521.727,1.9547,5.3553,3.9398,0.1866,0.009425,0,,04/01/2023 - 08:59
Sayur-sayuran,Kembang Kol,2019,0,183.8151,1.4569,0.0293,0,0,0,0,0,4.464348,,180.7783,0.6773,1.8556,0.2644,0.0254,0.002115,0,,04/01/2023 - 08:59
Sayur-sayuran,Jamur,2019,0,33.1632,8.0075,2.2922,0,0,0,0,0,0.936972,,37.9415,0.1422,0.3895,0.2785,0.0386,0.003116,0,,04/01/2023 - 08:59
Sayur-sayuran,Melinjo,2019,0,33.1632,8.0075,2.2922,0,0,0,0,0,0.936972,,37.9415,0.1422,0.3895,0.2785,0.0386,0.003116,0,,04/01/2023 - 08:59
Sayur-sayuran,Petai,2019,0,310.0995,0,0,0,0,0,0,0,7.473398,,302.6261,1.1338,3.1063,0.5714,0.0418,0.007828,0,,04/01/2023 - 08:59
Sayur-sayuran,Jengkol,2019,0,96.9257,0,0,0,0,0,0,0,2.335909,,94.5898,0.3544,0.9709,1.1377,0.0512,0.000813,0,,04/01/2023 - 08:59
,,,0,0,0,0,0,0,0,0,0,0,,0,0,0,0,0,0,,,04/01/2023 - 08:59
,,,0,0,0,0,0,0,0,0,0,0,,0,0,0,0,0,0,,,04/01/2023 - 08:59
,,,0,0,0,0,0,0,0,0,0,0,,0,0,0,0,0,0,,,04/01/2023 - 08:59
,,,0,0,0,0,0,0,0,0,0,0,,0,0,0,0,0,0,,,04/01/2023 - 08:59
Buah Biji Berminyak,Kedelai,2018,0,982.598,2593.6383,2.299,0,12.1514,40.2417,0,0.0201,178.6969,,3342.8272,12.6545,0,0,0,0,1,,04/01/2023 - 08:59
Buah Biji Berminyak,Kedelai,2019,0,460.806,2721.7811,4.2077,0,10.8065,18.1156,0,6.2644,158.919,,2984.2741,11.1807,0,0,0,0,2,,04/01/2023 - 08:59
Buah Biji Berminyak,Kacang tanah berkulit,2017,0,848.7427,22.9476,2.485,0,0,0,825.745,73.2045,43.4603,,0,0,0,0,0,0,0,,04/01/2023 - 08:59
Buah Biji Berminyak,Kacang tanah berkulit,2018,0,789.8753,14.1754,2.2501,0,0,0,761.7106,0,40.090029,,0,0,0,0,0,0,0,,04/01/2023 - 08:59
Buah Biji Berminyak,Kacang tanah berkulit,2019,0,724.5562,14.5603,2.1006,0,0,0,700.165,0,36.850789,,0,0,0,0,0,0,1,,04/01/2023 - 08:59
Buah Biji Berminyak,Kacang tanah lepas kulit,2017,825.745,495.447,269.2259,3.3013,0,0,15.4957,68.9803,0.8025,29.2367,,646.8565,2.475,6.7808,37.159,1.9054,2.936103,0,,04/01/2023 - 08:59
Buah Biji Berminyak,Kacang tanah lepas kulit,2018,761.7106,457.0263,318.1765,0.3185,0,0,29.716,65.9427,69.6793,29.755561,,579.7909,2.1948,6.0132,32.9526,1.6897,2.603735,0,,04/01/2023 - 08:59
Buah Biji Berminyak,Kacang tanah lepas kulit,2019,700.165,420.099,320.8811,1.5921,0,0,27.962,62.9219,72.2965,28.3925,,547.8151,2.0524,5.6231,30.8144,1.5801,2.434788,1,,04/01/2023 - 08:59
Buah Biji Berminyak,Kacang Hijau,2017,0,241.334,78.786,0,0,6.4024,6.1822,0,0,16.006,,291.5294,1.1155,3.056,10.308,0.6195,0.055009,0,,04/01/2023 - 08:59
Buah Biji Berminyak,Kacang Hijau,2018,0,234.718,97.2257,32.9575,0,5.9797,6.1365,0,0,14.9493,,271.9207,1.0294,0,0,0,0,1,,04/01/2023 - 08:59
Buah Biji Berminyak,Kacang Hijau,2019,0,213.488,83.8066,37.6897,0,5.1921,5.6564,0,0,12.9802,,235.7762,0.8833,0,0,0,0,2,,04/01/2023 - 08:59
Buah Biji Berminyak,Kedelai,2017,0,538.728,2674.8435,1.6234,0,10.9206,21.0273,0,19.1647,160.5974,,3000.2381,11.4795,31.4508,119.8274,12.7061,5.252278,0,,04/01/2023 - 08:59
Telur,Telur Ayam Ras,2017,0,4632.8341,0,0,0,0,0.04,0,0,94.9731,,4537.861,17.3628,47.5693,58.6786,4.7265,4.114268,0,,04/01/2023 - 08:59
Telur,Telur Ayam Ras,2018,0,4688.1207,0,0,0,0,0.04,0,0,96.1065,,4591.9742,17.3832,0,0,0,0,1,,04/01/2023 - 08:59
Telur,Telur Ayam Ras,2019,0,4753.382,0,0,0,0,0.04,0,0,97.4443,,4655.8977,17.4436,0,0,0,0,2,,04/01/2023 - 08:59
Telur,Telur Ayam Buras,2017,0,221.0003,1.5586,0.3861,0,0,55.5432,0,0,8.5759,,158.0537,0.6047,1.6568,2.0548,0.1348,0.158062,0,,04/01/2023 - 08:59
Telur,Telur Ayam Buras,2018,0,212.342,1.9118,0.0481,0,0,53.5514,0,0,8.2683,,152.3859,0.5769,0,0,0,0,1,,04/01/2023 - 08:59
Telur,Telur Ayam Buras,2019,0,220.244,1.899,0.1868,0,0,55.4891,0,0,8.5675,,157.8997,0.5916,0,0,0,0,2,,04/01/2023 - 08:59
Telur,Telur Itik,2017,0,337.7832,0,0,0,0,45.6007,0,0,13.2411,,278.9414,1.0673,2.9241,4.7144,0.2917,0.383471,0,,04/01/2023 - 08:59
Telur,Telur Itik,2018,0,306.536,0.0039,0,0,0,41.3824,0,0,12.0162,,253.1374,0.9583,0,0,0,0,1,,04/01/2023 - 08:59
Telur,Telur Itik,2019,0,352.9391,0,0,0,0,47.6468,0,0,13.8352,,291.4571,1.092,0,0,0,0,2,,04/01/2023 - 08:59
Susu,Susu Sapi,2017,0,928.1081,0,0,0,92.8108,0,0,0,0.0186,,835.2787,3.1959,0,0,0,0,0,,04/01/2023 - 08:59
Susu,Susu Sapi,2018,0,951,0,0,0,95,0,0,0,0,,856,3,8,5,0,0,0,,04/01/2023 - 08:59
Susu,Susu Sapi,2019,0,945,0,0,0,94,0,0,0,1,,849,3.18,8.72,5,0.28,0.31,0,,04/01/2023 - 08:59
Susu,Susu Impor,2017,0,0,1481.1547,99.8123,0,0,0,0,0.9066,0,,1380.4358,5.2818,0,0,0,0,0,,04/01/2023 - 08:59
Susu,Susu Impor,2018,0,0,1.128,88,0,0,0,0,1,0,,1.04,3,10,7,0,0,0,,04/01/2023 - 08:59
Susu,Susu Impor,2019,0,0,1634,111,0,0,0,0,0,0,,1523,5.7,15.63,10,0.5,0.55,0,,04/01/2023 - 08:59
,,,0,0,0,0,0,0,0,0,0,0,,0,0,0,0,0,0,,,04/01/2023 - 08:59
,,,0,0,0,0,0,0,0,0,0,0,,0,0,0,0,0,0,,,04/01/2023 - 08:59
,,,0,0,0,0,0,0,0,0,0,0,,0,0,0,0,0,0,,,04/01/2023 - 08:59
,,,0,0,0,0,0,0,0,0,0,0,,0,0,0,0,0,0,,,04/01/2023 - 08:59
,,,0,0,0,0,0,0,0,0,0,0,,0,0,0,0,0,0,,,04/01/2023 - 08:59
,,,0,0,0,0,0,0,0,0,0,0,,0,0,0,0,0,0,,,04/01/2023 - 08:59
,,,0,0,0,0,0,0,0,0,0,0,,0,0,0,0,0,0,,,04/01/2023 - 08:59
,,,0,0,0,0,0,0,0,0,0,0,,0,0,0,0,0,0,,,04/01/2023 - 08:59
,,,0,0,0,0,0,0,0,0,0,0,,0,0,0,0,0,0,,,04/01/2023 - 08:59
,,,0,0,0,0,0,0,0,0,0,0,,0,0,0,0,0,0,,,04/01/2023 - 08:59
Buah Biji Berminyak,Kacang Tanah/Minyak,2019,68,35,0,0,0,0,0,0,0,0,,35,0.13,0.36,3,0,0.36,2,,04/01/2023 - 08:59
Gula,Gula Pasir,2019,0,2227,4080,3,-965,0,0,0,2,299,,6957,26.07,71.42,260,0,0,0,,04/01/2023 - 08:59
Gula,Gula Mangkok,2019,0,703,0,0,0,0,0,0,0,0,,704,2.64,7.23,27,0.23,0.72,0,,04/01/2023 - 08:59
,,,0,0,0,0,0,0,0,0,0,0,,0,0,0,0,0,0,,,04/01/2023 - 08:59
,,,0,0,0,0,0,0,0,0,0,0,,0,0,0,0,0,0,,,04/01/2023 - 08:59
,,,0,0,0,0,0,0,0,0,0,0,,0,0,0,0,0,0,,,04/01/2023 - 08:59
,,,0,0,0,0,0,0,0,0,0,0,,0,0,0,0,0,0,,,04/01/2023 - 08:59
,,,0,0,0,0,0,0,0,0,0,0,,0,0,0,0,0,0,,,04/01/2023 - 08:59
,,,0,0,0,0,0,0,0,0,0,0,,0,0,0,0,0,0,,,04/01/2023 - 08:59
,,,0,0,0,0,0,0,0,0,0,0,,0,0,0,0,0,0,,,04/01/2023 - 08:59
,,,0,0,0,0,0,0,0,0,0,0,,0,0,0,0,0,0,,,04/01/2023 - 08:59
,,,0,0,0,0,0,0,0,0,0,0,,0,0,0,0,0,0,,,04/01/2023 - 08:59
,,,0,0,0,0,0,0,0,0,0,0,,0,0,0,0,0,0,,,04/01/2023 - 08:59
,,,0,0,0,0,0,0,0,0,0,0,,0,0,0,0,0,0,,,04/01/2023 - 08:59
,,,0,0,0,0,0,0,0,0,0,0,,0,0,0,0,0,0,,,04/01/2023 - 08:59
,,,0,0,0,0,0,0,0,0,0,0,,0,0,0,0,0,0,,,04/01/2023 - 08:59
,,,0,0,0,0,0,0,0,0,0,0,,0,0,0,0,0,0,,,04/01/2023 - 08:59
,,,0,0,0,0,0,0,0,0,0,0,,0,0,0,0,0,0,,,04/01/2023 - 08:59
,,,0,0,0,0,0,0,0,0,0,0,,0,0,0,0,0,0,,,04/01/2023 - 08:59
,,,0,0,0,0,0,0,0,0,0,0,,0,0,0,0,0,0,,,04/01/2023 - 08:59
,,,0,0,0,0,0,0,0,0,0,0,,0,0,0,0,0,0,,,04/01/2023 - 08:59
,,,0,0,0,0,0,0,0,0,0,0,,0,0,0,0,0,0,,,04/01/2023 - 08:59
,,,0,0,0,0,0,0,0,0,0,0,,0,0,0,0,0,0,,,04/01/2023 - 08:59
,,,0,0,0,0,0,0,0,0,0,0,,0,0,0,0,0,0,,,04/01/2023 - 08:59
,,,0,0,0,0,0,0,0,0,0,0,,0,0,0,0,0,0,,,04/01/2023 - 08:59
,,,0,0,0,0,0,0,0,0,0,0,,0,0,0,0,0,0,,,04/01/2023 - 08:59
,,,0,0,0,0,0,0,0,0,0,0,,0,0,0,0,0,0,,,04/01/2023 - 08:59
,,,0,0,0,0,0,0,0,0,0,0,,0,0,0,0,0,0,,,04/01/2023 - 08:59
,,,0,0,0,0,0,0,0,0,0,0,,0,0,0,0,0,0,,,04/01/2023 - 08:59
,,,0,0,0,0,0,0,0,0,0,0,,0,0,0,0,0,0,,,04/01/2023 - 08:59
,,,0,0,0,0,0,0,0,0,0,0,,0,0,0,0,0,0,,,04/01/2023 - 08:59
,,,0,0,0,0,0,0,0,0,0,0,,0,0,0,0,0,0,,,04/01/2023 - 08:59
,,,0,0,0,0,0,0,0,0,0,0,,0,0,0,0,0,0,,,04/01/2023 - 08:59
Buah-buahan,Alpokat,2018,0,410,0,0,0,0,0,0,0,5,,405,1.53,4.21,2,0.02,0.17,0,,04/01/2023 - 08:59
Buah-buahan,Alpokat,2019,0,462,0,0,0,0,0,0,0,10,,452,1.69,4.64,2,0.02,0.03,0,,04/01/2023 - 08:59
Daging,Daging Kerbau,2017,29,21,0,0,0,0,0,0,0,1,,20,0.08,0.21,0,0.04,0,0,,04/01/2023 - 08:59
Daging,Daging Sapi,2017,486.3196,364.3992,118.6468,0.0286,0,0,0,0,0,24.15087,,458.8666,1.7557,4.8102,9.9571,0.9043,0.673426,0,,04/01/2023 - 08:59
Daging,Daging Kambing,2017,70.3535,47.7208,2.5389,0,0,0,0,0,0,2.512982,,47.7467,0.1827,0.5005,0.7708,0.0831,0.046048,0,,04/01/2023 - 08:59
Daging,Daging Kuda,2017,2.7419,1.9818,0.0857,0,0,0,0,0,0,0.103376,,1.9641,0.0075,0.0206,0.0233,0.0037,0.000844,0,,04/01/2023 - 08:59
Daging,Daging Babi,2017,317.4019,214.1511,0.2974,0.0006,0,0,0,0,0,10.72239,,203.7255,0.7795,2.1356,8.8948,0.2776,0.854242,0,,04/01/2023 - 08:59
Daging,Daging Ayam Buras,2017,0,300.1289,0,0.0034,0,0,0,0,0,15.006277,,285.1193,1.0909,2.9888,5.2352,0.3155,0.433381,0,,04/01/2023 - 08:59
Daging,Daging Ayam Ras,2017,0,3290.7527,0,0,0,0,0,0,0,164.537636,,3126.2151,11.9615,32.7714,57.4023,3.4593,4.751846,0,,04/01/2023 - 08:59
Daging,Daging Itik,2017,0,42.3189,0.6173,0,0,0,0,0,0,2.146808,,40.7894,0.1561,0.4276,0.8004,0.0351,0.071321,0,,04/01/2023 - 08:59
Daging,Jeroan semua jenis,2017,0,395.4776,44.4238,0,0,0,0,0,0,0,,440.4238,1.6832,4.6114,5.8565,0.724,0.295128,0,,04/01/2023 - 08:59
Buah-buahan,Kesemek,2017,0,0,0,0,0,0,0,0,0,0,,0,0,0,0,0,0,0,,04/01/2023 - 08:59
,,,0,0,0,0,0,0,0,0,0,0,,0,0,0,0,0,0,,,04/01/2023 - 08:59
Minyak dan Lemak,Kopra/Minyak Goreng,2020,995.9146,597.5488,41.3923,0.5802,0,0,0,0,29.2976,9.95843,0,599.1049,2.2172,6.0746,52.8491,0.0607,5.953117,0,,04/01/2023 - 08:59
Minyak dan Lemak,Minyak sawit,2020,0,45741.845,0.6839,20321.5971,0,0,0,12212.3211,34036.4989,663.486321,0,0,0,0,0,0,0,0,,04/01/2023 - 08:59
Minyak dan Lemak,Minyak sawit/minyak goreng,2020,12212.3211,8338.5728,0.0131,5613.6603,-62.469,0,0,0,0,43.204616,39.4488,2704.7412,10.01,27.4247,247.3704,0,12.752466,0,,04/01/2023 - 08:59
Minyak dan Lemak,Lemak Sapi,2020,0,29.4722,0,0,0,0,0,0,0,0,0,29.4722,0.1091,0.2988,2.4445,0.0045,0.268949,0,,04/01/2023 - 08:59
Minyak dan Lemak,Lemak Kerbau,2020,0,0.8689,0,0,0,0,0,0,0,0,0,0.8689,0.0032,0.0088,0.0721,0.0001,0.007929,0,,04/01/2023 - 08:59
Minyak dan Lemak,Lemak Kambing,2020,0,4.8567,0,0,0,0,0,0,0,0,0,4.8567,0.018,0.0492,0.4028,0.0007,0.04432,0,,04/01/2023 - 08:59
Minyak dan Lemak,Lemak Domba,2020,0,4.1725,0,0,0,0,0,0,0,0,0,4.1725,0.0154,0.0423,0.3461,0.0006,0.038076,0,,04/01/2023 - 08:59
Minyak dan Lemak,Lemak Babi,2020,0,33.4878,0,0,0,0,0,0,0,0,0,33.4878,0.1239,0.3395,3.0627,0,0.339548,0,,04/01/2023 - 08:59
,,,0,0,0,0,0,0,0,0,0,0,,0,0,0,0,0,0,,,04/01/2023 - 08:59
Padi - Padian,Gabah,2018,0,59201,0,0,0,260,587,55441,0,2913,,0,0,0,0,0,0,0,,04/01/2023 - 08:59
Padi - Padian,Beras,2018,55441,33943,2254,4,1256,59,0,0,194,3,,34681,131.29,359.69,1298,31.54,5.76,0,,04/01/2023 - 08:59
Padi - Padian,Jagung,2018,21655,18840,1146,330,630,2520,85,0,10466,1362,4299,293,1.11,3.04,10,0.2,0.16,0,,04/01/2023 - 08:59
Padi - Padian,Jagung basah,2018,0,610,4,1,0,0,0,0,175,0,,439,1.66,4.55,0,0.01,0,0,,04/01/2023 - 08:59
Padi - Padian,Gandum,2018,0,0,10106,1,0,0,0,8733,1372,0,,0,0,0,0,0,0,0,,04/01/2023 - 08:59
Padi - Padian,Tepung Gandum,2018,8515,6131,148,52,0,0,0,0,284,19,,5924,22.43,61.44,205,5.53,0.61,0,,04/01/2023 - 08:59
Padi - Padian,Gabah,2019,0,54604,0.033,0.018,0,240,277,51139,0,2949,,0,0,0,0,0,0,0,,04/01/2023 - 08:59
Padi - Padian,Beras,2019,51139,31313,450,0.662,-175,54.29,0,0,1.269,798.429,,31083,116.45,319.05,1152,27.98,5.1,0,,04/01/2023 - 08:59
Padi - Padian,Jagung,2019,19650,19650,1440,35,473,1894,85,0,10571,1056,6680,297,1.11,3.04,10,0.2,0.16,0,,04/01/2023 - 08:59
Padi - Padian,Jagung basah,2019,0,594,4.41,0.87,0,0,0,0,0,0,,598,2.24,6.14,1,0.02,0.01,0,,04/01/2023 - 08:59
Padi - Padian,Gandum,2019,0,0,10700.776,0.0023,0,0,0,10700.778,0,0,,0,0,0,0,0,0,0,,04/01/2023 - 08:59
Padi - Padian,Tepung Gandum,2019,10433.2567,7511.9448,134.7616,53.192,0,0,0,0,0.059,34.1708,,7559.28,28.32,77.59,258,6.98,0.78,0,,04/01/2023 - 08:59
Padi - Padian,Gabah,2020,0,54649,0.025,0.041,0,240,276,51182,0,2951,,0,0,0,0,0,0,1,,04/01/2023 - 08:59
Padi - Padian,Beras,2020,51182,31334,357,1,-1036,56,0,0,0,818,0,31853,118.15,323.69,1169,28.39,5.18,1,,04/01/2023 - 08:59
Padi - Padian,Jagung,2020,16926,16926,1239,114,928,3710,0,0,10463,878,1812,261,0.97,2.65,9,0.17,0.14,1,,04/01/2023 - 08:59
Padi - Padian,Jagung basah,2020,0,848,3.667,0.692,0,0,0,0,0,0,,851,2.87,7.86,1,0.03,0.01,1,,04/01/2023 - 08:59
Padi - Padian,Gandum,2020,0,0,10310,0.0009,0,0,0,10310,0,0,,0,0,0,0,0,0,1,,04/01/2023 - 08:59
Padi - Padian,Tepung Gandum,2020,1052,7238,79,58,0,0,0,0,0,33,,7226,26.8,73.43,245,6.61,0.73,1,,04/01/2023 - 08:59
Buah-buahan,Jambu Air,2019,0,123,0,0,0,0,0,0,0,3,,120,0.45,1.24,1,0.01,0,0,,04/01/2023 - 08:59
Buah-buahan,Buah Ara(Buah Tin),2019,0,0,0,0,0,0,0,0,0,0,,0,0,0,0,0,0,0,,04/01/2023 - 08:59
Buah-buahan,Lemon,2019,0,0,20,0,0,0,0,0,0,0,,19,0.07,0.2,0,0,0,0,,04/01/2023 - 08:59
Buah-buahan,Kesemek,2019,0,0,0,0,0,0,0,0,0,0,,0,0,0,0,0,0,0,,04/01/2023 - 08:59
Buah-buahan,Buah Naga,2019,0,0,0,0,0,0,0,0,0,0,,0,0,0,0,0,0,0,,04/01/2023 - 08:59
Buah-buahan,Lainnya,2019,0,0,0,0,0,0,0,0,0,0,,0,0,0,0,0,0,0,,04/01/2023 - 08:59
Buah-buahan,Duku,2019,0,269,0,0,0,0,0,0,0,3,,266,1,2.73,1,0.02,0,0,,04/01/2023 - 08:59
Buah-buahan,Melon,2019,0,122,0,0,0,0,0,0,0,3,,119,0.45,1.23,0,0,0,0,,04/01/2023 - 08:59
Daging,Daging Sapi,2019,504.802,378.2481,201.5543,0.0237,0,0,0,0,0,28.988939,,550.7898,2.0636,5.6536,11.703,1.0629,0.791504,1,,04/01/2023 - 08:59
Daging,Daging Kerbau,2019,24.789,17.4267,0,0,0,0,0,0,0,0.871333,,16.5553,0.062,0.1699,0.1427,0.0318,0.00085,1,,04/01/2023 - 08:59
Daging,Daging Kambing,2019,72.852,49.4155,0,0,0,0,0,0,0,2.470776,,46.9447,0.1759,0.4819,0.7421,0.08,0.044332,1,,04/01/2023 - 08:59
Daging,Daging Domba,2019,70.073,50.6768,2.4147,0,0,0,0,0,0,2.654572,,50.4369,0.189,0.5177,1.346,0.0849,0.110272,1,,04/01/2023 - 08:59
Daging,Daging Kuda,2019,1.848,1.3357,0,0,0,0,0,0,0,0.066787,,1.2689,0.0048,0.013,0.0147,0.0024,0.000534,1,,04/01/2023 - 08:59
Daging,Daging Babi,2019,236.277,159.4161,0.8545,0.0025,0,0,0,0,0,8.013404,,152.2547,0.5704,1.5628,6.5092,0.2032,0.625129,1,,04/01/2023 - 08:59
Daging,Daging Ayam Buras,2019,0,292.329,0,0.2847,0,0,0,0,0,14.602215,,277.4421,1.0395,2.8478,4.9882,0.3006,0.412933,1,,04/01/2023 - 08:59
Daging,Daging Ayam Ras,2019,0,3636.596,0,0,0,0,0,0,0,181.8298,,3454.7662,12.9435,35.4616,62.1145,3.7433,5.141926,1,,04/01/2023 - 08:59
Daging,Daging Itik,2019,0,46.564,0,0,0,0,0,0,0,2.3282,,44.2358,0.1657,0.4541,0.85,0.0373,0.075737,1,,04/01/2023 - 08:59
Daging,Jeroan semua jenis,2019,0,534.2555,64.9103,8,0,0,0,0,0,0,,591.1658,2.2148,6.068,7.7064,0.9527,0.388355,1,,04/01/2023 - 08:59
Daging,Daging Sapi,2020,515.628,386.3601,142.695,0.0263,0,0,0,0,0,26.45144,,502.5774,1.8641,5.1072,10.572,0.9602,0.715012,2,,04/01/2023 - 08:59
Daging,Daging Kerbau,2020,24.875,17.4871,0,0,0,0,0,0,0,0.874356,,16.6128,0.0616,0.1688,0.1418,0.0316,0.000844,2,,04/01/2023 - 08:59
Daging,Daging Kambing,2020,69.804,47.3481,0,0,0,0,0,0,0,2.367403,,44.9807,0.1668,0.4571,0.7039,0.0759,0.042053,2,,04/01/2023 - 08:59
Daging,Daging Domba,2020,66.943,48.4132,1.26,0,0,0,0,0,0,2.48366,,47.1895,0.175,0.4795,1.2468,0.0786,0.102143,2,,04/01/2023 - 08:59
Daging,Daging Kuda,2020,1.927,1.3928,0,0,0,0,0,0,0,0.069642,,1.3232,0.0049,0.0134,0.0152,0.0024,0.000551,2,,04/01/2023 - 08:59
Daging,Daging Babi,2020,241.354,162.8415,0.7117,0.0006,0,0,0,0,0,8.177634,,155.3751,0.5763,1.5789,6.5763,0.2053,0.631573,2,,04/01/2023 - 08:59
Daging,Daging Ayam Buras,2020,0,293.14,0.0309,0,0,0,0,0,0,14.658546,,278.5124,1.033,2.8303,4.9575,0.2988,0.410388,2,,04/01/2023 - 08:59
Daging,Daging Itik,2020,0,44.362,0.0001,0,0,0,0,0,0,2.218107,,42.144,0.1563,0.4283,0.8017,0.0352,0.071436,2,,04/01/2023 - 08:59
Daging,Jeroan semua jenis,2020,0,513.4003,58.2117,0,0,0,0,0,0,0,,571.612,2.1202,5.8088,7.3771,0.912,0.371761,2,,04/01/2023 - 08:59
Daging,Daging Ayam Ras,2020,0,3414.736,0,0.1988,0,0,0,0,0,170.72686,,3243.8103,12.0318,32.9639,57.7395,3.4797,4.779758,2,,04/01/2023 - 08:59
Buah-buahan,Alpokat,2020,0,609,0.0879,0.3093,0,0,0,0,0,6.757987,,602.0697,2.2282,6.1047,3.1653,0.0335,0.24205,0,,04/01/2023 - 08:59
Buah-buahan,Jeruk,2020,0,2593.3843,69.4933,1.3292,0,0,0,0,0,29.543187,,2632.0052,9.7408,26.6872,5.8985,0.1004,0.030317,0,,04/01/2023 - 08:59
Buah-buahan,Duku,2020,0,289.5977,0.1325,0.1499,0,0,0,0,0,3.214341,,286.3659,1.0598,2.9036,1.1707,0.0186,0.003717,0,,04/01/2023 - 08:59
Buah-buahan,Durian,2020,0,1133.1949,0.0474,0.1023,0,0,0,0,0,12.577854,,1120.5621,4.1471,11.3619,3.3495,0.0625,0.074989,0,,04/01/2023 - 08:59
Buah-buahan,Jambu,2020,0,396.2683,0,0.0306,0,0,0,0,0,4.398238,,391.8394,1.4502,3.973,1.5964,0.0293,0.009774,0,,04/01/2023 - 08:59
Buah-buahan,Jambu Air,2020,0,182.9075,0,0,0,0,0,0,0,2.030273,,180.8772,0.6694,1.834,0.7593,0.0099,0.003301,0,,04/01/2023 - 08:59
Buah-buahan,Mangga,2020,0,2898.5881,0.0001,0.772,0,0,0,0,0,32.16576,,2865.6504,10.6055,29.0562,6.8992,0.068,0.024552,0,,04/01/2023 - 08:59
Buah-buahan,Nanas,2020,0,2447.2435,0.0592,192.1261,0,0,0,0,0,25.03246,,2230.1441,8.2536,22.6125,2.4449,0.0372,0.017977,0,,04/01/2023 - 08:59
Buah-buahan,Pepaya,2020,0,1016.3877,0,0.066,0,0,0,0,0,11.281171,,1005.0406,3.7196,10.1906,2.6368,0.029,0,0,,04/01/2023 - 08:59
Buah-buahan,Rambutan,2020,0,681.1781,0,0.2426,0,0,0,0,0,7.558384,,673.3771,2.4921,6.8277,0.7538,0.0098,0.017479,0,,04/01/2023 - 08:59
Buah-buahan,Salak,2020,0,1225.0884,0.006,1.1,0,0,0,0,0,13.586338,,1210.408,4.4796,12.2729,11.1058,0.0386,0.013157,0,,04/01/2023 - 08:59
Buah-buahan,Sawo,2020,0,186.7058,0,0.0039,0,0,0,0,0,2.072391,,184.6295,0.6833,1.872,0.9842,0.0102,0.028839,0,,04/01/2023 - 08:59
Buah-buahan,Melon,2020,0,138.177,0,0.0803,0,0,0,0,0,1.532874,,136.5639,0.5054,1.3847,0.2972,0.0048,0.003212,0,,04/01/2023 - 08:59
Buah-buahan,Semangka,2020,0,560.317,0,0.3085,0,0,0,0,0,6.216094,,553.7923,2.0495,5.6152,0.3327,0.0059,0.002325,0,,04/01/2023 - 08:59
Buah-buahan,Belimbing,2020,0,114.5244,0,0.0003,0,0,0,0,0,1.271217,,113.2528,0.4191,1.1483,0.3057,0.0034,0.003358,0,,04/01/2023 - 08:59
Buah-buahan,Manggis,2020,0,322.4145,0,48.1682,0,0,0,0,0,3.044134,,271.2021,1.0037,2.7498,0.5024,0.0048,0.004785,0,,04/01/2023 - 08:59
Buah-buahan,Nangka/cempedak,2020,0,824.0681,0,0.1109,0,0,0,0,0,9.145925,,814.8113,3.0155,8.2618,0.6866,0.0079,0.001851,0,,04/01/2023 - 08:59
Buah-buahan,Markisa,2020,0,53.3189,0,0,0,0,0,0,0,0.59184,,52.7271,0.1951,0.5346,0.3695,0.009,0.003079,0,,04/01/2023 - 08:59
Buah-buahan,Sirsak,2020,0,127.8454,0,0,0,0,0,0,0,1.419084,,126.4263,0.4679,1.2819,0.5666,0.0087,0.002615,0,,04/01/2023 - 08:59
Buah-buahan,Sukun,2020,0,190.5509,0,0,0,0,0,0,0,2.115115,,188.4357,0.6974,1.9106,2.0681,0.0252,0.003363,0,,04/01/2023 - 08:59
Buah-buahan,Apel,2020,0,516.5308,148.7055,0.0114,0,0,0,0,0,7.383996,,657.8409,2.4346,6.6702,2.8439,0.0252,0.019957,0,,04/01/2023 - 08:59
Buah-buahan,Anggur,2020,0,11.9052,85.1361,0,0,0,0,0,0,1.077158,,95.9641,0.3552,0.973,0.3892,0.0049,0.001946,0,,04/01/2023 - 08:59
Buah-buahan,Strobery,2020,0,560.317,1.3757,0.7474,0,0,0,0,0,6.226493,,554.7188,2.053,5.6246,2.08,0.0354,0.063782,0,,04/01/2023 - 08:59
Buah-buahan,Blewah,2020,0,33.056,0,0,0,0,0,0,0,0.366922,,32.6891,0.121,0.3315,0.2552,0.0015,0.000497,0,,04/01/2023 - 08:59
Buah-buahan,Lemon,2020,0,0,11.614,0.1313,0,0,0,0,0,0.127458,,11.3552,0.042,0.1151,0.0391,0.0006,0.000921,0,,04/01/2023 - 08:59
Buah-buahan,Jeruk Besar,2020,0,129.568,0.0883,0.0001,0,0,0,0,0,1.439184,,128.217,0.4745,1.3001,0.3869,0.0048,0.001612,0,,04/01/2023 - 08:59
Buah-buahan,Kurma,2020,0,0,52.4669,0.0868,0,0,0,0,0,0.581419,,51.7986,0.1917,0.5252,1.5546,0.0131,0,0,,04/01/2023 - 08:59
Buah-buahan,Buah Ara(Buah Tin),2020,0,0,0.0125,0,0,0,0,0,0,0.000139,,0.0124,0,0.0001,0.0001,7.5328,1.255472,0,,04/01/2023 - 08:59
Buah-buahan,Pir,2020,0,0,216.8817,0,0,0,0,0,0,2.407387,,214.4743,0.7937,2.1747,1.4353,0.0087,0,0,,04/01/2023 - 08:59
Buah-buahan,"Aprikot,Ceri Dan Persik",2020,0,0,4.0767,0.0592,0,0,0,0,0,0.044595,,3.973,0.0147,0.0403,0.0137,0.006,0.000121,0,,04/01/2023 - 08:59
Buah-buahan,Rasberry Dan Blackberry,2020,0,0,0.5764,3.4471,0,0,0,0,0,-0.031865,,-2.8388,-0.0105,-0.0288,-0.0066,-0.0005,-0.000029,0,,04/01/2023 - 08:59
Buah-buahan,Kiwi,2020,0,0,4,0,0,0,0,0,0,0,,5,0.02,0.04,0,0,0,1,,04/01/2023 - 08:59
Buah-buahan,Kesemek,2020,0,0,0.1736,0,0,0,0,0,0,0.001927,,0.1717,0.0006,0.0017,0.0014,0,6.963821,0,,04/01/2023 - 08:59
Buah-buahan,Lengkeng,2020,0,0,35.9948,0.6992,0,0,0,0,0,0.391782,,35,0.1292,0.3539,0.2477,0.0028,0.001062,0,,04/01/2023 - 08:59
Buah-buahan,Leci,2020,0,0,3.8477,0.0008,0,0,0,0,0,0.042701,,3.8043,0.0141,0.0386,0.0297,0.0003,0.000231,0,,04/01/2023 - 08:59
Buah-buahan,Buah Naga,2020,0,0,0,0.2087,0,0,0,0,0,-0.002316,,-0.2064,-0.0008,0.0021,-0.0011,0,7.951384,0,,04/01/2023 - 08:59
Buah-buahan,Lainnya,2020,0,0,0,0,0,0,0,0,0,0,,0,0,0,0,0,0,0,,04/01/2023 - 08:59
,,,0,0,0,0,0,0,0,0,0,0,,0,0,0,0,0,0,,,04/01/2023 - 08:59
,,,0,0,0,0,0,0,0,0,0,0,,0,0,0,0,0,0,,,04/01/2023 - 08:59
,,,0,0,0,0,0,0,0,0,0,0,,0,0,0,0,0,0,,,04/01/2023 - 08:59
,,,0,0,0,0,0,0,0,0,0,0,,0,0,0,0,0,0,,,04/01/2023 - 08:59
Buah Biji Berminyak,Kacang tanah berkulit,2020,0,715.1443,7.6312,1.9088,0,0,0,684.8233,0,36.043333,,0,0,0,0,0,0,2,,04/01/2023 - 08:59
Buah Biji Berminyak,Kacang tanah lepas kulit,2020,684.8233,410.894,296.1495,1.8249,0,0,24.341,63.8928,72.7792,27.080394,,517.1252,1.9181,5.2551,28.7978,1.4767,2.275444,2,,04/01/2023 - 08:59
Buah Biji Berminyak,Kedelai,2018,0,650,2593.6383,2.299,0,11.0206,29.1915,0,1.363,162.066965,,3037.6973,11.4994,31.5052,120.0347,12.7281,5.261365,0,,04/01/2023 - 08:59
Buah Biji Berminyak,Kedelai,2019,0,424.189,2677.3375,3.8915,0,10.532,16.8724,0,1.4142,154.881747,,2913.9346,10.9172,29.9102,113.9578,12.0837,4.995,1,,04/01/2023 - 08:59
Buah Biji Berminyak,Kedelai,2020,0,273.262,2547.4895,2.2503,0,9.5829,11.2466,0,1.4236,140.925058,,2655.3229,9.849,26.9836,102.8075,10.9014,4.506261,2,,04/01/2023 - 08:59
Buah Biji Berminyak,Kacang Hijau,2018,0,207.167,97.2257,32.9575,0,5.4287,5.039,0,1.2737,13.571759,,246.122,0.9317,2.5526,8.61,0.5174,0.045947,0,,04/01/2023 - 08:59
Buah Biji Berminyak,Kacang Hijau,2019,0,195.839,80.4807,35.847,0,4.8095,4.763,0,1.3215,12.023634,,217.5551,0.8151,2.2331,7.5322,0.4526,0.040196,1,,04/01/2023 - 08:59
Buah Biji Berminyak,Kacang Hijau,2020,0,218.413,118.0618,52.4085,0,5.6813,4.598,0,1.3304,14.203314,,258.2533,0.9579,2.6244,8.8521,0.532,0.047239,2,,04/01/2023 - 08:59
Buah Biji Berminyak,Kelapa Berkulit/daging,2018,0,11360.592,0.7117,460.1564,0,0,0,6899.3361,88.1904,397.891876,,3515.7289,13.309,36.463,69.3782,0.6571,6.705917,0,,04/01/2023 - 08:59
Buah Biji Berminyak,Kelapa Berkulit/daging,2019,0,11312.664,4.1856,133.9566,0,0,0,7077.653,136.0473,408.175594,,3561.0171,13.3415,36.5522,69.5478,0.6587,6.722311,1,,04/01/2023 - 08:59
Buah Biji Berminyak,Kelapa Berkulit/daging,2020,0,11195.92,11.5763,521.7704,0,0,0,6762.996,188.2895,390.028997,,3344.4115,12.405,33.9862,64.6655,0.6124,6.250396,2,,04/01/2023 - 08:59
Buah Biji Berminyak,Kelapa daging/kopra,2018,6899.3361,1724.834,0.1701,41.3983,0,0,0,1585.7029,93.5255,4.377375,,0,0,0,0,0,0,0,,04/01/2023 - 08:59
Buah Biji Berminyak,Kelapa daging/kopra,2019,7077.653,1769.4132,0.1083,153.655,0,0,0,1491.4178,120.2475,4.201253,,0,0,0,0,0,0,1,,04/01/2023 - 08:59
Buah Biji Berminyak,Kelapa daging/kopra,2020,6762.996,1690.749,0.5596,107.8859,0,0,0,998.1897,138.8858,4.116899,,0,0,0,0,0,0,2,,04/01/2023 - 08:59
Buah Biji Berminyak,Kacang Tanah/Minyak,2018,65.9427,34.2902,28.794,0.0001,0,0,0,0,0,0,,63.0841,0.2388,0.6543,5.9015,0,0.654271,0,,04/01/2023 - 08:59
Buah Biji Berminyak,Kacang Tanah/Minyak,2019,62.9219,32.7194,0,0,0,0,0,0,0,0,,32.7194,0.1226,0.3358,3.0294,0,0.335849,1,,04/01/2023 - 08:59
Buah Biji Berminyak,Kacang Tanah/Minyak,2020,63.8928,33.2243,0,0,0,0,0,0,0,0,,33.2243,0.1232,0.3376,3.0454,0,0.337627,2,,04/01/2023 - 08:59
Telur,Telur Ayam Ras,2020,0,5044.395,0,0,0,0,0,0,0,103.410098,,4940.9849,18.3269,50.2107,61.9369,4.9889,4.342721,2,,04/01/2023 - 08:59
Telur,Telur Itik,2020,0,332.907,0,0,0,0,44.9424,0,0,13.049954,,274.9146,1.0197,2.7937,4.5042,0.2787,0.366374,2,,04/01/2023 - 08:59
Telur,Telur Ayam Buras,2019,0,246.692,1.9306,0.1758,0,0,62.1117,0,0,9.590047,,176.7451,0.6622,1.8142,2.25,0.1476,0.173075,1,,04/01/2023 - 08:59
Telur,Telur Ayam Ras,2019,0,4753.382,0,0,0,0,0.04,0,0,97.444331,,4655.8977,17.4436,47.7906,58.9516,4.7485,4.13341,1,,04/01/2023 - 08:59
Telur,Telur Itik,2019,0,328.686,0,0,0,0,44.3726,0,0,12.884491,,271.4289,1.0169,2.7861,4.492,0.278,0.365376,1,,04/01/2023 - 08:59
Telur,Telur Ayam Buras,2018,0,212.342,1.9118,0.0481,0,0,53.5514,0,0,8.268339,,152.3859,0.5769,1.5805,1.9601,0.1286,0.150775,0,,04/01/2023 - 08:59
Telur,Telur Ayam Ras,2018,0,4688.1207,0,0,0,0,0.04,0,0,96.106474,,4591.9742,17.3832,47.6252,58.7476,4.732,4.119104,0,,04/01/2023 - 08:59
Telur,Telur Itik,2018,0,306.536,0,0,0,0,41.3824,0,0,12.016211,,253.1374,0.9583,2.6254,4.2329,0.2619,0.344301,0,,04/01/2023 - 08:59
Telur,Telur Ayam Buras,2020,0,250.971,1.9741,0.082,0,0,63.2158,0,0,9.760513,,179.8868,0.6672,1.828,2.2671,0.1487,0.174393,2,,04/01/2023 - 08:59
,,,0,0,0,0,0,0,0,0,0,0,,0,0,0,0,0,0,,,04/01/2023 - 08:59
,,,0,0,0,0,0,0,0,0,0,0,,0,0,0,0,0,0,,,04/01/2023 - 08:59
,,,0,0,0,0,0,0,0,0,0,0,,0,0,0,0,0,0,,,04/01/2023 - 08:59
,,,0,0,0,0,0,0,0,0,0,0,,0,0,0,0,0,0,,,04/01/2023 - 08:59
,,,0,0,0,0,0,0,0,0,0,0,,0,0,0,0,0,0,,,04/01/2023 - 08:59
,,,0,0,0,0,0,0,0,0,0,0,,0,0,0,0,0,0,,,04/01/2023 - 08:59
,,,0,0,0,0,0,0,0,0,0,0,,0,0,0,0,0,0,,,04/01/2023 - 08:59
,,,0,0,0,0,0,0,0,0,0,0,,0,0,0,0,0,0,,,04/01/2023 - 08:59
,,,0,0,0,0,0,0,0,0,0,0,,0,0,0,0,0,0,,,04/01/2023 - 08:59
,,,0,0,0,0,0,0,0,0,0,0,,0,0,0,0,0,0,,,04/01/2023 - 08:59
,,,0,0,0,0,0,0,0,0,0,0,,0,0,0,0,0,0,,,04/01/2023 - 08:59
,,,0,0,0,0,0,0,0,0,0,0,,0,0,0,0,0,0,,,04/01/2023 - 08:59
,,,0,0,0,0,0,0,0,0,0,0,,0,0,0,0,0,0,,,04/01/2023 - 08:59
Sayur-sayuran,Kacang Panjang,2020,0,332,0,0,0,0,1,0,0,10,,320,1,3,1,0,0,2,,04/01/2023 - 08:59
Sayur-sayuran,Tomat,2020,0,1013,17,0,0,0,7,0,0,29,,994,3,10,2,0.09,0.03,2,,04/01/2023 - 08:59
Sayur-sayuran,Wortel,2020,0,598,0,0,0,0,0,0,0,21,,577,2,5,1,0,0,2,,04/01/2023 - 08:59
Sayur-sayuran,Cabe,2020,0,1216,36,2,0,0,9,0,0,35,,1206,4,12,3,0,0,2,,04/01/2023 - 08:59
Sayur-sayuran,Petsai/Sawi,2020,0,611,0,0,0,0,0,0,0,21,,590,2,5,0,0,0,2,,04/01/2023 - 08:59
,,,0,0,0,0,0,0,0,0,0,0,,0,0,0,0,0,0,,,04/01/2023 - 08:59
,,,0,0,0,0,0,0,0,0,0,0,,0,0,0,0,0,0,,,04/01/2023 - 08:59
,,,0,0,0,0,0,0,0,0,0,0,,0,0,0,0,0,0,,,04/01/2023 - 08:59
,,,0,0,0,0,0,0,0,0,0,0,,0,0,0,0,0,0,,,04/01/2023 - 08:59
,,,0,0,0,0,0,0,0,0,0,0,,0,0,0,0,0,0,,,04/01/2023 - 08:59
,,,0,0,0,0,0,0,0,0,0,0,,0,0,0,0,0,0,,,04/01/2023 - 08:59
,,,0,0,0,0,0,0,0,0,0,0,,0,0,0,0,0,0,,,04/01/2023 - 08:59
Buah Biji Berminyak,Kacang tanah berkulit,2019,0,654.8287,14.56,2.0975,0,0,0,633.9267,0,33.364561,,0,0,0,0,0,0,0,,04/01/2023 - 08:59
Buah Biji Berminyak,Kacang tanah lepas kulit,2019,633.9267,380.356,323.5456,2.8121,0,0,24.5525,59.6627,0,21.45334,,595.421,2.2308,6.1117,33.4922,1.7174,2.646374,0,,04/01/2023 - 08:59
Buah Biji Berminyak,Kedelai,2019,0,424.189,2677.3375,3.8915,0,4.3367,15.143,0,20.6301,78.060401,,2979.4647,11.1627,30.5828,116.5205,12.3555,5.10733,0,,04/01/2023 - 08:59
Buah Biji Berminyak,Kacang Hijau,2019,0,182.538,80.4807,36.2479,0,4.5354,4.1447,0,0,11.338537,,206.7521,0.7746,2.1222,7.1582,0.4302,0.0382,0,,04/01/2023 - 08:59
Buah Biji Berminyak,Kelapa Berkulit/daging,2019,0,11359.4067,4.4079,606.4087,,,,6808.3622,,392.645317,,3556.3984,13.3242,36.5048,69.4576,0.6578,6.713592,0,,04/01/2023 - 08:59
Buah Biji Berminyak,Kelapa daging/kopra,2019,6808.3622,1702.0906,0.1083,153.655,0,0,0,1511.1552,33.3624,4.026214,,0,0,0,0,0,0,0,,04/01/2023 - 08:59
,,,0,0,0,0,0,0,0,0,0,0,,0,0,0,0,0,0,,,04/01/2023 - 08:59
,,,0,0,0,0,0,0,0,0,0,0,,0,0,0,0,0,0,,,04/01/2023 - 08:59
Sayur-sayuran,Bawang Merah,2019,1580,1040,0,9,0,0,2,0,0,25,,1005,3.76,10.31,3,0.13,0.03,0,,04/01/2023 - 08:59
Sayur-sayuran,Bawang Merah,2020,1815.4453,1195.2892,0.8997,8.5338,0,0,2.8504,0,0,25.77064,0,1159.034,4.2895,11.752,3.7125,0.1428,0.03173,0,,04/01/2023 - 08:59
Sayur-sayuran,Bawang Merah,2021,2004.5904,1319.8223,0.6685,4.698,0,0,3.1579,0,0,28.552705,0,1284.0823,4.7091,12.9016,4.0756,0.1568,0.034834,0,,04/01/2023 - 08:59
Sayur-sayuran,Ketimun,2019,0,436,0,0,0,0,3,0,0,11,,423,1.58,4.34,0,0.01,0,0,,04/01/2023 - 08:59
Sayur-sayuran,Ketimun,2021,0,471.9409,0.2118,0.0153,0,0,3.3522,0,0,8.026336,,460.7589,1.6897,4.6294,0.2226,0.0104,0.003889,0,,04/01/2023 - 08:59
Sayur-sayuran,Kacang Merah,2019,0,62,0,0,0,0,2,0,0,1,,58,0.22,0.6,2,0.08,0.01,0,,04/01/2023 - 08:59
Sayur-sayuran,Kacang Merah,2021,0,0,0.1457,0.0216,0,0,0.0036,0,0,0.00299,,0.1175,0.0004,0.0012,0.0032,0.0002,2.715202,0,,04/01/2023 - 08:59
Sayur-sayuran,Kacang Panjang,2019,0,353,0,0,0,0,2,0,0,8,,343,1.28,3.52,1,0.07,0.01,0,,04/01/2023 - 08:59
Sayur-sayuran,Kacang Panjang,2020,0,359,0,0,0,0,2,0,0,9,,349,1.29,3.55,1,0.07,0.01,1,,04/01/2023 - 08:59
Sayur-sayuran,Kacang Panjang,2021,0,383.6853,0,0.0013,0,0,1.6882,0,0,7.558575,,374.4372,1.3732,3.7621,0.7788,0.0779,0.012979,0,,04/01/2023 - 08:59
Sayur-sayuran,Kentang,2019,0,1315,124,5,0,0,17,0,0,35,,1382,5.18,14.19,6,0.21,0.02,0,,04/01/2023 - 08:59
Sayur-sayuran,Kentang,2020,0,1282.7678,124.498,8.7827,0,0,16.6419,0,0,15.805057,0,1366.0362,5.0556,13.8509,6.1315,0.2072,0.020015,0,,04/01/2023 - 08:59
Sayur-sayuran,Tomat,2019,0,1020,13,0,0,0,7,0,0,25,,1001,3.75,10.27,2,0.09,0.03,0,,04/01/2023 - 08:59
Sayur-sayuran,Tomat,2020,0,1085,15,0,0,0,8,0,0,27,,1065,3.95,10.83,2,0.1,0.03,1,,04/01/2023 - 08:59
Sayur-sayuran,Kubis/Kol,2019,0,1413,3,39,0,0,0,0,0,33,,1344,5.04,13.8,2,0.11,0.02,0,,04/01/2023 - 08:59
Sayur-sayuran,Wortel,2018,0,610,0,0,0,0,0,0,0,21,,588,2.23,6.1,2,0.04,0.03,0,,04/01/2023 - 08:59
Sayur-sayuran,Wortel,2019,0,675,0,0,0,0,0,0,0,16,,658,2.47,6.76,2,0.05,0.03,0,,04/01/2023 - 08:59
Sayur-sayuran,Wortel,2021,0,720.09,0.3067,0.0337,0,0,0,0,0,17.36075,,703.0023,2.5781,7.0633,1.7901,0.0497,0.029835,0,,04/01/2023 - 08:59
Sayur-sayuran,Cabe,2018,0,1207,40,1,0,0,9,0,0,34,,1202,4.55,12.47,3,0.09,0.03,0,,04/01/2023 - 08:59
Sayur-sayuran,Cabe,2019,0,1214,44,1,0,0,9,0,0,30,,1218,4.56,12.51,3,0.09,0.03,0,,04/01/2023 - 08:59
Sayur-sayuran,Cabe,2020,0,1264.1896,34.8122,2.5489,0,0,9.2048,0,0,20.087545,0,1267.1606,4.6896,12.8483,2.8832,0.0928,0.032763,0,,04/01/2023 - 08:59
Sayur-sayuran,Terong,2018,0,552,0,0,0,0,4,0,0,15,,532,2.01,5.52,2,0.07,0.03,0,,04/01/2023 - 08:59
Sayur-sayuran,Terong,2021,0,676.3392,0,0,0,0,4.9353,0,0,11.357843,,659.769,2.4196,6.6289,2.1517,0.0884,0.034026,0,,04/01/2023 - 08:59
Sayur-sayuran,Terong,2019,0,575,0,0,0,0,4,0,0,14,,557,2.09,5.72,2,0.08,0.03,0,,04/01/2023 - 08:59
Sayur-sayuran,Petsai/Sawi,2018,0,636,0,0,0,0,0,0,0,22,,614,2.23,6.37,0,0.03,0.01,0,,04/01/2023 - 08:59
Sayur-sayuran,Petsai/Sawi,2019,0,653,0,0,0,0,0,0,0,16,,637,2.39,6.54,0,0.04,0.01,0,,04/01/2023 - 08:59
Sayur-sayuran,Petsai/Sawi,2020,0,667,0,0,0,0,0,0,0,16,,651,2.42,6.62,0,0.04,0.01,1,,04/01/2023 - 08:59
Sayur-sayuran,Bawang Daun,2018,0,573,0,0,0,0,4,0,0,16,,553,2.09,5.74,1,0.07,0.03,0,,04/01/2023 - 08:59
Sayur-sayuran,Bawang Daun,2019,0,591,0,0,0,0,4,0,0,14,,572,2.14,5.87,1,0.07,0.03,0,,04/01/2023 - 08:59
Sayur-sayuran,Kangkung,2018,0,290,0,0,0,0,2,0,0,8,,279,1.06,2.9,0,0.04,0.01,0,,04/01/2023 - 08:59
Sayur-sayuran,Kangkung,2019,0,296,0,0,0,0,2,0,0,7,,287,1.07,2.94,0,0.04,0.01,0,,04/01/2023 - 08:59
Sayur-sayuran,Kangkung,2020,0,312.3362,0,0,0,0,1.8116,0,0,5.715753,0,304.8089,1.1281,3.0906,0.3635,0.0441,0.009086,0,,04/01/2023 - 08:59
Sayur-sayuran,Lobak,2018,0,27,0,0,0,0,0,0,0,1,,26,0.1,0.27,0,0,0,0,,04/01/2023 - 08:59
Sayur-sayuran,Lobak,2019,0,24,0,0,0,0,0,0,0,1,,24,0.09,0.24,0,0,0,0,,04/01/2023 - 08:59
Sayur-sayuran,Lobak,2020,0,24.9017,0.0044,0,0,0,0.0969,0,0,0.502125,0,24.2368,0.0897,0.2457,0.0449,0.0019,0.000214,0,,04/01/2023 - 08:59
Sayur-sayuran,Lobak,2021,0,0,0.0044,0.0651,0,0,-0.0002,0,0,-0.001226,0,-0.0592,-0.0002,-0.0006,-0.0001,-4.6609,-5.17881,0,,04/01/2023 - 08:59
Sayur-sayuran,Labu Siam,2018,0,454,0,0,0,0,2,0,0,14,,438,1.66,4.54,1,0.02,0,0,,04/01/2023 - 08:59
Sayur-sayuran,Labu Siam,2019,0,408,0,1,0,0,2,0,0,10,,395,1.48,4.06,1,0.02,0,0,,04/01/2023 - 08:59
Sayur-sayuran,Labu Siam,2020,0,511.0145,0,0,0,0,2.1974,0,0,10.120574,0,498.6965,1.8456,5.0565,1.2591,0.0252,0.004197,0,,04/01/2023 - 08:59
Sayur-sayuran,Labu Siam,2021,0,516.9537,0.0039,0.3836,0,0,2.2213,0,0,10.228166,,504.1246,1.8488,5.0651,1.2612,0.0252,0.004204,0,,04/01/2023 - 08:59
Daging,Daging Sapi,2019,504.802,378.2481,197.3469,0,0,0,0,0,0.0016,0.460476,0,575.133,2.1548,5.9035,12.2202,1.1099,0.826486,0,,04/01/2023 - 08:59
Sayur-sayuran,Bawang Merah,2019,1580,1040,0,9,0,0,2,0,0,22,,1007,3.77,10.34,3,0.13,0.03,0,,04/01/2023 - 08:59
Daging,Daging Sapi,2020,453,340,167,0,0,0,0,0,0,0,,506,1.88,5.15,11,0.97,0.72,1,,04/01/2023 - 08:59
Daging,Daging Sapi,2021,438,328,218,0,0,0,0,0,0,0,,545,2,5.49,11,1.03,0.77,2,,04/01/2023 - 08:59
Daging,Daging Kerbau,2019,24.789,17.427,0,0,0,0,0,0,0,0.014,,17.413,0.07,0.18,0,0.03,0,0,,04/01/2023 - 08:59
Minyak dan Lemak,Kopra/Minyak Goreng,2021,1042.0692,625.2415,67.213,600.1789,0,0,0,0,16.2412,0,0,76.0268,0.2788,0.7639,6.6456,0.0076,0.748588,0,,04/01/2023 - 08:59
Minyak dan Lemak,Minyak sawit,2021,0,45121.4805,0.3265,986.1801,0,0,0,14296.7254,29838.9015,0,0,0,0,0,0,0,0,0,,04/01/2023 - 08:59
Daging,Daging Kerbau,2020,18.5259,13.0237,0,0,0,0,0,0,0,0.0104,,13.0133,0.05,0.13,0,0.02,0,1,,04/01/2023 - 08:59
Minyak dan Lemak,Lemak Sapi,2021,0,28.4559,0,0,0,0,0,0,0,0,0,28.4559,0.1044,0.2859,2.3387,0.0043,0.257315,0,,04/01/2023 - 08:59
Minyak dan Lemak,Lemak Kerbau,2021,0,0.9836,0,0,0,0,0,0,0,0,0,0.9836,0.0036,0.0099,0.0808,0.0001,0.008894,0,,04/01/2023 - 08:59
Daging,Daging Kerbau,2021,20.9723,14.7435,0,0,0,0,0,0,0,0.0118,,14.7317,0.05,0.15,0,0.03,0,2,,04/01/2023 - 08:59
Minyak dan Lemak,Lemak Kambing,2021,0,4.8578,0,0,0,0,0,0,0,0,0,4.8578,0.0178,0.0488,0.3992,0.0007,0.043927,0,,04/01/2023 - 08:59
Minyak dan Lemak,Lemak Domba,2021,0,4.3015,0,0,0,0,0,0,0,0,0,4.3015,0.0158,0.0432,0.3535,0.0006,0.038896,0,,04/01/2023 - 08:59
Minyak dan Lemak,Lemak Babi,2021,0,38.5814,0,0,0,0,0,0,0,0,0,38.5814,0.1415,0.3876,3.4965,0,0.387639,0,,04/01/2023 - 08:59
Buah-buahan,Pisang,2020,0,8182.7561,0.0007,12.3453,0,0,0,0,0,90.691566,0,8079.7198,29.9023,81.9241,39.5694,0.4301,0.12903,0,,04/01/2023 - 08:59
Gula,Gula Pasir,2020,0,2131,5518,42,0,0,0,0,2,301,,6994,25.94,71.07,259,0,0,1,,04/01/2023 - 08:59
Gula,Gula Mangkok,2020,0,713,0,0,0,0,0,0,0,0,,713,2.64,7.24,27,0.22,0.72,1,,04/01/2023 - 08:59
Buah-buahan,Alpokat,2021,0,669.2605,0.1012,0.447,0,0,0,0,0,7.4284,0,661,2.427,6.6493,3.4461,0.0365,0.263522,0,,04/01/2023 - 08:59
Susu,Susu Sapi,2020,0,947,0,0,0,95,0,0,0,0.0189,,852,3.16,8.66,5,0.28,0.3,1,,04/01/2023 - 08:59
Susu,Susu Impor,2020,0,0,1425,110,0,0,0,0,0,0,,1315,4.88,13.36,0,0.43,0.47,1,,04/01/2023 - 08:59
Gula,Gula Pasir,2021,0,2419,5940,314,0,0,0,0,2,320,0,7443,27.34,74.9,273,0,0,2,,04/01/2023 - 08:59
Buah-buahan,Jeruk,2021,0,2401.0638,99.1278,1.3061,0,0,0,0,0,27.737629,0,2.471,9.06,24.83,5,0.09,0.03,0,,04/01/2023 - 08:59
Gula,Gula Mangkok,2021,0,546,0,0,0,0,0,0,0,0,,546,2.01,5.5,21,0.16,0.55,2,,04/01/2023 - 08:59
Buah-buahan,Duku,2021,0,250.3554,0.276,0.0004,0,0,0,0,0,2.782004,0,247.849,0.9089,2.4902,1.0041,0.0159,0.003187,0,,04/01/2023 - 08:59
Susu,Susu Sapi,2021,0,963,0,128,0,84,0,0,0,1,,751,2.76,7.56,5,0.24,0.26,2,,04/01/2023 - 08:59
Buah-buahan,Durian,2021,0,1353.037,0.0003,0.0638,0,0,0,0,0,15.018006,0,1337.9555,4.9066,13.4429,3.963,0.0739,0.088723,0,,04/01/2023 - 08:59
Susu,Susu Impor,2021,0,0,1571,0,0,0,0,0,0,0,,1571,5.77,15.81,10,0.51,0.55,2,,04/01/2023 - 08:59
Buah-buahan,Jambu,2021,0,422.4907,0,0.0337,0,0,0,0,0,4.689273,0,417.7677,1.5321,4.1974,1.6865,0.031,0.010326,0,,04/01/2023 - 08:59
Minyak dan Lemak,Minyak sawit/minyak goreng,2021,14296.7254,9761.8041,0.0009,3047.7075,-1.476,0,0,0,975.0963,0,0,5740.4772,21.0519,57.6764,520.2408,0,26.819509,0,,04/01/2023 - 08:59
Buah-buahan,Jambu Air,2021,0,206.423,0,0,0,0,0,0,0,2.291295,0,204.1317,0.7486,2.051,0.8491,0.0111,0.003692,0,,04/01/2023 - 08:59
Buah-buahan,Mangga,2021,0,2835.4423,0,0.3215,0,0,0,0,0,31.469842,0,2803.651,10.2817,28.1692,6.6886,0.0659,0.023803,0,,04/01/2023 - 08:59
Padi - Padian,Beras,2021,51770,31686,387,4,197,54,0,0,0,797,0,31021,113.94,312.18,1127,27.38,4.99,2,,04/01/2023 - 08:59
Buah-buahan,Nanas,2021,0,2886.4168,0.0292,232.6899,0,0,0,0,0,29.456693,0,2624.2399,9.624,26.3665,2.8508,0.0433,0.020962,0,,04/01/2023 - 08:59
Buah-buahan,Pepaya,2021,0,1168.2659,0,0.0244,0,0,0,0,0,12.967481,0,1155.274,4.2367,11.6074,3.0034,0.0331,0,0,,04/01/2023 - 08:59
Buah-buahan,Pisang,2022,0,9245.427,0,12.7665,0,0,0,0,0,102.6242,0,9142.7929,33.5291,91.8605,44.3686,0.4823,0.1447,1,,04/01/2023 - 08:59
Buah-buahan,Rambutan,2021,0,884.7017,0,0.2002,0,0,0,0,0,9.817967,0,874.6836,3.2077,8.7882,0.9702,0.0127,0.0014,0,,04/01/2023 - 08:59
Buah-buahan,Salak,2021,0,1120.2424,0,1.5141,0,0,0,0,0,12.417884,0,1106.3104,4.0571,11.1154,10.0584,0.035,0.011916,0,,04/01/2023 - 08:59
Buah-buahan,Sawo,2021,0,169.7111,0,1.8837,0,0,0,0,0,1.8837,0,167.8227,0.6155,1.6862,0.8865,0.0092,0.025975,0,,04/01/2023 - 08:59
Buah-buahan,Melon,2021,0,129.1471,0,0.0794,0,0,0,0,0,1.432652,0,127.6351,0.4681,1.2824,0.2752,0.0045,0.002975,0,,04/01/2023 - 08:59
Buah-buahan,Semangka,2021,0,414.2424,0,0.086,0,0,0,0,0,4.597136,0,409.5593,1.502,4.115,0.2438,0.0044,0.001704,0,,04/01/2023 - 08:59
Buah-buahan,Belimbing,2021,0,137.4496,0,0.0002,0,0,0,0,0,1.525689,0,135.9237,0.4985,1.3657,0.3636,0.004,0.003993,0,,04/01/2023 - 08:59
Buah-buahan,Manggis,2021,0,303.9344,0,20.4533,0,0,0,0,0,3.14664,0,280.3344,1.0281,2.8166,0.5146,0.0049,0.004901,0,,04/01/2023 - 08:59
Buah-buahan,Buah Naga,2021,0,484.083,0,0.1161,0,0,0,0,0,5.372,0,478.5949,1.7551,4.8086,2.4524,0.0375,0.0183,0,,04/01/2023 - 08:59
Buah-buahan,Leci,2021,0,0,5.4572,0.0002,0,0,0,0,0,0.060573,0,5.3965,0.0198,0.0542,0.0417,0.0004,0.000325,0,,04/01/2023 - 08:59
Buah-buahan,Lengkeng,2021,0,90.3776,51.7358,0.6176,0,0,0,0,0,1.5706,0,139.9252,0.5131,1.4059,0.9841,0.112,0.0042,0,,04/01/2023 - 08:59
Buah-buahan,Kesemek,2021,0,0,0.1332,0,0,0,0,0,0,0.001479,0,0.1317,0.0005,0.0013,0.001,0,0.000005,0,,04/01/2023 - 08:59
Buah-buahan,Nangka/cempedak,2021,0,906.514,0,0.1027,0,0,0,0,0,10.061165,0,896.3501,3.2872,9.0059,0.7484,0.0086,0.002017,0,,04/01/2023 - 08:59
Buah-buahan,Markisa,2021,0,0,0,0,0,0,0,0,0,0,0,0,0,0,0,0,0,1,,04/01/2023 - 08:59
Buah-buahan,Sirsak,2021,0,158.9256,0,0,0,0,0,0,0,1.764074,0,157.1615,0.5764,1.5791,0.6979,0.0107,0.003221,0,,04/01/2023 - 08:59
Buah-buahan,Sukun,2021,0,172.3732,0,0,0,0,0,0,0,1.913343,0,170.4599,0.6251,1.7127,1.8538,0.0226,0.003014,0,,04/01/2023 - 08:59
Buah-buahan,Apel,2021,0,509.5439,179.4128,0.002,0,0,0,0,0,7.647397,0,681.3073,2.4985,6.8453,2.9186,0.0259,0.020481,0,,04/01/2023 - 08:59
Buah-buahan,Anggur,2021,0,12.1636,95.3633,0.0006,0,0,0,0,0,1.193542,0,106.3328,0.39,1.0684,0.4273,0.0053,0.002137,0,,04/01/2023 - 08:59
Buah-buahan,Strobery,2021,0,9.8596,0.8199,0.1595,0,0,0,0,0,0.116771,0,10.4032,0.0382,0.1045,0.0387,0.0007,0.001185,0,,04/01/2023 - 08:59
Buah-buahan,Blewah,2021,0,0,0,0,0,0,0,0,0,0,0,0,0,0,0,0,0,1,,04/01/2023 - 08:59
Buah-buahan,Lemon,2021,0,34.2464,9.4623,0.0697,0,0,0,0,0,0.484392,0,36.9913,0.1357,0.3717,0.0897,0.0013,0.0021,0,,04/01/2023 - 08:59
Buah-buahan,Jeruk Besar,2021,0,112.7967,0.0415,0,0,0,0,0,0,1.252504,0,111.5857,0.4092,1.1211,0.3337,0.0042,0.00139,0,,04/01/2023 - 08:59
Buah-buahan,Kurma,2021,0,0,48.4506,0.0707,0,0,0,0,0,0.537016,0,47.8428,0.1755,0.4807,1.4228,0.012,0,0,,04/01/2023 - 08:59
Buah-buahan,Buah Ara(Buah Tin),2021,0,0,0.0181,0,0,0,0,0,0,0.000201,0,0.0179,0.0001,0.0002,0.0001,0,0,0,,04/01/2023 - 08:59
Buah-buahan,Pir,2021,0,0,230.5618,0,0,0,0,0,0,2.559236,0,228.0025,0.8361,2.2908,1.5119,0.0092,0,0,,04/01/2023 - 08:59
Buah-buahan,"Aprikot,Ceri Dan Persik",2021,0,0,3.2904,0.0181,0,0,0,0,0,0.036286,0,3.2327,0.0119,0.0325,0.011,0.0049,0.000097,0,,04/01/2023 - 08:59
Buah-buahan,Rasberry Dan Blackberry,2021,0,0,0.1609,0.0329,0,0,0,0,0,0.0014,0,0.1266,0.0004,0.0013,0.0003,0,0,0,,04/01/2023 - 08:59
Buah-buahan,Kiwi,2021,0,0,4.9167,0,0,0,0,0,0,0.054575,0,4.8621,0.0178,0.0489,0.0225,0.0004,0.000195,0,,04/01/2023 - 08:59
Padi - Padian,Gabah,2021,0,55270,0,0,0,243,272,51770,0,2985,0,0,0,0,0,0,0,2,,04/01/2023 - 08:59
Padi - Padian,Jagung,2021,18147,13415,1170,68,-50,1293,49,0,10693,673,1596,264,0.97,2.65,9,0.17,0.14,0,,04/01/2023 - 08:59
Padi - Padian,Jagung basah,2021,0,529,3,0,0,0,0,0,0,0,0,532,1.95,5.34,1,0.02,0.01,0,,04/01/2023 - 08:59
Padi - Padian,Gandum,2021,0,0,11495,0,0,0,0,11489,6,0,0,0,0,0,0,0,0,0,,04/01/2023 - 08:59
Padi - Padian,Tepung Gandum,2021,11202,8065,55,53,0,0,0,0,0,36,0,8031,29.45,80.69,269,7.26,0.81,0,,04/01/2023 - 08:59
,,,0,0,0,0,0,0,0,0,0,0,,0,0,0,0,0,0,,,04/01/2023 - 08:59
,,,0,0,0,0,0,0,0,0,0,0,,0,0,0,0,0,0,,,04/01/2023 - 08:59
,,,0,0,0,0,0,0,0,0,0,0,,0,0,0,0,0,0,,,04/01/2023 - 08:59
,,,0,0,0,0,0,0,0,0,0,0,,0,0,0,0,0,0,,,04/01/2023 - 08:59
,,,0,0,0,0,0,0,0,0,0,0,,0,0,0,0,0,0,,,04/01/2023 - 08:59
,,,0,0,0,0,0,0,0,0,0,0,,0,0,0,0,0,0,,,04/01/2023 - 08:59
,,,0,0,0,0,0,0,0,0,0,0,,0,0,0,0,0,0,,,04/01/2023 - 08:59
,,,0,0,0,0,0,0,0,0,0,0,,0,0,0,0,0,0,,,04/01/2023 - 08:59
,,,0,0,0,0,0,0,0,0,0,0,,0,0,0,0,0,0,,,04/01/2023 - 08:59
,,,0,0,0,0,0,0,0,0,0,0,,0,0,0,0,0,0,,,04/01/2023 - 08:59
,,,0,0,0,0,0,0,0,0,0,0,,0,0,0,0,0,0,,,04/01/2023 - 08:59
,,,0,0,0,0,0,0,0,0,0,0,,0,0,0,0,0,0,,,04/01/2023 - 08:59
Sayur-sayuran,Ketimun,2020,0,441,0,0,0,0,3,0,0,26,0,1159,4,11,4,0,3,0,,01/02/2023 - 10:50
Sayur-sayuran,Ketimun,2020,0,441,0,0,0,0,3,0,0,8,0,431,1,4,0,0,0,0,,01/02/2023 - 11:03
Minyak dan Lemak,Kopra/Minyak Goreng,2022,1524.0522,914.4313,56.295,288.9789,0,0,0,0,23.866,10.635259,0,647.2461,2.3736,6.5031,56.5768,0.065,6.373022,0,,02/02/2023 - 08:51
Minyak dan Lemak,Minyak sawit,2022,0,46819.6731,0,3455.6775,0,0,0,13114.9835,24533.5268,1131.800287,0,4583.685,0,0,0,0,0,0,,02/02/2023 - 08:58
Minyak dan Lemak,Minyak sawit/minyak goreng,2022,13114.9835,8954.9108,0.2376,0,3.7463,0,0,0,1028.5316,138.746732,0,7784.1238,28.5465,78.2095,705.4498,0,36.367425,0,,02/02/2023 - 09:03
Minyak dan Lemak,Lemak Sapi,2022,0,36.5567,0,0,0,0,0,0,0,0,0,36.5567,0.1341,0.3673,3.0045,0.0055,0.330567,0,,02/02/2023 - 09:05
Minyak dan Lemak,Lemak Kerbau,2022,0,1.544,0,0,0,0,0,0,0,0,0,1.544,0.0057,0.0155,0.1269,0.0002,0.013961,0,,02/02/2023 - 09:09
Minyak dan Lemak,Lemak Kambing,2022,0,5.9178,0,0,0,0,0,0,0,0,0,5.9178,0.0217,0.0595,0.4864,0.0009,0.053512,0,,02/02/2023 - 09:12
Minyak dan Lemak,Lemak Domba,2022,0,5.2703,0,0,0,0,0,0,0,0,0,5.2703,0.0193,0.053,0.4332,0.0008,0.047657,0,,02/02/2023 - 09:14
Minyak dan Lemak,Lemak Babi,2022,0,29.0608,0,0,0,0,0,0,0,0,0,29.0608,0.1066,0.292,2.6337,0,0.291983,0,,02/02/2023 - 09:16
Buah Biji Berminyak,Kacang tanah berkulit,2020,0,724.861,6.9262,2.2924,0,0,0,693.02,0,36.474737,0,0,0,0,0,0,0,0,,06/02/2023 - 11:03
Buah-buahan,Alpokat,2022,0,866.78,0.053,0,0,0,0,0,0,9.6107,0,856.222,3.14,8.6027,4.46,0.0472,0.3411,1,,06/02/2023 - 13:36
Buah-buahan,Duku,2022,0,88.6563,0,0,0,0,0,0,0,0.984084,0,87.6722,0.3179,0.871,0.3512,0.0056,0.001115,2,,06/02/2023 - 13:46
Buah Biji Berminyak,Kacang tanah lepas kulit,2020,693.02,415.812,293.7222,3.3681,0,0.7768,27.6308,63.9786,0,21.608682,0,592.1712,2.1916,6.0043,32.9036,1.6872,2.599864,0,,06/02/2023 - 14:21
Buah-buahan,Jeruk,2022,0,1249.3351,8.5357,0,0,0,0,0,0,13.962366,0,1243.9084,4.5106,12.3578,2.7314,0.0465,0.014039,2,,06/02/2023 - 14:40
Buah-buahan,Durian,2022,0,762.1053,1.283,0,0,0,0,0,0,8.47361,0,754.9147,2.7374,7.4998,2.211,0.0412,0.049499,2,,06/02/2023 - 14:56
Buah Biji Berminyak,Kedelai,2020,0,290.784,2475.8603,2.8086,0,3.8694,9.457,0,22.0248,69.64866,0,2658.8358,9.8401,26.9592,102.7146,10.8915,4.502187,0,,06/02/2023 - 14:56
Buah Biji Berminyak,Kacang Hijau,2020,0,222.108,102.7752,49.0137,0,0,4.6569,0,0,13.793479,0,257.4193,0.9527,2.6101,8.8039,0.5291,0.046982,0,,06/02/2023 - 15:01
Buah Biji Berminyak,Kelapa Berkulit/daging,2020,0,11432.04,11.3012,785.2575,0,0,0,6745.5012,0,389.020054,0,3523.5625,13.0404,35.7271,67.9779,0.6438,6.570566,0,,06/02/2023 - 15:10
Buah Biji Berminyak,Kelapa daging/kopra,2020,6745.5012,1686.3753,0.9257,107.4871,0,0,0,995.9146,0.0624,4.107516,0,0,0,0,0,0,0,0,,06/02/2023 - 15:14
Daging,Daging Sapi,2020,453.4184,339.7464,167.1286,0,0,0,0,0,0,0.4055,0,506.4696,1.8744,5.1353,10.6301,0.9654,0.718947,0,,13/02/2023 - 08:36
Daging,Daging Kerbau,2020,18.5259,13.0237,0,0,0,0,0,0,0,0.010419,0,13.0133,0.0482,0.1319,0.1108,0.0247,0.00066,0,,13/02/2023 - 09:01
Daging,Daging Kambing,2020,61.7112,41.8587,0,0,0,0,0,0,0,0.033487,0,41.8252,0.1548,0.4241,0.6531,0.0704,0.039016,0,,13/02/2023 - 09:04
Daging,Daging Domba,2020,54.1885,39.1891,1.3286,0,0,0,0,0,0,0.032414,0,40.4853,0.1498,0.4105,1.0673,0.0673,0.087436,0,,13/02/2023 - 09:08
Daging,Daging Kuda,2020,1.2423,0.8979,0,0,0,0,0,0,0,0.000718,0,0.8972,0.0033,0.0091,0.0103,0.0016,0.000373,0,,13/02/2023 - 09:10
Daging,Daging Babi,2020,280.9376,189.5486,0.6528,0,0.0005,0,0,0,0,0.152161,0,190.0487,0.7034,1.927,8.0259,0.2505,0.770798,0,,13/02/2023 - 09:15
Daging,Daging Ayam Buras,2020,0,270.2088,0,0,0,0,0,0,0,0.216167,0,269.9926,0.9992,2.7376,4.7952,0.289,0.39695,0,,13/02/2023 - 09:18
Daging,Daging Ayam Ras,2020,0,3371.8774,0.0626,0,0.2604,0,0,0,0,2.697344,0,3368.9822,12.4683,34.1597,59.8342,3.6059,4.953158,0,,13/02/2023 - 09:21
Daging,Daging Itik,2020,0,41.1162,0.0002,0,0,0,0,0,0,0.032893,0,41.0836,0.152,0.4166,0.7798,0.0342,0.069483,0,,13/02/2023 - 09:24
Daging,Daging Puyuh,2020,0,1.598,0,0,0,0,0,0,0,0,0,1.598,0.0059,0.0162,0.032,0.0016,0.002819,0,,13/02/2023 - 09:26
Daging,Jeroan semua jenis,2020,0,499.1941,56.2951,0,0,0,0,0,0,0,0,555.4892,2.0558,5.6324,7.1531,0.8843,0.360472,0,,13/02/2023 - 09:28
Daging,Daging Sapi,2021,437.7832,328.031,217.8054,0,0,0,0,0,0,0.436669,0,545.2132,1.9994,5.4779,11.3393,1.0299,0.76691,0,,15/01/2024 - 11:01
Daging,Daging Kerbau,2021,20.9723,14.7435,79,0,0,0,0,0,0,0.074995,0,93.6685,0.3435,0.9411,0.7905,0.176,0.004706,0,,15/01/2024 - 00:00
Daging,Daging Kambing,2021,61.725,41.8681,0,0,0,0,0,0,0,0.033494,0,41.8346,0.1534,0.4203,0.6473,0.0698,0.03867,0,,15/01/2024 - 00:00
Daging,Daging Domba,2021,55.8632,40.4002,1.1447,0,0,0,0,0,0,0.033236,0,41.5117,0.1522,0.4171,1.0844,0.0684,0.088838,0,,15/01/2024 - 00:00
Daging,Daging Kuda,2021,1.527,1.1037,0,0,0,0,0,0,0,0.000883,0,1.1028,0.004,0.0111,0.0125,0.002,0.000454,0,,15/01/2024 - 14:13
Daging,Daging Babi,2021,323.6696,218.3799,1.7284,0,0,0,0,0,0,0.176087,0,219.9322,0.8066,2.2097,9.2035,0.2873,0.883891,0,,15/01/2024 - 14:23
Daging,Daging Ayam Buras,2021,0,272.0012,0,0,0,0,0,0,0,0,0,272.0012,0.9975,2.7329,4.7869,0.2885,0.396268,0,,15/01/2024 - 14:12
Daging,Daging Ayam Ras,2021,0,3572.3451,0.0278,0,0.1231,0,0,0,0,137.888841,0,3433.9556,12.5932,34.502,60.4337,3.642,5.002793,0,,15/01/2024 - 14:22
Daging,Daging Itik,2021,0,44.1981,0,0,0,0,0,0,0,0.90606,0,43.292,0.1588,0.435,0.8143,0.0358,0.072553,0,,15/01/2024 - 14:38
Daging,Jeroan semua jenis,2021,0,524.7844,62.7033,0,0,0,0,0,0,0,0,587.4877,2.1545,5.9027,7.4964,0.9267,0.377771,0,,15/01/2024 - 14:40
Daging,Daging Puyuh,2021,0,1.6796,0,0,0,0,0,0,0,0.065839,0,1.6137,0.0059,0.0162,0.032,0.0016,0.002821,0,,15/01/2024 - 14:43
Daging,Daging Sapi,2022,562.4102,421.414,225.6457,0,0,0,0,0,0,0.517648,0,646.5421,2.371,6.496,13.4467,1.2212,0.909441,0,,16/01/2024 - 14:20
Daging,Daging Kerbau,2022,32.9203,23.143,113,0,0,0,0,0,0,0.108914,0,136.0341,0.4989,1.3668,1.1481,0.2556,0.006834,0,,16/01/2024 - 14:22
Daging,Daging Kambing,2022,75.1939,51.004,3.1932,0,0,0,0,0,0,0.043358,0,54.1538,0.1986,0.5441,0.8379,0.0903,0.050057,0,,16/01/2024 - 14:24
Daging,Daging Domba,2022,68.4458,49.5,3.5251,0.0001,0,0,0,0,0,0.04242,0,52.9826,0.1943,0.5323,1.3841,0.0873,0.113387,0,,16/01/2024 - 14:25
Daging,Daging Kuda,2022,0,0,0,0,0,0,0,0,0,0,0,0,0,0,0,0,0,0,,16/01/2024 - 14:26
Daging,Daging Babi,2022,243.7987,164.491,3.7614,0.0002,0,0,0,0,0,0.134602,0,168.1176,0.6165,1.6891,7.0352,0.2196,0.675652,0,,16/01/2024 - 14:17
Daging,Daging Ayam Buras,2022,0,300.74,0,0,0,0,0,0,3278.879,0.240592,0,-2978.3796,-10.9225,-29.9247,-52.4161,-3.1589,-4.339083,0,,16/01/2024 - 14:23
Daging,Daging Ayam Ras,2022,0,3539.779,0.0438,0.3327,0,0,0,0,0,2.831592,0,3536.6585,12.9699,35.5339,62.2412,3.751,5.152417,0,,16/01/2024 - 14:30
Daging,Daging Itik,2022,0,41.015,0,0,0,0,0,0,69.615,0.032812,0,-28.6328,-0.105,-0.2877,-0.5385,-0.0236,-0.047985,0,,16/01/2024 - 15:03
Daging,Daging Puyuh,2022,0,0,0,0,0,0,0,0,0,0,0,0,0,0,0,0,0,0,,16/01/2024 - 15:04
Daging,Jeroan semua jenis,2022,0,535.5991,58.7457,0,0,0,0,0,0,0,0,594.3447,2.1796,5.9716,7.5839,0.9375,0.38218,0,,16/01/2024 - 15:04
Daging,Daging Kambing,2019,72.852,49.4155,0,0,0,0,0,0,0,0.039532,0,49.376,0.185,0.5068,0.7805,0.0841,0.046628,0,,13/02/2023 - 14:37
Daging,Daging Domba,2019,70.073,50.6768,2.4147,0,0,0,0,0,0,0.042473,0,53.049,0.1988,0.5445,1.4158,0.0893,0.115983,0,,13/02/2023 - 14:40
Daging,Daging Kuda,2019,1.848,1.3357,0,0,0,0,0,0,0,0.001069,0,1.3347,0.005,0.0137,0.0155,0.0025,0.000562,0,,13/02/2023 - 14:42
Daging,Daging Babi,2019,236.277,159.4161,0.8545,0,0,0,0,0,0,0.128216,0,160.1424,0.6,1.6438,6.8464,0.2137,0.657515,0,,13/02/2023 - 14:45
Daging,Daging Ayam Buras,2019,0,292,0,0,0,0,0,0,0,0.233863,0,292.0951,1.0944,2.9982,5.2517,0.3165,0.434742,0,,13/02/2023 - 14:47
Daging,Daging Itik,2019,0,46.564,0.0059,0,0,0,0,0,0,0.037256,0,46.5327,0.1743,0.4776,0.8941,0.0393,0.07967,0,,13/02/2023 - 14:52
Daging,Jeroan semua jenis,2019,0,534.2555,64.9043,0.008,0,0,0,0,0,0,0,599.1518,2.2448,6.15,7.8105,0.9656,0.393601,0,,13/02/2023 - 14:55
Daging,Daging Puyuh,2019,0,1,0,0,0,0,0,0,0,0,0,1,0.0047,0.0129,0.0255,0.0013,0.001313,0,,13/02/2023 - 14:56
Daging,Daging Ayam Ras,2019,0,3636.596,0,0.2847,0,0,0,0,0.0106,2.909049,0,3633.3917,13.6127,37.2951,65.326,3.9369,5.407785,0,,13/02/2023 - 15:02
Sayur-sayuran,Bawang Merah,2022,1982.3602,1305.186,1.0864,0,0,0,3.1351,0,0,28.346111,0,1274.7912,4.675,12.8082,4.0461,0.1556,0.034582,1,,15/02/2023 - 11:52
Sayur-sayuran,Ketimun,2020,0,441.2858,0.0009,0.0171,0,0,3.133,0,0,7.500786,0,430.6358,1.5937,4.3664,0.21,0.0098,0.003668,0,,15/02/2023 - 13:35
Sayur-sayuran,Ketimun,2022,0,444.0567,0.2827,0,0,0,3.1548,0,0,7.553769,0,433.6308,1.5902,4.3568,0.2095,0.0098,0.00366,1,,15/02/2023 - 13:45
Sayur-sayuran,Kacang Merah,2020,0,66.2097,0.1956,0.007,0,0,1.9056,0,0,0.016002,0,64.4767,0.2386,0.6538,1.7455,0.0909,0.015036,0,,15/02/2023 - 14:04
Sayur-sayuran,Kacang Merah,2022,0,0,2.0926,0,0,0,0.0601,0,0.1942,0.000419,0,2.0321,0.0075,0.0204,0.0545,0.0028,0.00047,1,,15/02/2023 - 14:10
Sayur-sayuran,Kacang Panjang,2020,0,359.1578,0,0.0018,0,0,1.5803,0,0,7.075383,0,350.5003,1.2972,3.5539,0.7357,0.0736,0.012261,0,,15/02/2023 - 14:37
Sayur-sayuran,Kacang Panjang,2022,0,360.8715,0,0,0,0,1.5878,0,0,7.109168,0,352.1745,1.2915,3.5384,0.7325,0.0732,0.012208,1,,15/02/2023 - 14:45
Sayur-sayuran,Kentang,2021,0,1361.064,140.2329,5.8649,0,0,17.7956,0,0,16.898382,0,1460.738,5.3569,14.6765,6.497,0.2196,0.021208,0,,16/02/2023 - 09:56
Sayur-sayuran,Kentang,2022,0,1503.9983,179.9545,0,0,0,20.039,0,0,19.028666,0,1644.8851,6.0322,16.5267,7.316,0.2472,0.023881,1,,16/02/2023 - 10:19
Sayur-sayuran,Kubis/Kol,2020,0,1406,3,53,0,0,0,0,0,32,0,1324,4.9011,13.4276,1.8127,0.1057,0.015106,0,,17/02/2023 - 10:21
Sayur-sayuran,Kubis/Kol,2021,0,1434.6705,6.1405,27.0287,0,0,0,0,0,34.072154,0,1379.7102,5.0598,13.8624,1.8714,0.1092,0.015595,0,,17/02/2023 - 10:28
Sayur-sayuran,Kubis/Kol,2022,0,1503.7976,6.2171,0,0,0,0,0,0,36.391356,0,1473.6234,5.4042,14.806,1.9988,0.1166,0.016657,1,,17/02/2023 - 11:06
Sayur-sayuran,Tomat,2020,0,1084.9934,15.001,0.4011,0,0,7.8071,0,0,18.599172,0,1073.187,3.9718,10.8816,1.9641,0.0982,0.031012,0,,20/02/2023 - 13:18
Sayur-sayuran,Tomat,2021,0,1114.3995,12.7635,0.1098,0,0,8.0021,0,0,19.047199,0,1099.6944,4.0329,11.049,1.9943,0.0997,0.03149,0,,20/02/2023 - 13:21
Sayur-sayuran,Tomat,2022,0,1168.7437,18.1546,0,0,0,8.427,0,0,20.058581,0,1158.4127,4.2482,11.6389,2.1008,0.105,0.033171,1,,20/02/2023 - 13:25
Sayur-sayuran,Wortel,2020,0,650.8583,0.2032,0.0735,0,0,0,0,0,15.68881,0,635.2992,2.3512,6.4416,1.6326,0.0453,0.027209,0,,20/02/2023 - 13:31
Sayur-sayuran,Wortel,2022,0,737.9652,0,0,0,0,0,0,0,17.784962,0,720.1803,2.6411,7.2359,1.8339,0.0509,0.030564,1,,20/02/2023 - 13:39
Sayur-sayuran,Cabe,2021,0,2721.1422,97.8641,1.7925,0,0,20.0022,0,0,43.650571,0,2753.561,10.098,27.6659,6.2082,0.1999,0.070548,1,,21/02/2023 - 11:04
Sayur-sayuran,Cabe,2022,0,938.593,43.4694,0,0,0,6.9726,0,0,15.216304,0,959.8734,3.4807,9.536,2.1399,0.0689,0.024317,2,,21/02/2023 - 11:10
Sayur-sayuran,Terong,2020,0,618.2016,0,0.4345,0,0,4.5097,0,0,10.382292,0,602.8751,2.2312,6.1128,1.9842,0.0815,0.031377,0,,21/02/2023 - 11:45
Sayur-sayuran,Terong,2022,0,691.7384,0,0,0,0,5.0497,0,0,11.621205,0,675.0675,2.4757,6.7826,2.2016,0.0904,0.034815,1,,21/02/2023 - 12:06
Sayur-sayuran,Petsai/Sawi,2020,0,667.473,0,0,0,0,0,0,0,16.086099,0,651.3869,2.4107,6.6047,0.3792,0.0362,0.008619,0,,21/02/2023 - 14:22
Sayur-sayuran,Petsai/Sawi,2021,0,727.467,0,0,0,0,0,0,0,17.531954,0,709.935,2.6035,7.1329,0.4096,0.0391,0.009308,0,,21/02/2023 - 14:25
Sayur-sayuran,Petsai/Sawi,2022,0,760.6082,0,0,0,0,0,0,0,18.330657,0,742.2775,2.7221,7.4579,0.4282,0.0409,0.009733,1,,21/02/2023 - 14:28
Sayur-sayuran,Bawang Daun,2020,0,579.7478,0.0054,0.0625,0,0,4.0578,0,0,9.912611,0,565.7202,2.0937,5.7361,1.1145,0.0692,0.026902,0,,21/02/2023 - 14:33
Sayur-sayuran,Bawang Daun,2021,0,627.8531,0.0106,0.792,0,0,4.3895,0,0,10.722927,0,611.9593,2.2442,6.1485,1.1947,0.0742,0.028837,0,,21/02/2023 - 14:38
Sayur-sayuran,Bawang Daun,2022,0,638.7345,0.0066,0,0,0,4.4712,0,0,10.922473,0,623.3474,2.286,6.263,1.2169,0.0755,0.029373,1,,21/02/2023 - 14:41
Buah-buahan,Jambu Air,2022,0,237.56,0,0,0,0,0,0,0,2.637,0,234.9277,0.8615,2.3604,0.9772,0.0127,0.0042,1,,22/02/2023 - 09:44
,,2022,0,,,,,,,,,,,,,,,,,,,
,,2022,0,94.4962,0,0,0,0,0,0,0,1.048908,0,93.4473,0.3389,0.9284,0.3843,0.005,0.001671,2,,22/02/2023 - 09:41
Buah-buahan,Jambu,2022,0,214.6028,0,0,0,0,0,0,0,2.382091,0,212.2207,0.7695,2.1083,0.8471,0.0156,0.005187,2,,22/02/2023 - 09:46
Buah-buahan,Mangga,2022,0,3308.8947,2.5755,0,0,0,0,0,0,36.7573,0,3247.7129,12,32,7.8124,0.077,0.0278,1,,22/02/2023 - 09:52
,,2022,0,1032.7561,2.0467,0,0,0,0,0,0,11.486311,1023.3165,1023.3165,3.7107,10.1663,2.4139,0.0238,0.008591,2,,22/02/2023 - 10:00
,,,,,,,,,,,,,,,,,,,,,,
Buah-buahan,Nanas,2022,0,3203,0.0435,0,0,0,0,0,0,35.5624,0,3168,11,31,3,0.0523,0.0253,1,,22/02/2023 - 10:17
,,,,,,,,,,,,,,,,,,,,,,
Buah-buahan,Pepaya,2022,0,1089.5781,0,0,0,0,0,0,0,12.0943,,1077.4838,3.9514,10.8258,2.8012,0.0309,0,1,,22/02/2023 - 10:25
Buah-buahan,Pisang,2021,0,8741.1467,0,12.7665,0,0,0,0,0,96.885,0,8631.3495,31.6535,86.7219,41.8867,0.4553,0.1366,0,,22/02/2023 - 10:46
Buah-buahan,Rambutan,2022,0,855.1622,0,0,0,0,0,0,0,9.4923,0,845.6699,3.103,8.4967,0.938,0.0122,0.0014,1,,22/02/2023 - 10:50
Buah-buahan,Salak,2022,0,1147.4735,0,0,0,0,0,0,0,12.737,0,1134.7365,4.1614,11.4011,10.3168,0.0359,0.0122,1,,22/02/2023 - 11:09
Buah-buahan,Sawo,2022,0,167.4404,0,0,0,0,0,0,0,1.8586,0,165.5818,0.6072,1.6637,0.8747,0.0091,0.0256,1,,22/02/2023 - 11:15
Buah-buahan,Melon,2022,0,118.6958,0,0,0,0,0,0,0,1.3175,0,117.3783,0.4305,1.1793,0.2531,0.0041,0.0027,1,,22/02/2023 - 11:28
Buah-buahan,Semangka,2022,0,367.8165,0,0,0,0,0,0,0,4.0828,0,363.7337,1.3339,3.6545,0.2165,0.0039,0.0015,1,,22/02/2023 - 11:47
Buah-buahan,Belimbing,2022,0,128.6323,0,0,0,0,0,0,0,1.4278,0,127.2045,0.4665,1.2781,0.3403,0.0017,0.0017,1,,22/02/2023 - 13:31
Buah-buahan,Manggis,2022,0,343.6627,0.015,0,0,0,0,0,0,3.8148,0,339.8629,1.2464,3.4147,0.6239,0.0059,0.0059,1,,22/02/2023 - 13:44
Buah-buahan,Nangka/cempedak,2022,0,813.756,0,0,0,0,0,0,0,9.0327,0,804.7234,2.9511,8.0853,0.6719,0.0077,0.0018,1,,22/02/2023 - 14:03
,,2022,0,0,0,0,0,0,0,0,0,0,0,0,0,0,0,0,0,2,,22/02/2023 - 14:00
Buah-buahan,Markisa,2022,0,0,0,0,0,0,0,0,0,0,0,0,0,0,0,0,0,2,,22/02/2023 - 14:02
Buah-buahan,Sirsak,2022,0,142.3901,0,0,0,0,0,0,0,1.5805,0,140.8096,0.5164,1.4148,0.6253,0.0096,0.0029,1,,22/02/2023 - 14:17
Buah-buahan,Sukun,2022,0,165.0324,0,0,0,0,0,0,0,1.8319,0,163.2006,0.5985,1.6397,1.7748,0.0216,0.0029,1,,22/02/2023 - 14:24
Buah-buahan,Apel,2022,0,523.5955,175.5014,0,0,0,0,0,0,7.76,0,621.2884,2.2784,6.2423,2.6615,0.0236,0.0187,1,,22/02/2023 - 14:35
Buah-buahan,Anggur,2022,0,13.5159,106.0676,0,0,0,0,0,0,1.3274,0,118.2561,0.4337,1.1882,0.4753,0.0059,0.0024,1,,22/02/2023 - 14:44
Buah-buahan,Strobery,2022,0,28.8952,1.3022,0,0,0,0,0,0,0.3352,0,29.8622,0.1095,0.3,0.111,0.0019,0.0034,1,,22/02/2023 - 14:56
Buah-buahan,Blewah,2022,0,0,0,0,0,0,0,0,0,0,0,0,0,0,0,0,0,2,,22/02/2023 - 14:59
Buah-buahan,Lemon,2022,0,54.233,0,0,0,0,0,0,0,0.602,0,47.4678,0.1741,0.4769,0.1151,0.0017,0.0027,1,,
Buah-buahan,Jeruk Besar,2022,0,132.9793,0,0,0,0,0,0,0,1.4761,0,131.5032,0.4823,1.3213,0.3932,0.0049,0.0016,1,,22/02/2023 - 15:09
Buah-buahan,Buah Ara(Buah Tin),2022,0,0,0.0282,0,0,0,0,0,0,0.000304,0,0.0279,0.0001,0.0003,0.0002,0,0,1,,22/02/2023 - 15:32
Buah-buahan,Kurma,2022,0,0,61.3919,0,0,0,0,0,0,0.6814,0,60.7104,0.2226,0.61,1.8055,0.0152,0,1,,22/02/2023 - 15:35
Buah-buahan,Pir,2022,0,0,177.9604,0,0,0,0,0,0,1.9754,0,175.985,0.6454,1.7682,1.167,0.0071,0,1,,22/02/2023 - 15:40
Buah-buahan,"Aprikot,Ceri Dan Persik",2022,0,0,0.122,0,0,0,0,0,0,0.0135,0,2.5222,0.0092,0.0253,0.0086,0.0038,0.0001,1,,23/02/2023 - 09:24
Buah-buahan,Rasberry Dan Blackberry,2022,0,0,0.8998,0,0,0,0,0,0,0.01,0,0.8898,0.0033,0.0089,0.0021,0.0002,0,1,,23/02/2023 - 11:50
Buah-buahan,Kiwi,2022,0,0,4.4359,0,0,0,0,0,0,0.0492,0,4.2867,0.0161,0.0441,0.0203,0.0004,0.0002,1,,23/02/2023 - 11:54
Buah-buahan,Kesemek,2022,0,0,0.2451,0,0,0,0,0,0,0.0027,0,0.2424,0.0009,0.0024,0.0019,0,0,1,,23/02/2023 - 12:05
Buah-buahan,Lengkeng,2022,0,41.8172,71.6657,0,0,0,0,0,0,1.2597,0,112.2232,0.4116,1.1275,0.7893,0.009,0.0034,1,,23/02/2023 - 12:08
Buah-buahan,Leci,2022,0,0,5.2015,0,0,0,0,0,0,0.0577,0,5.1438,0.0189,0.0517,0.0398,0.0004,0.0003,1,,23/02/2023 - 12:20
Buah-buahan,Buah Naga,2022,0,367.3002,0,0,0,0,0,0,0,4.077,0,363.2232,1.332,3.6494,1.8612,0.0285,0.0139,1,,23/02/2023 - 12:25
Sayur-sayuran,Kangkung,2021,0,341.1963,0,0,0,0,1.9789,0,0,6.243892,0,332.9734,1.2211,3.3455,0.3934,0.0478,0.009836,0,,23/02/2023 - 14:19
Sayur-sayuran,Kangkung,2022,0,329.616,0,0,0,0,1.9118,0,0,6.031973,0,321.6723,1.1797,3.2319,0.3801,0.0462,0.009502,1,,24/02/2023 - 09:34
Sayur-sayuran,Lobak,2022,0,0,0,0,0,0,0,0,0,0,0,0,0,0,0,0,0,2,,24/02/2023 - 09:37
Sayur-sayuran,Labu Siam,2022,0,461.8043,15.1401,0,0,0,2.0509,0,0,9.443499,0,465.45,1.7069,4.6765,1.1645,0.0233,0.003882,1,,24/02/2023 - 09:42
Sayur-sayuran,Buncis,2022,0,325.6021,0.5689,0,0,0,1.4352,0,0,6.425567,0,298.8878,1.0961,3.003,0.827,0.0584,0.007297,1,,24/02/2023 - 09:49
Sayur-sayuran,Bawang Putih,2022,30.5823,18.3494,574.634,0,0,0,1.4232,0,0,0.118597,0,591.4416,2.169,5.9424,4.3717,0.2071,0.010459,1,,24/02/2023 - 10:08
Sayur-sayuran,Kembang Kol,2022,0,192.1211,2.1753,0,0,0,0,0,0,4.682545,0,189.6139,0.6954,1.9051,0.2715,0.0261,0.002172,1,,24/02/2023 - 10:11
Sayur-sayuran,Jamur,2022,0,57.3751,1.7757,0,0,0,0,0,0,1.425535,0,57.7253,0.2093,0.5735,0.41,0.0568,0.004588,2,,24/02/2023 - 10:18
Sayur-sayuran,Melinjo,2022,0,262.4049,0,0,0,0,0,0,0,6.323958,0,256.081,0.9391,2.5729,1.0189,0.0772,0.010806,1,,24/02/2023 - 10:29
Sayur-sayuran,Petai,2022,0,387.6912,0,0,0,0,0,0,0,9.343358,0,378.3478,1.3875,3.8014,0.6993,0.0512,0.009579,1,,24/02/2023 - 10:40
Sayur-sayuran,Jengkol,2022,0,155.9089,0,0,0,0,0,0,0,3.757404,0,152.1515,0.558,1.5287,1.7913,0.0806,0.00128,1,,24/02/2023 - 10:57
Sayur-sayuran,Buncis,2021,0,320.7737,1.4567,0.2642,0,0,1.4167,0,0,6.342735,,294.7844,1.0811,2.9618,0.8157,0.0576,0.007197,0,,15/02/2024 - 09:40
Sayur-sayuran,Bayam,2021,0,171.7057,0.068,0.0029,0,0,0.7558,0,0,3.383885,,167.6311,0.6147,1.6842,0.1358,0.0077,0.003348,0,,15/02/2024 - 09:49
Sayur-sayuran,Bawang Putih,2021,45.0916,27.0549,505.5673,0.0104,0,0,1.2783,0,0,12.835946,,518.4977,1.9015,5.2095,3.8325,0.1815,0.009169,0,,15/02/2024 - 09:50
Sayur-sayuran,Kembang Kol,2021,0,203.3847,1.3626,0.0056,0,0,0,0,0,4.934276,,199.8075,0.7327,2.0075,0.2861,0.0275,0.002289,0,,16/02/2024 - 14:54
Sayur-sayuran,Jamur,2021,0,80.5265,6.678,3.6822,0,0,0,0,0,2.012886,,81.5094,0.2989,0.819,0.5855,0.0811,0.006552,1,,
Sayur-sayuran,Melinjo,2021,0,292.1666,0,0,0,0,0,0,0,7.041216,,285.1254,1.0456,2.8647,1.1344,0.0859,0.012032,0,,16/02/2024 - 14:57
Sayur-sayuran,Petai,2021,0,387.6912,0,0,0,0,0,0,0,9.343358,,378.3478,1.3875,3.8014,0.6993,0.0512,0.009579,0,,16/02/2024 - 15:00
Sayur-sayuran,Jengkol,2021,0,152.6092,0,0,0,0,0,0,0,3.677882,,148.9313,0.5462,1.4964,1.7534,0.0789,0.001252,0,,16/02/2024 - 15:04
Sayur-sayuran,Jengkol,2020,0,129.1432,0,0,0,0,0,0,0,3.112351,,126.0309,0.4664,1.2779,1.4974,0.0674,0.00107,0,,
Sayur-sayuran,Petai,2020,0,350.6381,0,0,0,0,0,0,0,8.450377,,342.1877,1.2664,3.4696,0.6383,0.0467,0.008743,0,,
Sayur-sayuran,Melinjo,2020,0,255.9854,0,0,0,0,0,0,0,6.169249,,249.8162,0.9245,2.533,1.0031,0.076,0.010639,0,,
Sayur-sayuran,Jamur,2020,33.6885,0,6.6714,2.2841,0,0,0,0,0,0.917626,,37.1581,0.1375,0.3768,0.2694,0.0373,0.003014,0,,
Sayur-sayuran,Kembang Kol,2020,0,204.2377,1.4075,0.0884,0,0,0,0,0,4.95392,,200.6029,0.7424,2.034,0.2898,0.0278,0.002319,0,,
Sayur-sayuran,Bawang Putih,2020,81.8046,49.0828,594.2677,0.1948,0,0,49.0828,0,0,0.155,,593.9178,2.198,6.022,4.4303,0.2099,0.010599,0,,
Sayur-sayuran,Bayam,2020,0,157.0242,0.0222,0.0044,0,0,0.691,0,0,3.093457,,153.2576,0.5672,1.554,0.1253,0.0071,0.003089,0,,
Sayur-sayuran,,2020,0,305.923,0.5554,0.1134,0,0,1.348,0,0,6.020476,0,298.9965,1.1066,3.0317,0.8349,0.0589,0.007367,0,,27/02/2023 - 09:21
Sayur-sayuran,Buncis,2020,0,305.923,0.5554,0.1134,0,0,1.348,0,0,6.020476,0,298.9965,1.1066,3.0317,0.8349,0.0589,0.007367,0,,27/02/2023 - 09:26
Telur,Telur Ayam Buras,2020,0,358.8615,0,0,0,0,89.7154,0,0,13.852054,0,255.2941,0.9448,2.5885,3.2103,0.2106,0.246947,0,,28/02/2023 - 13:07
Telur,Telur Ayam Ras,2020,0,5141.57,2.0189,0.0085,0,0,0,0,0,105.443397,0,5038.1369,18.6457,51.0841,63.0142,5.0757,4.418261,0,,28/02/2023 - 13:12
Telur,Telur Ayam Buras,2019,0,246.692,0,0,0,0,61.673,0,0,9.522311,0,175.4967,0.6575,1.8014,2.2341,0.1466,0.171853,0,,28/02/2023 - 13:27
Telur,Telur Ayam Buras,2021,0,381.613,0,0,0,0,95.4033,0,0,14.730262,0,271.4795,0.9956,2.7276,3.3828,0.2219,0.260217,1,,28/02/2023 - 13:36
Telur,Telur Ayam Buras,2022,0,275.24,0,0,0,0,68.81,0,0,10.624264,0,195.8057,0.71,1.9453,2.4125,0.1583,0.185579,2,,28/02/2023 - 13:44
Telur,Telur Ayam Ras,2019,0,4753.382,3.2012,0.0044,0,0,0.04,0,0,97.509865,0,4659.0289,17.4553,47.8228,58.9913,4.7517,4.13619,0,,28/02/2023 - 15:04
Telur,Telur Itik,2019,0,328.686,0,0.0029,0,0,44.3722,0,0,12.884377,0,271.4265,1.0169,2.7861,4.4919,0.278,0.365373,0,,28/02/2023 - 15:10
Telur,Telur Itik,2020,0,349.2975,0,0,0,0,47.1552,0,0,13.692463,0,288.4499,1.0675,2.9247,4.7155,0.2918,0.383558,0,,28/02/2023 - 15:23
Buah Biji Berminyak,Kacang Tanah/Minyak,2019,63.0448,32.7833,0,0,0,0,0,0,0,0,0,32.7833,0.1228,0.3365,3.0353,0,0.336505,0,,01/03/2023 - 08:38
Buah Biji Berminyak,Kacang Tanah/Minyak,2020,63.9786,33.2689,0,0.0013,0,0,0,0,0,0,0,33.2676,0.1231,0.3373,3.0426,0,0.337316,0,,01/03/2023 - 08:45
Buah Biji Berminyak,Kacang tanah berkulit,2021,0,698.3594,3.0413,2.0288,0,0,0,664.4033,0,34.968596,0,0,0,0,0,0,0,0,,
Buah Biji Berminyak,Kacang tanah lepas kulit,2021,664.4033,398.642,275.8502,1.5559,0,0,22.9134,60.968,0,20.59185,0,568.463,2.0847,5.7115,31.2992,1.6049,2.47309,0,,
Buah Biji Berminyak,Kedelai,2021,0,215.188,2536.0001,2.2375,0,3.8485,6.844,0,14.062,69.273556,0,2654.9225,9.7363,26.6748,101.6311,10.7766,4.454697,1,,01/03/2023 - 13:01
Buah Biji Berminyak,Kacang Hijau,2021,0,211.176,124.0666,31.1989,0,6.0809,4.7325,0,0,7.813923,0,285.4164,1.0467,2.8677,9.6726,0.5813,0.051618,0,,
Buah Biji Berminyak,Kelapa Berkulit/daging,2021,0,11510.0149,4.9226,814.1767,0,0,0,6772.5115,0,390.577767,0,3537.6715,12.9736,35.5441,67.6297,0.6405,6.536913,0,,
Buah Biji Berminyak,Kelapa daging/kopra,2021,6772.5115,1693.1279,1.8282,41.9276,0,0,0,1042.0692,0.0619,18.018011,0,592.8794,0,0,0,0,0,0,,
Buah Biji Berminyak,Kacang Tanah/Minyak,2021,60.968,31.7034,0,0,0,0,0,0,0,0,0,31.7033,0.1163,0.3185,2.8732,0,0.318533,0,,
Telur,Telur Ayam Ras,2021,0,5155.998,1.5552,0.0143,0,0,0,0,0,105.729548,0,5051.8094,18.5263,50.7571,62.6109,5.0432,4.389982,1,,01/03/2023 - 13:59
Telur,Telur Itik,2021,0,363.135,0,0,0,0,49.0232,0,0,14.234892,0,299.8769,1.0997,3.013,4.8577,0.3006,0.395128,1,,01/03/2023 - 14:04
Buah Biji Berminyak,Kacang tanah berkulit,2022,0,666.5404,0,0,0,0,0,633.2133,0,33.327018,0,0,0,0,0,0,0,0,,
Buah Biji Berminyak,Kacang tanah lepas kulit,2022,633.2133,379.928,369.42,2.2424,0,0,21.4187,67.6878,0,22.861433,0,635.1377,2.3292,6.3814,34.9702,1.7932,2.763158,0,,
Buah Biji Berminyak,Kedelai,2022,0,300.883,1895.3391,0,0,3.0747,14.7106,0,0,55.344796,0,2123.092,7.6987,21.0923,80.3615,8.5213,3.522406,2,,01/03/2023 - 14:36
Buah Biji Berminyak,Kacang Hijau,2022,0,132.539,99.33,36.1935,0,3.9135,3.3803,0,0,5.028861,0,183.3528,0.6724,1.8422,6.2138,0.3734,0.03316,0,,
Buah Biji Berminyak,Kelapa Berkulit/daging,2022,0,11468.2148,2.192,103.9921,0,0,0,7193.8039,0,414.874136,0,3757.7367,13.7806,37.7552,71.8367,0.6803,6.94355,0,,
Buah Biji Berminyak,Kelapa daging/kopra,2022,7193.8039,1798.451,2.772,34.6425,0,0,0,1524.0522,0.0001,19.255727,0,223.2725,0,0,0,0,0,0,,
Buah Biji Berminyak,Kacang Tanah/Minyak,2022,67.6878,35.1976,4.012,1.9951,0,0,0,0,0,0,0,37.2146,0.1365,0.3739,3.3726,0,0.373906,0,,
Telur,Telur Ayam Ras,2022,0,5040.909,1.189,0.3253,0,0,0,0,0,103.356341,0,4938.4164,17.9075,49.0616,60.5195,4.8748,4.243339,2,,01/03/2023 - 15:08
Telur,Telur Itik,2022,0,360.248,0,0,0,0,48.6335,0,0,14.121722,0,297.4928,1.0788,2.9555,4.7651,0.2949,0.387592,2,,01/03/2023 - 15:12
Padi - Padian,Beras,2022,51544,31541,429,1,4064,47,0,0,0,698,0,27159,99.6,272.88,985,23.93,4.37,0,,09/06/2023 - 13:59
Padi - Padian,Jagung,2022,22357,16527,1082,162,398,1593,58,0,11443,788,3168,218,0.8,2.19,7,0.14,0.11,0,,09/06/2023 - 14:04
Padi - Padian,Jagung basah,2022,0,498,4,2,0,0,0,0,0,0,0,500,1.84,5.03,1,0.02,0.01,0,,09/06/2023 - 14:09
Padi - Padian,Gandum,2022,0,0,9470,0,0,0,0,9467,3,0,0,0,0,0,0,0,0,0,,09/06/2023 - 14:11
Padi - Padian,Tepung Gandum,2022,9230,6646,67,49,0,0,0,0,0,30,0,6634,24.33,66.65,222,6,0.67,0,,09/06/2023 - 14:15
Padi - Padian,Gabah,2020,0,54649,0,0,0,240,276,51182,0,2951,0,0,0,0,0,0,0,0,,09/06/2023 - 15:07
Padi - Padian,Beras,2020,51182,31334,357,1,-995,56,0,0,0,817,0,31813,117.74,322.57,1164,28.29,5.16,0,,09/06/2023 - 15:10
Padi - Padian,Jagung,2020,16926,16926,1239,114,928,3710,0,0,10026,878,2248,262,0.97,2.65,8.76,0.17,0.14,0,,09/06/2023 - 15:45
Padi - Padian,Jagung basah,2020,0,850,4,1,0,0,0,0,0,0,0,853,2.87,7.86,0.8,0.03,0.01,0,,09/06/2023 - 15:49
Padi - Padian,Gandum,2020,0,0,10310,0,0,0,0,10310,0,0,0,0,0,0,0,0,0,0,,09/06/2023 - 15:50
Padi - Padian,Tepung Gandum,2020,10052,7238,79,58,0,0,0,0,0,33,0,7226,26.74,73.27,244,6.59,0.73,0,,09/06/2023 - 15:53
Gula,Gula Pasir,2020,0,2.131,317,42,317,0,0,0,408,300,0,6.582,24.36,66.73,243,0,0,0,,22/06/2023 - 14:04
Gula,Gula Pasir,2021,0,2.419,5.568,314,289,0,0,0,476,304,0,6.604,24.22,66.35,242,0,0,1,,22/06/2023 - 14:06
Gula,Gula Pasir,2022,0,2.345,4.624,224,-2,0,0,0,340,278,0,6.129,22.23,60.89,222,0,0,2,,22/06/2023 - 14:07
Gula,Gula Mangkok,2020,0,713,0,0,0,0,0,0,0,0,0,713,2.64,7.23,27,0.22,0.72,0,,22/06/2023 - 14:09
Gula,Gula Mangkok,2021,0,715,0,0,0,0,0,0,0,0,0,715,2.62,7.19,27,0.22,0.72,1,,22/06/2023 - 14:10
Gula,Gula Mangkok,2022,0,729,0,21,0,0,0,0,0,0,0,709,2.57,7.04,27,0.21,0.7,2,,22/06/2023 - 14:11
Susu,Susu Sapi,2020,0,947,0,0,0,95,0,0,0,0,0,852,3.15,8.64,5,0.28,0.3,0,,22/06/2023 - 14:24
Susu,Susu Sapi,2021,0,963,0,128,0,84,0,0,0,1,0,751,2.75,7.54,5,0.24,0.26,1,,22/06/2023 - 14:25
Susu,Susu Sapi,2022,0,1.02,0,87,0,93,0,0,0,1,0,839,3.04,8.34,5,0.27,0.29,#NAME?,,22/06/2023 - 14:26
Susu,Susu Impor,2020,0,0,1.425,110,0,0,0,0,0,0,0,1.315,4.87,13.33,8,0.43,0.47,0,,22/06/2023 - 14:30
Susu,Susu Impor,2021,0,0,1.571,0,0,0,0,0,0,0,0,1.571,5.76,15.79,10,0.51,0.55,1,,22/06/2023 - 14:32
Susu,Susu Impor,2022,0,0,519,0,0,0,0,0,0,0,0,519,1.88,5.16,3,0.17,0.18,2,,22/06/2023 - 14:32
Makanan berpati,Ubi Jalar,2021,0,1545.721,0.0004,12.9598,0,30.6552,0,0,0,0.751053,0,1501.2435,5.5055,15.0835,14.103,0.1154,0.112824,0,,15/01/2024 - 14:28
Makanan berpati,Ubi Jalar,2022,0,1990.263,0,14.9378,0,39.5065,0,0,0,0.967909,0,1934.8508,7.0956,19.44,18.1764,0.1487,0.145412,0,,15/01/2024 - 15:44
Makanan berpati,Ubi Jalar,2023,0,1683.718,0,14.9378,0,33.3756,0,0,0,0.817702,0,1634.5869,5.8651,16.0688,15.0244,0.1229,0.120195,1,,15/01/2024 - 15:51
Padi - Padian,Gabah,2021,0,54415,0,0,0,239,269,51229,0,2677,0,0,0,0,0,0,0,0,,16/01/2024 - 15:13
Padi - Padian,Beras,2021,51229,31356,408,4,-149,54,0,0,1,798,0,31056,113.89,312.03,1.126,27.37,4.99,0,,16/01/2024 - 15:17
Daging,Daging Sapi,2023,575.6868,413.8612,193.4138,0.081,0,0,0,0,0,0.485755,0,606.7083,2.177,5.9643,12.346,1.1213,0.834995,1,,16/01/2024 - 15:52
Daging,Daging Kerbau,2023,20.0256,14.078,0,0,0,0,0,0,0,0.011262,0,14.0667,0.0505,0.1383,0.1162,0.0259,0.000691,1,,17/01/2024 - 06:49
Daging,Daging Kambing,2023,71.053,48.1952,0,0,0,0,0,0,0,0.038556,0,48.1567,0.1728,0.4734,0.729,0.0786,0.043553,1,,17/01/2024 - 06:53
Daging,Daging Domba,2023,59.8436,43.2789,3.4495,0,0,0,0,0,0,0.037383,0,46.691,0.1675,0.459,1.1934,0.0753,0.097766,1,,17/01/2024 - 07:02
Daging,Daging Kuda,2023,1.3591,0.9824,0,0.0009,0,0,0,0,0,0.000785,0,0.9807,0.0035,0.0096,0.0109,0.0017,0.000395,1,,17/01/2024 - 07:06
Daging,Daging Babi,2023,167.9442,113.312,3.2895,0,0,0,0,0,0,0.093281,0,116.5082,0.418,1.1453,4.7703,0.1489,0.458134,1,,17/01/2024 - 07:42
Daging,Daging Ayam Buras,2023,0,143.7907,0,0,0,0,0,0,0,0.115033,0,143.6757,0.5155,1.4124,2.474,0.1491,0.204799,1,,17/01/2024 - 07:44
Daging,Daging Ayam Ras,2023,0,3911.8982,0.0092,0.6361,0,0,0,0,0,3.129017,0,3908.1422,14.0229,38.419,67.2948,4.0555,5.57076,1,,17/01/2024 - 07:48
Daging,Daging Itik,2023,0,37.0755,0,0.0067,0,0,0,0,0,0.029655,0,37.0391,0.1329,0.3641,0.6816,0.0299,0.060734,1,,17/01/2024 - 07:51
Daging,Jeroan semua jenis,2023,0,575.0614,52.7267,0,0,0,0,0,0,0,0,627.7881,2.2526,6.1715,7.8378,0.9689,0.394975,1,,17/01/2024 - 07:54
Daging,Daging Puyuh,2023,0,1.6458,0,0,0,0,0,0,0,0.001317,0,1.6445,0.0059,0.0162,0.0319,0.0016,0.002813,1,,17/01/2024 - 07:56
Makanan berpati,Ubi Kayu,2021,0,17491.513,178.4052,1148.0431,0,330.4375,0,0,694.5513,7.451366,0.5615,15488.8734,56.8019,155.6215,203.7086,1.3228,0.396835,0,,17/01/2024 - 10:45
Makanan berpati,Ubi Kayu,2022,0,18172.713,1035.917,633.5987,0,371.5006,0,0,0,7.857238,0,18195.6733,66.7284,182.8176,239.3082,1.5539,0.466185,0,,17/01/2024 - 10:48
Padi - Padian,Gabah,2023,0,53981,0,0,0,238,264,48719,0,2656,0,0,0,0,0,0,0,1,,17/01/2024 - 10:51
Padi - Padian,Beras,2023,48719,31101,3408,1,4134,52,0,0,0,759,0,29563,106.08,290.62,1,25.49,4.65,1,,17/01/2024 - 10:56
Makanan berpati,Ubi Kayu,2023,0,17135.13,94.567,633.5987,0,331.922,0,0,64.7729,7.02015,0,16192.3832,58.1005,159.1794,208.3658,1.353,0.405907,1,,17/01/2024 - 10:56
Makanan berpati,Sagu/Tepung sagu,2021,917.7678,367.1071,0.2371,12.1192,0,0,0,0,0,2.55762,0,352.6673,1.2933,3.5434,11.9766,0.0213,0.01063,0,,17/01/2024 - 11:00
Padi - Padian,Jagung,2023,19986,14774,1181,92,356,1424,51,0,12330,716,0,216,0.77,2.12,7,0.14,0.11,1,,17/01/2024 - 11:01
Makanan berpati,Sagu/Tepung sagu,2022,964.7628,385.9051,0.356,2.5766,0,0,0,0,0,2.762529,0,380.922,1.3969,3.8272,12.9361,0.023,0.011482,0,,17/01/2024 - 11:02
Padi - Padian,Jagung basah,2023,0,218,4,2,0,0,0,0,0,0,0,221,0.79,2.17,0,0.01,0,1,,17/01/2024 - 11:04
Makanan berpati,Sagu/Tepung sagu,2023,983.2112,393.2845,0.352,12.2471,0,0,0,0,0,2.746003,0,378.6434,1.3586,3.7223,12.5812,0.0223,0.011167,1,,17/01/2024 - 11:06
Padi - Padian,Tepung Gandum,2023,10613,7641,77,49,0,0,0,0,0,35,0,7635,27.4,75.06,250,6.76,0.75,1,,17/01/2024 - 11:09
Padi - Padian,Gandum,2023,0,0,10885,0,0,0,0,10885,0,0,0,0,0,0,0,0,0,1,,17/01/2024 - 11:16
Buah-buahan,Alpokat,2023,0,628.2084,0,0.06,0,0,0,0,0,6.969922,0,620.951,2.2281,6.1043,3.1651,0.0335,0.242034,2,,17/01/2024 - 11:21
Telur,Telur Ayam Buras,2023,0,214.7271,0,0,0,0,53.6818,0,0,0,0,161.041,0.5778,1.5831,1.9634,0.1288,0.151029,1,,17/01/2024 - 11:21
Buah-buahan,Jeruk,2023,0,2461.8728,112.1613,0.2501,0,0,0,0,0,28.563613,0,2544.7348,9.1309,25.016,5.5291,0.0941,0.028418,2,,17/01/2024 - 11:26
Telur,Telur Ayam Buras,2021,0,381,0,0,0,0,95,0,0,0,0,286,1.0496,2.8756,3.5663,0.234,0.274329,0,,17/01/2024 - 11:45
Telur,Telur Ayam Buras,2022,0,275.24,0,0,0,0,68.81,0,0,0,0,206.4245,0.757,2.074,2.5722,2.5722,0.197861,0,,17/01/2024 - 11:52
Telur,Telur Ayam Ras,2021,0,5155,1,0,0,0,0,0,0,0,0,5157,18.9136,51.818,63.9196,5.1486,4.48174,0,,17/01/2024 - 13:14
Buah-buahan,Duku,2023,0,110.1085,0,0,0,0,0,0,0,1.222204,0,108.8863,0.3907,1.0704,0.4316,0.0069,0.00137,2,,17/01/2024 - 13:16
Telur,Telur Ayam Ras,2022,0,5040.909,2.0434,0.3253,0,0,0,0,0,0,0,5042.6271,18.4927,50.6648,62.4971,5.0341,4.382002,0,,17/01/2024 - 13:20
Buah-buahan,Durian,2023,0,1044.0813,0.1657,0.5448,0,0,0,0,0,11.585095,0,1032.1171,3.7034,10.1462,2.9911,0.0558,0.066965,2,,17/01/2024 - 13:25
Buah-buahan,Jambu,2023,0,315.2008,0,0,0,0,0,0,0,3.498597,0,311.6904,1.1184,3.0641,1.2311,0.0226,0.007538,2,,17/01/2024 - 13:28
Telur,Telur Ayam Ras,2023,0,6116.0747,1.6447,1.7828,0,0,0,0,0,0,0,6115.9366,21.9448,60.1228,74.1639,5.9738,5.20002,1,,17/01/2024 - 13:31
Padi - Padian,Gabah,2022,0,54749,0,0,0,241,270,51544,0,2694,0,0,0,0,0,0,0,0,,17/01/2024 - 13:34
Buah-buahan,Jambu Air,2023,0,153.3446,0,0,0,0,0,0,0,1.702125,0,151.6424,0.5441,1.4907,0.6172,0.008,0.002683,2,,17/01/2024 - 13:36
Buah-buahan,Mangga,2023,0,1921.5732,2.2956,0,0,0,0,0,0,21.354944,0,1902.5139,6.8265,18.7027,4.4409,0.0438,0.015804,2,,17/01/2024 - 13:39
Telur,Telur Itik,2021,0,363,0,0,0,0,49.0232,0,0,0,0,314.1118,1.1519,3.156,5.0883,0.3149,0.413884,0,,17/01/2024 - 13:52
Buah-buahan,Mangga,2023,0,1921.5732,2.2956,0,0,0,0,0,0,21.354944,0,1902.5139,6.8265,18.7027,4.4409,0.0438,0.015804,2,,17/01/2024 - 13:54
Telur,Telur Itik,2022,0,360.248,0,0,0,0,48.6335,0,0,0,0,311.6145,1.1428,3.1309,5.0479,0.3124,0.410594,0,,17/01/2024 - 13:58
Makanan berpati,Ubi Jalar,2020,0,1604.184,0,13.1889,0,12.2507,0,0,0,77.958762,0,1500.7857,5.5543,15.2172,14.2281,0.1164,0.113825,0,,17/01/2024 - 14:01
Buah-buahan,Nanas,2023,0,1874.4034,0.099,170.9412,0,0,0,0,0,18.909529,0,1684.6517,6.0448,16.561,1.7906,0.0272,0.013166,2,,17/01/2024 - 14:01
Makanan berpati,Ubi Kayu,2020,0,16271.022,533.19,298.2039,0,70.9758,0,0,5.0256,698.20414,0,15731.8025,58.222,159.5122,208.8015,1.3559,0.406756,0,,17/01/2024 - 14:06
Makanan berpati,Sagu/Tepung sagu,2020,916.985,366.794,0.1267,13.1748,0,0,0,0,0,2.54697,0,351.1989,1.2998,3.561,12.0361,0.0214,0.010683,0,,17/01/2024 - 14:08
Telur,Telur Itik,2023,0,228.5167,0,0,0,0,30.8498,0,0,0,0,197.667,0.7093,1.9432,3.1329,0.1939,0.254833,1,,17/01/2024 - 14:10
Makanan berpati,Ubi Jalar,2019,0,1515.739,0.02,11.5892,0,11.5821,0,0,0,73.704321,0,1418.8834,5.3159,14.5642,13.6175,0.1114,0.10894,0,,17/01/2024 - 14:17
Makanan berpati,Ubi Kayu,2019,0,16350.37,1229.6467,35.597,0,75.441,0,0,5,742.128956,0,16721.8498,62.6493,171.642,224.6794,1.459,0.437687,0,,17/01/2024 - 14:19
Buah-buahan,Pepaya,2023,0,897.2719,0,0.4288,0,0,0,0,0,9.954959,0,886.8882,3.1823,8.7186,2.2559,0.0248,0,2,,17/01/2024 - 14:19
Makanan berpati,Sagu/Tepung sagu,2019,899.5946,359.8378,0.2735,13.8926,0,0,0,0,0,2.492775,0,343.726,1.2878,3.5282,11.9253,0.0212,0.010585,0,,17/01/2024 - 14:21
Buah-buahan,Pisang,2023,0,6672.7638,0,1.1517,0,0,0,0,0,74.054894,0,6597.5572,23.6729,64.8574,31.3261,0.3405,0.10215,2,,17/01/2024 - 14:23
Buah-buahan,Rambutan,2023,0,523.7014,0.0025,0.2627,0,0,0,0,0,5.810198,0,517.631,1.8573,5.0886,0.5618,0.0073,0.000814,2,,17/01/2024 - 14:26
Buah-buahan,Salak,2023,0,842.5881,0,3.6168,0,0,0,0,0,9.312581,0,829.6587,2.9769,8.156,7.3804,0.0257,0.008743,2,,17/01/2024 - 14:36
Buah-buahan,Sawo,2023,0,124.4511,0,0.0024,0,0,0,0,0,1.38138,0,0,123.0673,1.2098,0.6361,0.0066,0.018637,2,,17/01/2024 - 14:52
Makanan berpati,Ubi Kayu/Tapioka,2017,7246.0308,2029.7005,321.553,8.663,0,0,0,0,416.9811,16.632393,0,1908.977,7.2892,0,0,0,0,0,,17/01/2024 - 14:56
Buah-buahan,Melon,2023,0,96.8922,0,0.0791,0,0,0,0,0,1.074625,0,95.7384,0.3435,0.9412,0.202,0.0033,0.002183,2,,17/01/2024 - 15:07
Buah-buahan,Semangka,2023,0,336.5655,0,0.9638,0,0,0,0,0,3.725179,0,331.8765,1.1908,3.2625,0.1933,0.0035,0.001351,2,,17/01/2024 - 15:09
Buah-buahan,Belimbing,2023,0,78.4577,0.2514,0.237,0,0,0,0,0,0.871041,0,77.6011,0.2784,0.7629,0.2031,0.0022,0.002231,2,,17/01/2024 - 15:11
Buah-buahan,Manggis,2023,0,239.8177,0,29.1254,0,0,0,0,0,2.338685,0,208.3536,0.7476,2.0482,0.3742,0.0036,0.003564,2,,17/01/2024 - 15:13
Minyak dan Lemak,Kopra/Minyak Goreng,2023,1055.9919,633.5952,50.107,301.1352,0,0,0,0,0,5.968045,0,376.599,1.3513,3.7022,32.2088,0.037,3.628117,1,,18/01/2024 - 09:29
Minyak dan Lemak,Minyak sawit,2023,0,47100.6829,0,3595.9463,0,0,0,14057.9508,26297.4874,1135.473627,0,2013.8248,0,0,0,0,0,1,,18/01/2024 - 09:32
Minyak dan Lemak,Minyak sawit/minyak goreng,2023,14057.9508,9598.7688,0.562,0,0.0104,0,0,0,851.8298,148.789467,0,8598.7012,30.8533,84.5296,762.4572,0,39.306277,1,,18/01/2024 - 09:34
Minyak dan Lemak,Lemak Sapi,2023,0,32.7279,52.7344,0,0,0,0,0,0,0,0,85.4623,0.3067,0.8401,6.8723,0.0126,0.756124,1,,18/01/2024 - 09:36
Minyak dan Lemak,Lemak Kerbau,2023,0,1.037,0,0,0,0,0,0,0,0,0,1.037,0.0037,0.0102,0.0834,0.0002,0.009175,1,,18/01/2024 - 09:38
Minyak dan Lemak,Lemak Kambing,2023,0,4.8255,0,0,0,0,0,0,0,0,0,4.8255,0.0173,0.0474,0.388,0.0007,0.042694,1,,18/01/2024 - 09:45
Minyak dan Lemak,Lemak Domba,2023,0,4.0809,0,0,0,0,0,0,0,0,0,4.0809,0.0146,0.0401,0.3282,0.0006,0.036106,1,,18/01/2024 - 09:48
Minyak dan Lemak,Lemak Babi,2023,0,18.3987,0.02,0,0,0,0,0,0,0,0,18.4187,0.0661,0.1811,1.6332,0,0.181066,1,,18/01/2024 - 09:50
Buah-buahan,Nangka/cempedak,2023,0,519.4669,0.0149,0.1538,0,0,0,0,0,5.764541,0,513.5635,1.8427,5.0486,0.4196,0.0048,0.001131,2,,24/01/2024 - 08:56
Buah-buahan,Sirsak,2023,0,103.1363,0,0,0,0,0,0,0,1.144813,0,101.9915,0.366,1.0026,0.4432,0.0068,0.002045,2,,24/01/2024 - 09:29
Buah-buahan,Sukun,2023,0,117.9388,0,0,0,0,0,0,0,1.309121,0,116.6297,0.4185,1.1465,1.241,0.0151,0.002018,2,,24/01/2024 - 09:36
Buah-buahan,Apel,2023,0,144.4062,103.0962,0.0015,0,0,0,0,0,2.74726,0,244.7536,0.8782,2.4061,1.0258,0.0091,0.007199,2,,24/01/2024 - 09:39
Buah-buahan,Anggur,2023,0,8.9998,95.2955,0.0013,0,0,0,0,0,1.157664,0,103.1364,0.3701,1.0139,0.4056,0.0051,0.002028,2,,24/01/2024 - 09:50
Buah-buahan,Strobery,2023,0,22.1238,1.0251,0.1538,0,0,0,0,0,0.256881,0,22.8856,0.0821,0.225,0.0832,0.0014,0.002551,2,,24/01/2024 - 10:06
Buah-buahan,Lemon,2023,0,40.9819,7.4367,0.0059,0,0,0,0,0,0.53738,0,47.8753,0.1718,0.4706,0.1136,0.0017,0.002673,2,,24/01/2024 - 11:23
Buah-buahan,Jeruk Besar,2023,0,81.4549,0.0076,0,0,0,0,0,0,0.904233,0,80.5582,0.2891,0.7919,0.2357,0.0029,0.000982,2,,24/01/2024 - 11:40
Buah-buahan,Kurma,2023,0,0,45.5879,0.3854,0,0,0,0,0,0.501748,0,44.7008,0.1604,0.4394,1.3007,0.011,0,2,,24/01/2024 - 12:22
Buah-buahan,Pir,2023,0,0,133.4186,0.0007,0,0,0,0,0,1.480939,0,131.937,0.4734,1.297,0.856,0.0052,0,2,,24/01/2024 - 13:43
Buah-buahan,"Aprikot,Ceri Dan Persik",2023,0,0,1.6906,0,0,0,0,0,0,0.018765,0,1.6718,0.006,0.0164,0.0056,0.0025,0.000049,2,,24/01/2024 - 14:17
Buah-buahan,Kiwi,2023,0,0,4.2185,0,0,0,0,0,0,0.046825,0,4.1717,0.015,0.041,0.0189,0.0004,0.000164,2,,24/01/2024 - 14:24
Buah-buahan,Kesemek,2023,0,0,0.1753,0.0002,0,0,0,0,0,0.001944,0,0.1732,0.0006,0.0017,0.0013,0,6.809019,2,,24/01/2024 - 14:26
Buah-buahan,Lengkeng,2023,0,42.7847,43.8273,0.8753,0,0,0,0,0,0.951677,0,84.785,0.3042,0.8335,0.5834,0.0067,0.0025,2,,24/01/2024 - 14:41
Buah-buahan,Leci,2023,0,0,7.8815,0.0026,0,0,0,0,0,0.087456,0,7.7915,0.028,0.0766,0.059,0.0005,0.00046,2,,24/01/2024 - 15:12
Buah-buahan,Buah Naga,2023,0,274.6141,0,0.2194,0,0,0,0,0,3.045781,0,271.3489,0.9736,2.6675,1.3604,0.0208,0.010136,2,,24/01/2024 - 15:14
Buah Biji Berminyak,Kedelai,2023,0,345.552,2322.2242,2.0861,0,9.0633,10.0604,0,0,67.175392,0,2579.3911,9.2552,25.3567,96.6092,10.2441,4.234574,2,,01/03/2024 - 15:16
Buah Biji Berminyak,Kedelai,2021,0,212.863,2536.0001,2.2375,0,9.3385,7.1216,0,0.0223,137.331281,0,2592.8119,9.5085,26.0508,99.2535,10.5245,4.350482,0,,01/03/2024 - 15:34
Buah Biji Berminyak,Kedelai,2022,0,301.518,2324.738,11.373,0,8.8906,9.2837,0,0.0007,65.895052,0,2530.813,9.2812,25.4279,96.8802,10.2729,4.246454,0,,
Sayur-sayuran,Bayam,2022,0,170.8214,0.0598,0,0,0,0.7519,0,0,3.366359,,166.7629,0.6116,1.6755,0.1351,0.0076,0.003331,1,,07/06/2024 - 14:26
Sayur-sayuran,Bawang Merah,2023,1675.393,1103.0788,0.9395,8.5625,,0,2.6291,0,0,23.7714,,1069.0553,3.8359,10.5094,3.3199,0.1277,0.0284,2,,07/06/2024 - 14:58
Sayur-sayuran,Ketimun,2023,0,319.6378,0.2561,0.1001,,0,2.2705,0,0,5.4365,,312.0868,1.1198,3.068,0.1475,0.0069,0.0026,2,,07/06/2024 - 15:04
Sayur-sayuran,Kacang Merah,2023,0,0,3.3377,0.1245,,0,0.0922,0,0,0.0006,,3.1204,0.0112,0.0307,0.0819,0.0043,0.0007,2,,07/06/2024 - 15:08
Sayur-sayuran,Kacang Panjang,2023,0,241.95,0,0.0167,,0,1.0645,0,0,4.7661,,236.1027,0.8472,2.321,0.4804,0.048,0.008,2,,07/06/2024 - 15:20
Sayur-sayuran,Kentang,2023,0,991.8827,152.4468,1.8799,,0,13.5952,0,0,12.9097,,1115.9448,4.0042,10.9703,4.8563,0.1641,0.0159,2,,07/06/2024 - 15:22
Sayur-sayuran,Kubis/Kol,2023,0,1144.5669,6.0875,32.1018,,0,0,0,0,26.9571,,1091.5954,3.9168,10.7309,1.4487,0.0845,0.0121,2,,07/06/2024 - 15:24
Sayur-sayuran,Tomat,2023,0,918.6263,14.9878,0.4555,,0,6.6254,0,0,15.7704,,910.7629,3.2679,8.9533,1.6161,0.0808,0.0255,2,,07/06/2024 - 15:26
Sayur-sayuran,Wortel,2023,0,530.6527,0.024,0.027,,0,0,0,0,12.7887,,517.8611,1.8582,5.0908,1.2902,0.0358,0.0215,2,,07/06/2024 - 15:28
Sayur-sayuran,Terong,2023,0,531.0523,0.0001,0.6457,,0,3.872,0,0,8.910832,,517.6238,1.8573,5.0885,1.6517,0.0678,0.026119,2,,07/06/2024 - 15:31
Sayur-sayuran,Petsai/Sawi,2023,0,538.0172,0,0,,0,0,0,0,12.966215,,525.051,1.884,5.1615,0.2964,0.0283,0.006736,2,,07/06/2024 - 15:32
Sayur-sayuran,Bawang Daun,2023,0,490.0225,0.014,0.0017,,0,3.4302,0,0,8.379595,,478.225,1.7159,4.7012,0.9134,0.0567,0.022049,2,,07/06/2024 - 15:35
Sayur-sayuran,Kangkung,2023,0,242.5241,0,0,,0,1.4066,0,0,4.438191,,236.6793,0.8492,2.3267,0.2736,0.0332,0.00684,2,,07/06/2024 - 15:36
Sayur-sayuran,Labu Siam,2023,0,294.6717,0.0001,0.5289,,0,1.2648,0,0,5.824028,,287.054,1.03,2.8219,0.7026,0.0141,0.002342,2,,07/06/2024 - 15:45
Sayur-sayuran,Buncis,2023,0,240.4039,1.6443,0,,0,1.065,0,0,4.76835,,236.2148,0.8476,2.3221,0.6395,0.0451,0.005643,2,,07/06/2024 - 15:47
Sayur-sayuran,Bayam,2023,0,127.8545,0.0411,0.0012,,0,0.5627,0,0,2.519522,,124.8122,0.4478,1.227,0.099,0.0056,0.002439,2,,07/06/2024 - 15:49
Sayur-sayuran,Bawang Putih,2023,32.0159,19.2095,574.639,0.1856,,0,1.4248,0,0,0.118733,,592.1194,2.1246,5.8208,4.2823,0.2028,0.010245,2,,07/06/2024 - 16:09
Sayur-sayuran,Kembang Kol,2023,0,143.2004,2.5073,0.1215,,0,0,0,0,3.508627,,142.0776,0.5098,1.3967,0.199,0.0191,0.001592,2,,07/06/2024 - 16:12
Sayur-sayuran,Melinjo,2023,0,158.5547,0,0,,0,0,0,0,3.821169,,154.7336,0.5552,1.5211,0.6024,0.0456,0.006389,2,,07/06/2024 - 16:14
Sayur-sayuran,Petai,2023,0,257.9414,0,0,,0,0,0,0,6.216388,,251.725,0.9032,2.4746,0.4552,0.0333,0.006236,2,,07/06/2024 - 16:15
Sayur-sayuran,Jengkol,2023,0,105.1105,0,0,,0,0,0,0,2.533162,,102.5773,0.3681,1.0084,1.1816,0.0532,0.000844,2,,07/06/2024 - 16:16
Daging,Daging Sapi,2024,597753.6148,429.7251,169.7945,0,0,0,0,0,0,0.479616,0,599.0399,2.1272,5.8281,12.0641,1.0957,0.815929,2,,17/01/2025 - 13:36
Daging,Daging Kerbau,2024,21.5973,15.1829,37.1578,0,0,0,0,0,0,0.041873,0,52.2988,0.1857,0.5088,0.4274,0.0951,0.002544,2,,17/01/2025 - 13:39
Daging,Daging Kambing,2024,70486.4441,47.811,0,0,0,0,0,0,0,0.038249,0,47.7727,0.1696,0.4648,0.7158,0.0772,0.04276,2,,17/01/2025 - 13:42
Daging,Daging Domba,2024,43221.4533,31.2578,3.975,0,0,0,0,0,0,0.028186,0,35.2046,0.125,0.3425,0.8905,0.0562,0.072954,2,,17/01/2025 - 13:45
Daging,Daging Kuda,2024,1329.302,0.9608,0,0,0,0,0,0,0,0.000769,0,0.9601,0.0034,0.0093,0.0106,0.0017,0.000383,2,,17/01/2025 - 13:47
Daging,Daging Babi,2024,160557.9672,108.3285,5.445,0,0,0,0,0,0,0.091019,0,113.6824,0.4037,1.106,4.6066,0.1438,0.442407,2,,17/01/2025 - 13:50
Daging,Daging Ayam Buras,2024,0,156.4546,0,0,0,0,0,0,0,0.125164,0,156.3295,0.5551,1.5209,2.6641,0.1605,0.220535,2,,17/01/2025 - 13:52
Daging,Daging Ayam Ras,2024,0,4067.2743,0.053,0,0,0,0,0,0,3.253862,0,4064.0734,14.4319,39.5394,69.2572,4.1738,5.733214,2,,17/01/2025 - 13:55
Daging,Daging Itik,2024,0,38.2564,0,0,0,0,0,0,0,0.030605,0,38.2257,0.1357,0.3719,0.6962,0.0306,0.062033,2,,17/01/2025 - 14:22
Daging,Daging Puyuh,2024,0,1.536,0,0,0,0,0,0,0,0.001229,0,1.5348,0.0055,0.0149,0.0294,0.0015,0.002598,2,,17/01/2025 - 14:24
Daging,Jeroan semua jenis,2024,0,593.1948,0,0,0,0,0,0,0,0,0,593.1948,2.1065,5.7712,7.3294,0.9061,0.369357,2,,17/01/2025 - 14:26
Minyak dan Lemak,Kopra/Minyak Goreng,2024,1157.2299,694.3379,58.603,0,0,0,0,0,0,11.745879,0,741.1951,2.632,7.2111,62.7365,0.0721,7.066872,2,,03/02/2025 - 07:58
Minyak dan Lemak,Minyak sawit,2024,0,47694.64,0,2348.6689,0,0,0,9282.4649,0,1183.529845,0,34879.9763,0,0,0,0,0,2,,03/02/2025 - 08:02
Minyak dan Lemak,Minyak sawit/minyak goreng,2024,9282.4649,6338.0671,0.736,0,-1.175,0,0,0,0,98.26966,0,6241.7084,22.1649,60.7256,547.7453,0,28.237423,2,,03/02/2025 - 08:06
Minyak dan Lemak,Lemak Sapi,2024,0,38.854,37.633,0,0,0,0,0,0,0,0,76.487,0.2716,0.7441,6.0871,0.0112,0.669728,2,,03/02/2025 - 08:08
Minyak dan Lemak,Lemak Kerbau,2024,0,1.0129,0,0,0,0,0,0,0,0,0,1.0129,0.0036,0.0099,0.0806,0.0001,0.008869,2,,03/02/2025 - 08:11
Minyak dan Lemak,Lemak Kambing,2024,0,5.5473,0,0,0,0,0,0,0,0,0,5.5473,0.0197,0.054,0.4415,0.0008,0.048573,2,,03/02/2025 - 08:13
Minyak dan Lemak,Lemak Domba,2024,0,3.3281,0,0,0,0,0,0,0,0,0,3.3281,0.0118,0.0324,0.2649,0.0005,0.029141,2,,03/02/2025 - 08:16
Minyak dan Lemak,Lemak Babi,2024,0,19.1385,0,0,0,0,0,0,0,0,0,19.1385,0.068,0.1862,1.6795,0,0.186199,2,,03/02/2025 - 08:18
Telur,Telur Ayam Buras,2024,0,236.6483,0,0,0,0,59.1621,0,0,0,0,177.4815,0.6303,1.7267,2.1415,0.1405,0.164729,2,,03/02/2025 - 11:46
Telur,Telur Ayam Ras,2024,0,6346.8709,1.349,0,0,0,0,0,0,0,0,6348.2199,22.5431,61.7619,76.1858,6.1367,5.341786,2,,06/02/2025 - 14:27
Telur,Telur Itik,2024,0,269.311,0,0,0,0,36.357,0,0,0,0,232.954,0.8272,2.2664,3.6541,0.2261,0.297224,2,,06/02/2025 - 14:56
Buah Biji Berminyak,Kacang tanah berkulit,2023,0,640.114,0,0,0,0,0,608.1083,0,32.005702,0,0,0,0,0,0,0,1,,10/02/2025 - 10:50
Buah Biji Berminyak,Kacang tanah lepas kulit,2023,608.1083,364.865,292.732,2.2424,0,0,21.7496,59.3751,0,20.053852,0,554.1761,1.9885,5.4478,29.8541,1.5308,2.358912,1,,10/02/2025 - 10:58
Buah Biji Berminyak,Kedelai,2023,0,345.552,2232.779,2.561,0,8.7576,10.0604,0,0,64.909404,0,2492.0426,8.9418,24.4981,93.3376,9.8972,4.091175,1,,10/02/2025 - 11:42
Buah Biji Berminyak,Kacang Hijau,2023,0,172.042,119.113,36.1935,0,5.0992,3.7181,0,0,6.552511,0,239.5917,0.8597,2.3553,7.9445,0.4774,0.042396,1,,10/02/2025 - 14:35
Buah Biji Berminyak,Kelapa Berkulit/daging,2023,0,11344.8027,7.482,718.3403,0,0,0,6730.2234,0,388.138971,0,3515.582,12.6144,34.56,65.7573,0.6228,6.355924,1,,10/02/2025 - 14:54
Buah Biji Berminyak,Kelapa daging/kopra,2023,6730.2234,1682.5559,0,7.4418,0,0,0,1055.9919,0,18.258744,0,600.8634,0,0,0,0,0,1,,10/02/2025 - 15:10
Buah Biji Berminyak,Kacang Tanah/Minyak,2023,59.3751,30.8751,4.609,1.9951,0,0,0,0,0,0,0,33.489,0.1202,0.3292,2.9695,0,0.329214,1,,10/02/2025 - 15:27
Buah Biji Berminyak,Kacang tanah berkulit,2024,0,915.1263,0,0,0,0,0,869.37,0,45.756316,0,0,0,0,0,0,0,2,,11/02/2025 - 09:10
Padi - Padian,Gabah,2024,,52661,0,0,0,0,249,52412,0,0,0,0,0,0,0,0,0,2,,
Padi - Padian,Beras,2024,52412,30405,4646,0,4134,0,0,0,0,0,0,39185,139.15,381.23,1,32.69,5.81,2,,
Buah Biji Berminyak,Kacang tanah lepas kulit,2024,869.37,521.622,283.547,0.573,0,0,12.4772,72.8964,0,24.620638,0,694.6018,2.4666,6.7578,37.0327,1.8989,2.926122,2,,11/02/2025 - 09:24
Padi - Padian,Jagung,2024,20510,15162,2289,55,956,5205,52,,1539,,,11556,0.7,1.92,6,0.12,0.1,2,,
Padi - Padian,Jagung basah,2024,0,220,4,1,0,,,,,,,223,0.79,2.17,0,0.01,0,2,,
Buah Biji Berminyak,Kedelai,2024,0,297.148,2701.174,2.707,0,10.1851,3.7498,0,0,75.489498,0,2906.1907,10.3201,28.2744,107.7253,11.4228,4.721818,2,,11/02/2025 - 09:47
Buah Biji Berminyak,Kacang Hijau,2024,0,120.393,92.301,13.464,0,3.9846,1.8959,0,0,5.120211,0,188.2293,0.6684,1.8313,6.1769,0.3712,0.032963,2,,11/02/2025 - 10:03
Buah Biji Berminyak,Kelapa Berkulit/daging,2024,0,11597.22,4.659,0,0,0,0,7342.8292,0,423.468584,0,3835.5812,13.6205,37.3164,71.0019,0.6724,6.86286,2,,11/02/2025 - 10:17
Buah Biji Berminyak,Kelapa daging/kopra,2024,7342.8292,1835.7073,0,0,0,0,0,1157.2299,0,20.00921,0,658.4682,0,0,0,0,0,2,,11/02/2025 - 10:24
Buah Biji Berminyak,Kacang Tanah/Minyak,2024,72.8964,37.9061,4.198,1.468,0,0,0,0,0,0,0,40.6361,0.1443,0.3953,3.5661,0,0.395349,2,,11/02/2025 - 10:32
Padi - Padian,Gandum,2024,0,0,10618,0,0,0,0,10618,0,0,0,0,0,0,0,0,0,2,,
Padi - Padian,Tepung Gandum,2024,10352,7454,94,51,0,0,0,0,0,34,0,7463,26.5,72.61,242,6.53,0.73,2,,
??????????????????????????????????????????????????????????????????????????????›??????›????????????????????????????????????????????????????›???????????????›???????????????????????????????????????????????????????????????,,,,,,,,,,,,,,,,,,,,,,
