tahun,bulan,total_kalori_hari,jumlah_komoditi,populasi,date,month_sin,month_cos,kalori_ma3,kalori_std3,kalori_ma6,kalori_std6,kalori_ma12,kalori_std12,kalori_lag1,kalori_lag2,kalori_lag3,kalori_lag6,kalori_lag12,period
1993,1,86659.69863012875,4,187000000.0,1993-01-01,0.49999999999999994,0.8660254037844387,86659.69863012875,0.0,86659.69863012875,0.0,86659.69863012875,0.0,86659.69863012875,86659.69863012875,86659.69863012875,86659.69863012875,86659.69863012875,1993-01-01
1993,2,86659.69863012875,4,187000000.0,1993-02-01,0.8660254037844386,0.5000000000000001,86659.69863012875,0.0,86659.69863012875,0.0,86659.69863012875,0.0,86659.69863012875,86659.69863012875,86659.69863012875,86659.69863012875,86659.69863012875,1993-02-01
1993,3,86659.69863012875,4,187000000.0,1993-03-01,1.0,6.123233995736766e-17,86659.69863012875,0.0,86659.69863012875,0.0,86659.69863012875,0.0,86659.69863012875,86659.69863012875,86659.69863012875,86659.69863012875,86659.69863012875,1993-03-01
1993,4,86659.69863012875,4,187000000.0,1993-04-01,0.8660254037844387,-0.4999999999999998,86659.69863012875,0.0,86659.69863012875,0.0,86659.69863012875,0.0,86659.69863012875,86659.69863012875,86659.69863012875,86659.69863012875,86659.69863012875,1993-04-01
1993,5,86659.69863012875,4,187000000.0,1993-05-01,0.49999999999999994,-0.8660254037844387,86659.69863012875,0.0,86659.69863012875,0.0,86659.69863012875,0.0,86659.69863012875,86659.69863012875,86659.69863012875,86659.69863012875,86659.69863012875,1993-05-01
1993,6,86659.69863012875,4,187000000.0,1993-06-01,1.2246467991473532e-16,-1.0,86659.69863012875,0.0,86659.69863012875,0.0,86659.69863012875,0.0,86659.69863012875,86659.69863012875,86659.69863012875,86659.69863012875,86659.69863012875,1993-06-01
1993,7,86659.69863012875,4,187000000.0,1993-07-01,-0.4999999999999997,-0.8660254037844388,86659.69863012875,0.0,86659.69863012875,0.0,86659.69863012875,0.0,86659.69863012875,86659.69863012875,86659.69863012875,86659.69863012875,86659.69863012875,1993-07-01
1993,8,86659.69863012875,4,187000000.0,1993-08-01,-0.8660254037844385,-0.5000000000000004,86659.69863012875,0.0,86659.69863012875,0.0,86659.69863012875,0.0,86659.69863012875,86659.69863012875,86659.69863012875,86659.69863012875,86659.69863012875,1993-08-01
1993,9,86659.69863012875,4,187000000.0,1993-09-01,-1.0,-1.8369701987210297e-16,86659.69863012875,0.0,86659.69863012875,0.0,86659.69863012875,0.0,86659.69863012875,86659.69863012875,86659.69863012875,86659.69863012875,86659.69863012875,1993-09-01
1993,10,86659.69863012875,4,187000000.0,1993-10-01,-0.8660254037844386,0.5000000000000001,86659.69863012875,0.0,86659.69863012875,0.0,86659.69863012875,0.0,86659.69863012875,86659.69863012875,86659.69863012875,86659.69863012875,86659.69863012875,1993-10-01
1993,11,86659.69863012875,4,187000000.0,1993-11-01,-0.5000000000000004,0.8660254037844384,86659.69863012875,0.0,86659.69863012875,0.0,86659.69863012875,0.0,86659.69863012875,86659.69863012875,86659.69863012875,86659.69863012875,86659.69863012875,1993-11-01
1993,12,86659.69863012875,4,187000000.0,1993-12-01,-2.4492935982947064e-16,1.0,86659.69863012875,0.0,86659.69863012875,0.0,86659.69863012875,0.0,86659.69863012875,86659.69863012875,86659.69863012875,86659.69863012875,86659.69863012875,1993-12-01
1994,1,83969.36986300572,3,189244000.0,1994-01-01,0.49999999999999994,0.8660254037844387,85762.92237442108,1553.2620379070786,86211.31050227491,1098.3221199637333,86435.50456620184,776.6310189535399,86659.69863012875,86659.69863012875,86659.69863012875,86659.69863012875,86659.69863012875,1994-01-01
1994,2,83969.36986300572,3,189244000.0,1994-02-01,0.8660254037844386,0.5000000000000001,84866.1461187134,1553.2620379070765,85762.92237442108,1389.2798014520386,86211.31050227491,1047.2090523263287,83969.36986300572,86659.69863012875,86659.69863012875,86659.69863012875,86659.69863012875,1994-02-01
1994,3,83969.36986300572,3,189244000.0,1994-03-01,1.0,6.123233995736766e-17,83969.36986300572,0.0,85314.53424656724,1473.5537528583607,85987.11643834799,1216.7469658972589,83969.36986300572,83969.36986300572,86659.69863012875,86659.69863012875,86659.69863012875,1994-03-01
1994,4,83969.36986300572,3,189244000.0,1994-04-01,0.8660254037844387,-0.4999999999999998,83969.36986300572,0.0,84866.1461187134,1389.279801452054,85762.92237442108,1324.6263166790636,83969.36986300572,83969.36986300572,83969.36986300572,86659.69863012875,86659.69863012875,1994-04-01
1994,5,83969.36986300572,3,189244000.0,1994-05-01,0.49999999999999994,-0.8660254037844387,83969.36986300572,0.0,84417.75799085955,1098.3221199637726,85538.72831049416,1385.3273615755522,83969.36986300572,83969.36986300572,83969.36986300572,86659.69863012875,86659.69863012875,1994-05-01
1994,6,83969.36986300572,3,189244000.0,1994-06-01,1.2246467991473532e-16,-1.0,83969.36986300572,0.0,83969.36986300572,0.0,85314.53424656724,1404.978376592892,83969.36986300572,83969.36986300572,83969.36986300572,86659.69863012875,86659.69863012875,1994-06-01
1994,7,83969.36986300572,3,189244000.0,1994-07-01,-0.4999999999999997,-0.8660254037844388,83969.36986300572,0.0,83969.36986300572,0.0,85090.34018264031,1385.3273615755566,83969.36986300572,83969.36986300572,83969.36986300572,83969.36986300572,86659.69863012875,1994-07-01
1994,8,83969.36986300572,3,189244000.0,1994-08-01,-0.8660254037844385,-0.5000000000000004,83969.36986300572,0.0,83969.36986300572,0.0,84866.1461187134,1324.6263166790732,83969.36986300572,83969.36986300572,83969.36986300572,83969.36986300572,86659.69863012875,1994-08-01
1994,9,83969.36986300572,3,189244000.0,1994-09-01,-1.0,-1.8369701987210297e-16,83969.36986300572,0.0,83969.36986300572,0.0,84641.95205478648,1216.746965897275,83969.36986300572,83969.36986300572,83969.36986300572,83969.36986300572,86659.69863012875,1994-09-01
1994,10,83969.36986300572,3,189244000.0,1994-10-01,-0.8660254037844386,0.5000000000000001,83969.36986300572,0.0,83969.36986300572,0.0,84417.75799085955,1047.2090523263537,83969.36986300572,83969.36986300572,83969.36986300572,83969.36986300572,86659.69863012875,1994-10-01
1994,11,83969.36986300572,3,189244000.0,1994-11-01,-0.5000000000000004,0.8660254037844384,83969.36986300572,0.0,83969.36986300572,0.0,84193.56392693263,776.631018953578,83969.36986300572,83969.36986300572,83969.36986300572,83969.36986300572,86659.69863012875,1994-11-01
1994,12,83969.36986300572,3,189244000.0,1994-12-01,-2.4492935982947064e-16,1.0,83969.36986300572,0.0,83969.36986300572,0.0,83969.36986300572,0.0,83969.36986300572,83969.36986300572,83969.36986300572,83969.36986300572,86659.69863012875,1994-12-01
1995,1,84198.49315067694,4,191514928.0,1995-01-01,0.49999999999999994,0.8660254037844387,84045.74429222946,132.2843918145643,84007.55707761759,93.53919049790245,83988.46347031165,66.14219590779044,83969.36986300572,83969.36986300572,83969.36986300572,83969.36986300572,83969.36986300572,1995-01-01
1995,2,84198.49315067694,4,191514928.0,1995-02-01,0.8660254037844386,0.5000000000000001,84122.1187214532,132.2843918145643,84045.74429222946,118.31875698436701,84007.55707761759,89.18611876779666,84198.49315067694,83969.36986300572,83969.36986300572,83969.36986300572,83969.36986300572,1995-02-01
1995,3,84198.49315067694,4,191514928.0,1995-03-01,1.0,6.123233995736766e-17,84198.49315067694,0.0,84083.93150684133,125.49599310773694,84026.65068492353,103.62490581005632,84198.49315067694,84198.49315067694,83969.36986300572,83969.36986300572,83969.36986300572,1995-03-01
1995,4,84198.49315067694,4,191514928.0,1995-04-01,0.8660254037844387,-0.4999999999999998,84198.49315067694,0.0,84122.1187214532,118.31875698433366,84045.74429222946,112.81250839043989,84198.49315067694,84198.49315067694,84198.49315067694,83969.36986300572,83969.36986300572,1995-04-01
1995,5,84198.49315067694,4,191514928.0,1995-05-01,0.49999999999999994,-0.8660254037844387,84198.49315067694,0.0,84160.30593606507,93.53919049781808,84064.83789953539,117.98214532912853,84198.49315067694,84198.49315067694,84198.49315067694,83969.36986300572,83969.36986300572,1995-05-01
1995,6,84198.49315067694,4,191514928.0,1995-06-01,1.2246467991473532e-16,-1.0,84198.49315067694,0.0,84198.49315067694,0.0,84083.93150684133,119.6557345282883,84198.49315067694,84198.49315067694,84198.49315067694,83969.36986300572,83969.36986300572,1995-06-01
1995,7,84198.49315067694,4,191514928.0,1995-07-01,-0.4999999999999997,-0.8660254037844388,84198.49315067694,0.0,84198.49315067694,0.0,84103.02511414727,117.98214532913344,84198.49315067694,84198.49315067694,84198.49315067694,84198.49315067694,83969.36986300572,1995-07-01
1995,8,84198.49315067694,4,191514928.0,1995-08-01,-0.8660254037844385,-0.5000000000000004,84198.49315067694,0.0,84198.49315067694,0.0,84122.1187214532,112.8125083904497,84198.49315067694,84198.49315067694,84198.49315067694,84198.49315067694,83969.36986300572,1995-08-01
1995,9,84198.49315067694,4,191514928.0,1995-09-01,-1.0,-1.8369701987210297e-16,84198.49315067694,0.0,84198.49315067694,0.0,84141.21232875912,103.62490581006979,84198.49315067694,84198.49315067694,84198.49315067694,84198.49315067694,83969.36986300572,1995-09-01
1995,10,84198.49315067694,4,191514928.0,1995-10-01,-0.8660254037844386,0.5000000000000001,84198.49315067694,0.0,84198.49315067694,0.0,84160.30593606507,89.18611876781557,84198.49315067694,84198.49315067694,84198.49315067694,84198.49315067694,83969.36986300572,1995-10-01
1995,11,84198.49315067694,4,191514928.0,1995-11-01,-0.5000000000000004,0.8660254037844384,84198.49315067694,0.0,84198.49315067694,0.0,84179.39954337101,66.14219590782032,84198.49315067694,84198.49315067694,84198.49315067694,84198.49315067694,83969.36986300572,1995-11-01
1995,12,84198.49315067694,4,191514928.0,1995-12-01,-2.4492935982947064e-16,1.0,84198.49315067694,0.0,84198.49315067694,0.0,84198.49315067694,0.0,84198.49315067694,84198.49315067694,84198.49315067694,84198.49315067694,83969.36986300572,1995-12-01
1996,1,84067.78082190982,4,193813107.0,1996-01-01,0.49999999999999994,0.8660254037844387,84154.92237442122,75.46679820005441,84176.7077625491,53.3630847627334,84187.60045661301,37.7333991009749,84198.49315067694,84198.49315067694,84198.49315067694,84198.49315067694,84198.49315067694,1996-01-01
1996,2,84067.78082190982,4,193813107.0,1996-02-01,0.8660254037844386,0.5000000000000001,84111.35159816552,75.46679820006176,84154.92237442122,67.4995563286857,84176.7077625491,50.879704967726106,84067.78082190982,84198.49315067694,84198.49315067694,84198.49315067694,84198.49315067694,1996-02-01
1996,3,84067.78082190982,4,193813107.0,1996-03-01,1.0,6.123233995736766e-17,84067.78082190982,0.0,84133.13698629338,71.59409101056642,84165.81506848516,59.11687499977408,84067.78082190982,84067.78082190982,84198.49315067694,84198.49315067694,84198.49315067694,1996-03-01
1996,4,84067.78082190982,4,193813107.0,1996-04-01,0.8660254037844387,-0.4999999999999998,84067.78082190982,0.0,84111.35159816554,67.49955632872252,84154.92237442122,64.35830174982596,84067.78082190982,84067.78082190982,84067.78082190982,84198.49315067694,84198.49315067694,1996-04-01
1996,5,84067.78082190982,4,193813107.0,1996-05-01,0.49999999999999994,-0.8660254037844387,84067.78082190982,0.0,84089.56621003768,53.36308476282869,84144.0296803573,67.30752306207104,84067.78082190982,84067.78082190982,84067.78082190982,84198.49315067694,84198.49315067694,1996-05-01
1996,6,84067.78082190982,4,193813107.0,1996-06-01,1.2246467991473532e-16,-1.0,84067.78082190982,0.0,84067.78082190982,0.0,84133.13698629338,68.26228738935926,84067.78082190982,84067.78082190982,84067.78082190982,84198.49315067694,84198.49315067694,1996-06-01
1996,7,84067.78082190982,4,193813107.0,1996-07-01,-0.4999999999999997,-0.8660254037844388,84067.78082190982,0.0,84067.78082190982,0.0,84122.24429222946,67.30752306206436,84067.78082190982,84067.78082190982,84067.78082190982,84067.78082190982,84198.49315067694,1996-07-01
1996,8,84067.78082190982,4,193813107.0,1996-08-01,-0.8660254037844385,-0.5000000000000004,84067.78082190982,0.0,84067.78082190982,0.0,84111.35159816554,64.35830174981125,84067.78082190982,84067.78082190982,84067.78082190982,84067.78082190982,84198.49315067694,1996-08-01
1996,9,84067.78082190982,4,193813107.0,1996-09-01,-1.0,-1.8369701987210297e-16,84067.78082190982,0.0,84067.78082190982,0.0,84100.4589041016,59.11687499974791,84067.78082190982,84067.78082190982,84067.78082190982,84067.78082190982,84198.49315067694,1996-09-01
1996,10,84067.78082190982,4,193813107.0,1996-10-01,-0.8660254037844386,0.5000000000000001,84067.78082190982,0.0,84067.78082190982,0.0,84089.56621003768,50.87970496768267,84067.78082190982,84067.78082190982,84067.78082190982,84067.78082190982,84198.49315067694,1996-10-01
1996,11,84067.78082190982,4,193813107.0,1996-11-01,-0.5000000000000004,0.8660254037844384,84067.78082190982,0.0,84067.78082190982,0.0,84078.67351597374,37.73339910089897,84067.78082190982,84067.78082190982,84067.78082190982,84067.78082190982,84198.49315067694,1996-11-01
1996,12,84067.78082190982,4,193813107.0,1996-12-01,-2.4492935982947064e-16,1.0,84067.78082190982,0.0,84067.78082190982,0.0,84067.78082190982,0.0,84067.78082190982,84067.78082190982,84067.78082190982,84067.78082190982,84198.49315067694,1996-12-01
1997,1,75627.23287670515,4,196138864.0,1997-01-01,0.49999999999999994,0.8660254037844387,81254.26484017493,4873.15262827187,82661.02283104237,3445.8392692081206,83364.40182647611,2436.576314135938,84067.78082190982,84067.78082190982,84067.78082190982,84067.78082190982,84067.78082190982,1997-01-01
1997,2,75627.23287670515,4,196138864.0,1997-02-01,0.8660254037844386,0.5000000000000001,78440.74885844004,4873.152628271882,81254.26484017493,4358.680216619108,82661.02283104237,3285.4788317432754,75627.23287670515,84067.78082190982,84067.78082190982,84067.78082190982,84067.78082190982,1997-02-01
1997,3,75627.23287670515,4,196138864.0,1997-03-01,1.0,6.123233995736766e-17,75627.23287670515,0.0,79847.5068493075,4623.078507292543,81957.64383560866,3817.3814398976065,75627.23287670515,75627.23287670515,84067.78082190982,84067.78082190982,84067.78082190982,1997-03-01
1997,4,75627.23287670515,4,196138864.0,1997-04-01,0.8660254037844387,-0.4999999999999998,75627.23287670515,0.0,78440.74885844004,4358.6802166191455,81254.26484017493,4155.838525031138,75627.23287670515,75627.23287670515,75627.23287670515,84067.78082190982,84067.78082190982,1997-04-01
1997,5,75627.23287670515,4,196138864.0,1997-05-01,0.49999999999999994,-0.8660254037844387,75627.23287670515,0.0,77033.9908675726,3445.8392692082143,80550.8858447412,4346.279963279854,75627.23287670515,75627.23287670515,75627.23287670515,84067.78082190982,84067.78082190982,1997-05-01
1997,6,75627.23287670515,4,196138864.0,1997-06-01,1.2246467991473532e-16,-1.0,75627.23287670515,0.0,75627.23287670515,0.0,79847.5068493075,4407.932403848721,75627.23287670515,75627.23287670515,75627.23287670515,84067.78082190982,84067.78082190982,1997-06-01
1997,7,75627.23287670515,4,196138864.0,1997-07-01,-0.4999999999999997,-0.8660254037844388,75627.23287670515,0.0,75627.23287670515,0.0,79144.12785387375,4346.27996327985,75627.23287670515,75627.23287670515,75627.23287670515,75627.23287670515,84067.78082190982,1997-07-01
1997,8,75627.23287670515,4,196138864.0,1997-08-01,-0.8660254037844385,-0.5000000000000004,75627.23287670515,0.0,75627.23287670515,0.0,78440.74885844004,4155.838525031128,75627.23287670515,75627.23287670515,75627.23287670515,75627.23287670515,84067.78082190982,1997-08-01
1997,9,75627.23287670515,4,196138864.0,1997-09-01,-1.0,-1.8369701987210297e-16,75627.23287670515,0.0,75627.23287670515,0.0,77737.36986300633,3817.381439897588,75627.23287670515,75627.23287670515,75627.23287670515,75627.23287670515,84067.78082190982,1997-09-01
1997,10,75627.23287670515,4,196138864.0,1997-10-01,-0.8660254037844386,0.5000000000000001,75627.23287670515,0.0,75627.23287670515,0.0,77033.99086757259,3285.4788317432435,75627.23287670515,75627.23287670515,75627.23287670515,75627.23287670515,84067.78082190982,1997-10-01
1997,11,75627.23287670515,4,196138864.0,1997-11-01,-0.5000000000000004,0.8660254037844384,75627.23287670515,0.0,75627.23287670515,0.0,76330.61187213888,2436.576314135883,75627.23287670515,75627.23287670515,75627.23287670515,75627.23287670515,84067.78082190982,1997-11-01
1997,12,75627.23287670515,4,196138864.0,1997-12-01,-2.4492935982947064e-16,1.0,75627.23287670515,0.0,75627.23287670515,0.0,75627.23287670515,0.0,75627.23287670515,75627.23287670515,75627.23287670515,75627.23287670515,84067.78082190982,1997-12-01
1998,1,77161.31506848583,4,198492531.0,1998-01-01,0.49999999999999994,0.8660254037844387,76138.59360729871,885.7027663837754,75882.91324200192,626.2864322263745,75755.07305935354,442.85138319151645,75627.23287670515,75627.23287670515,75627.23287670515,75627.23287670515,75627.23287670515,1998-01-01
1998,2,77161.31506848583,4,198492531.0,1998-02-01,0.8660254037844386,0.5000000000000001,76649.95433789227,885.7027663837606,76138.59360729871,792.1966373979859,75882.91324200193,597.1406832789244,77161.31506848583,75627.23287670515,75627.23287670515,75627.23287670515,75627.23287670515,1998-02-01
1998,3,77161.31506848583,4,198492531.0,1998-03-01,1.0,6.123233995736766e-17,77161.31506848583,0.0,76394.27397259547,840.2514215058509,76010.75342465032,693.8147765047212,77161.31506848583,77161.31506848583,75627.23287670515,75627.23287670515,75627.23287670515,1998-03-01
1998,4,77161.31506848583,4,198492531.0,1998-04-01,0.8660254037844387,-0.4999999999999998,77161.31506848583,0.0,76649.95433789227,792.1966373979525,76138.59360729872,755.3298570843508,77161.31506848583,77161.31506848583,77161.31506848583,75627.23287670515,75627.23287670515,1998-04-01
1998,5,77161.31506848583,4,198492531.0,1998-05-01,0.49999999999999994,-0.8660254037844387,77161.31506848583,0.0,76905.63470318903,626.2864322262901,76266.4337899471,789.9428728377321,77161.31506848583,77161.31506848583,77161.31506848583,75627.23287670515,75627.23287670515,1998-05-01
1998,6,77161.31506848583,4,198492531.0,1998-06-01,1.2246467991473532e-16,-1.0,77161.31506848583,0.0,77161.31506848583,0.0,76394.27397259549,801.1482959655392,77161.31506848583,77161.31506848583,77161.31506848583,75627.23287670515,75627.23287670515,1998-06-01
1998,7,77161.31506848583,4,198492531.0,1998-07-01,-0.4999999999999997,-0.8660254037844388,77161.31506848583,0.0,77161.31506848583,0.0,76522.11415524388,789.9428728377383,77161.31506848583,77161.31506848583,77161.31506848583,77161.31506848583,75627.23287670515,1998-07-01
1998,8,77161.31506848583,4,198492531.0,1998-08-01,-0.8660254037844385,-0.5000000000000004,77161.31506848583,0.0,77161.31506848583,0.0,76649.95433789228,755.3298570843623,77161.31506848583,77161.31506848583,77161.31506848583,77161.31506848583,75627.23287670515,1998-08-01
1998,9,77161.31506848583,4,198492531.0,1998-09-01,-1.0,-1.8369701987210297e-16,77161.31506848583,0.0,77161.31506848583,0.0,76777.79452054066,693.8147765047394,77161.31506848583,77161.31506848583,77161.31506848583,77161.31506848583,75627.23287670515,1998-09-01
1998,10,77161.31506848583,4,198492531.0,1998-10-01,-0.8660254037844386,0.5000000000000001,77161.31506848583,0.0,77161.31506848583,0.0,76905.63470318905,597.140683278952,77161.31506848583,77161.31506848583,77161.31506848583,77161.31506848583,75627.23287670515,1998-10-01
1998,11,77161.31506848583,4,198492531.0,1998-11-01,-0.5000000000000004,0.8660254037844384,77161.31506848583,0.0,77161.31506848583,0.0,77033.47488583744,442.85138319156255,77161.31506848583,77161.31506848583,77161.31506848583,77161.31506848583,75627.23287670515,1998-11-01
1998,12,77161.31506848583,4,198492531.0,1998-12-01,-2.4492935982947064e-16,1.0,77161.31506848583,0.0,77161.31506848583,0.0,77161.31506848583,0.0,77161.31506848583,77161.31506848583,77161.31506848583,77161.31506848583,75627.23287670515,1998-12-01
1999,1,85413.39726026586,4,200874441.0,1999-01-01,0.49999999999999994,0.8660254037844387,79912.00913241251,4764.341874799134,78536.66210044916,3368.8984475616016,77848.98858446749,2382.170937399522,77161.31506848583,77161.31506848583,77161.31506848583,77161.31506848583,77161.31506848583,1999-01-01
1999,2,85413.39726026586,4,200874441.0,1999-02-01,0.8660254037844386,0.5000000000000001,82662.70319633918,4764.341874799115,79912.00913241251,4261.356920039921,78536.66210044916,3212.118636717405,85413.39726026586,77161.31506848583,77161.31506848583,77161.31506848583,77161.31506848583,1999-02-01
1999,3,85413.39726026586,4,200874441.0,1999-03-01,1.0,6.123233995736766e-17,85413.39726026586,0.0,81287.35616437584,4519.851562824647,79224.33561643084,3732.1445958147033,85413.39726026586,85413.39726026586,77161.31506848583,77161.31506848583,77161.31506848583,1999-03-01
1999,4,85413.39726026586,4,200874441.0,1999-04-01,0.8660254037844387,-0.4999999999999998,85413.39726026586,0.0,82662.70319633918,4261.356920039887,79912.00913241251,4063.044402680797,85413.39726026586,85413.39726026586,85413.39726026586,77161.31506848583,77161.31506848583,1999-04-01
1999,5,85413.39726026586,4,200874441.0,1999-05-01,0.49999999999999994,-0.8660254037844387,85413.39726026586,0.0,84038.05022830253,3368.8984475615134,80599.68264839417,4249.233547195054,85413.39726026586,85413.39726026586,85413.39726026586,77161.31506848583,77161.31506848583,1999-05-01
1999,6,85413.39726026586,4,200874441.0,1999-06-01,1.2246467991473532e-16,-1.0,85413.39726026586,0.0,85413.39726026586,0.0,81287.35616437584,4309.509374096454,85413.39726026586,85413.39726026586,85413.39726026586,77161.31506848583,77161.31506848583,1999-06-01
1999,7,85413.39726026586,4,200874441.0,1999-07-01,-0.4999999999999997,-0.8660254037844388,85413.39726026586,0.0,85413.39726026586,0.0,81975.02968035752,4249.233547195049,85413.39726026586,85413.39726026586,85413.39726026586,85413.39726026586,77161.31506848583,1999-07-01
1999,8,85413.39726026586,4,200874441.0,1999-08-01,-0.8660254037844385,-0.5000000000000004,85413.39726026586,0.0,85413.39726026586,0.0,82662.7031963392,4063.0444026807863,85413.39726026586,85413.39726026586,85413.39726026586,85413.39726026586,77161.31506848583,1999-08-01
1999,9,85413.39726026586,4,200874441.0,1999-09-01,-1.0,-1.8369701987210297e-16,85413.39726026586,0.0,85413.39726026586,0.0,83350.37671232085,3732.144595814686,85413.39726026586,85413.39726026586,85413.39726026586,85413.39726026586,77161.31506848583,1999-09-01
1999,10,85413.39726026586,4,200874441.0,1999-10-01,-0.8660254037844386,0.5000000000000001,85413.39726026586,0.0,85413.39726026586,0.0,84038.05022830253,3212.118636717379,85413.39726026586,85413.39726026586,85413.39726026586,85413.39726026586,77161.31506848583,1999-10-01
1999,11,85413.39726026586,4,200874441.0,1999-11-01,-0.5000000000000004,0.8660254037844384,85413.39726026586,0.0,85413.39726026586,0.0,84725.7237442842,2382.1709373994777,85413.39726026586,85413.39726026586,85413.39726026586,85413.39726026586,77161.31506848583,1999-11-01
1999,12,85413.39726026586,4,200874441.0,1999-12-01,-2.4492935982947064e-16,1.0,85413.39726026586,0.0,85413.39726026586,0.0,85413.39726026586,0.0,85413.39726026586,85413.39726026586,85413.39726026586,85413.39726026586,77161.31506848583,1999-12-01
2000,1,87317.28767122458,4,203284934.0,2000-01-01,0.49999999999999994,0.8660254037844387,86048.0273972521,1099.21164127444,85730.71232875898,777.2600055044272,85572.05479451243,549.6058206368583,85413.39726026586,85413.39726026586,85413.39726026586,85413.39726026586,85413.39726026586,2000-01-01
2000,2,87317.28767122458,4,203284934.0,2000-02-01,0.8660254037844386,0.5000000000000001,86682.65753423834,1099.21164127442,86048.0273972521,983.1647806195868,85730.71232875898,741.0883373649816,87317.28767122458,85413.39726026586,85413.39726026586,85413.39726026586,85413.39726026586,2000-02-01
2000,3,87317.28767122458,4,203284934.0,2000-03-01,1.0,6.123233995736766e-17,87317.28767122458,0.0,86365.34246574521,1042.8037250998248,85889.36986300554,861.0668366050253,87317.28767122458,87317.28767122458,85413.39726026586,85413.39726026586,85413.39726026586,2000-03-01
2000,4,87317.28767122458,4,203284934.0,2000-04-01,0.8660254037844387,-0.4999999999999998,87317.28767122458,0.0,86682.65753423834,983.1647806195459,86048.02739725211,937.4108373843831,87317.28767122458,87317.28767122458,87317.28767122458,85413.39726026586,85413.39726026586,2000-04-01
2000,5,87317.28767122458,4,203284934.0,2000-05-01,0.49999999999999994,-0.8660254037844387,87317.28767122458,0.0,86999.97260273145,777.2600055043274,86206.68493149866,980.3677200992029,87317.28767122458,87317.28767122458,87317.28767122458,85413.39726026586,85413.39726026586,2000-05-01
2000,6,87317.28767122458,4,203284934.0,2000-06-01,1.2246467991473532e-16,-1.0,87317.28767122458,0.0,87317.28767122458,0.0,86365.34246574521,994.2743398084058,87317.28767122458,87317.28767122458,87317.28767122458,85413.39726026586,85413.39726026586,2000-06-01
2000,7,87317.28767122458,4,203284934.0,2000-07-01,-0.4999999999999997,-0.8660254037844388,87317.28767122458,0.0,87317.28767122458,0.0,86523.99999999178,980.3677200991913,87317.28767122458,87317.28767122458,87317.28767122458,87317.28767122458,85413.39726026586,2000-07-01
2000,8,87317.28767122458,4,203284934.0,2000-08-01,-0.8660254037844385,-0.5000000000000004,87317.28767122458,0.0,87317.28767122458,0.0,86682.65753423834,937.4108373843587,87317.28767122458,87317.28767122458,87317.28767122458,87317.28767122458,85413.39726026586,2000-08-01
2000,9,87317.28767122458,4,203284934.0,2000-09-01,-1.0,-1.8369701987210297e-16,87317.28767122458,0.0,87317.28767122458,0.0,86841.31506848491,861.0668366049852,87317.28767122458,87317.28767122458,87317.28767122458,87317.28767122458,85413.39726026586,2000-09-01
2000,10,87317.28767122458,4,203284934.0,2000-10-01,-0.8660254037844386,0.5000000000000001,87317.28767122458,0.0,87317.28767122458,0.0,86999.97260273146,741.0883373649201,87317.28767122458,87317.28767122458,87317.28767122458,87317.28767122458,85413.39726026586,2000-10-01
2000,11,87317.28767122458,4,203284934.0,2000-11-01,-0.5000000000000004,0.8660254037844384,87317.28767122458,0.0,87317.28767122458,0.0,87158.63013697801,549.6058206367535,87317.28767122458,87317.28767122458,87317.28767122458,87317.28767122458,85413.39726026586,2000-11-01
2000,12,87317.28767122458,4,203284934.0,2000-12-01,-2.4492935982947064e-16,1.0,87317.28767122458,0.0,87317.28767122458,0.0,87317.28767122458,0.0,87317.28767122458,87317.28767122458,87317.28767122458,87317.28767122458,85413.39726026586,2000-12-01
2001,1,135989.3698630008,4,205724354.0,2001-01-01,0.49999999999999994,0.8660254037844387,103541.31506848331,28100.839755441568,95429.30136985394,19870.29434810924,91373.29452053925,14050.419877720762,87317.28767122458,87317.28767122458,87317.28767122458,87317.28767122458,87317.28767122458,2001-01-01
2001,2,135989.3698630008,4,205724354.0,2001-02-01,0.8660254037844386,0.5000000000000001,119765.34246574207,28100.839755441564,103541.31506848331,25134.155167198343,95429.30136985394,18945.58229822029,135989.3698630008,87317.28767122458,87317.28767122458,87317.28767122458,87317.28767122458,2001-02-01
2001,3,135989.3698630008,4,205724354.0,2001-03-01,1.0,6.123233995736766e-17,135989.3698630008,0.0,111653.32876711269,26658.79733718127,99485.30821916864,22012.777417562775,135989.3698630008,135989.3698630008,87317.28767122458,87317.28767122458,87317.28767122458,2001-03-01
2001,4,135989.3698630008,4,205724354.0,2001-04-01,0.8660254037844387,-0.4999999999999998,135989.3698630008,0.0,119765.34246574207,25134.155167198314,103541.31506848331,23964.476664217418,135989.3698630008,135989.3698630008,135989.3698630008,87317.28767122458,87317.28767122458,2001-04-01
2001,5,135989.3698630008,4,205724354.0,2001-05-01,0.49999999999999994,-0.8660254037844387,135989.3698630008,0.0,127877.35616437142,19870.294348109168,107597.32191779798,25062.649602199224,135989.3698630008,135989.3698630008,135989.3698630008,87317.28767122458,87317.28767122458,2001-05-01
2001,6,135989.3698630008,4,205724354.0,2001-06-01,1.2246467991473532e-16,-1.0,135989.3698630008,0.0,135989.3698630008,0.0,111653.32876711269,25418.165935282363,135989.3698630008,135989.3698630008,135989.3698630008,87317.28767122458,87317.28767122458,2001-06-01
2001,7,135989.3698630008,4,205724354.0,2001-07-01,-0.4999999999999997,-0.8660254037844388,135989.3698630008,0.0,135989.3698630008,0.0,115709.33561642736,25062.649602199213,135989.3698630008,135989.3698630008,135989.3698630008,135989.3698630008,87317.28767122458,2001-07-01
2001,8,135989.3698630008,4,205724354.0,2001-08-01,-0.8660254037844385,-0.5000000000000004,135989.3698630008,0.0,135989.3698630008,0.0,119765.34246574207,23964.476664217404,135989.3698630008,135989.3698630008,135989.3698630008,135989.3698630008,87317.28767122458,2001-08-01
2001,9,135989.3698630008,4,205724354.0,2001-09-01,-1.0,-1.8369701987210297e-16,135989.3698630008,0.0,135989.3698630008,0.0,123821.34931505674,22012.777417562746,135989.3698630008,135989.3698630008,135989.3698630008,135989.3698630008,87317.28767122458,2001-09-01
2001,10,135989.3698630008,4,205724354.0,2001-10-01,-0.8660254037844386,0.5000000000000001,135989.3698630008,0.0,135989.3698630008,0.0,127877.35616437142,18945.58229822025,135989.3698630008,135989.3698630008,135989.3698630008,135989.3698630008,87317.28767122458,2001-10-01
2001,11,135989.3698630008,4,205724354.0,2001-11-01,-0.5000000000000004,0.8660254037844384,135989.3698630008,0.0,135989.3698630008,0.0,131933.36301368612,14050.419877720697,135989.3698630008,135989.3698630008,135989.3698630008,135989.3698630008,87317.28767122458,2001-11-01
2001,12,135989.3698630008,4,205724354.0,2001-12-01,-2.4492935982947064e-16,1.0,135989.3698630008,0.0,135989.3698630008,0.0,135989.3698630008,0.0,135989.3698630008,135989.3698630008,135989.3698630008,135989.3698630008,87317.28767122458,2001-12-01
2002,1,127820.19178080978,4,208193046.0,2002-01-01,0.49999999999999994,0.8660254037844387,133266.31050227044,4716.477164810838,134627.8401826356,3335.052986548685,135308.6050228182,2358.238582404877,135989.3698630008,135989.3698630008,135989.3698630008,135989.3698630008,135989.3698630008,2002-01-01
2002,2,127820.19178080978,4,208193046.0,2002-02-01,0.8660254037844386,0.5000000000000001,130543.25114154012,4716.477164810831,133266.31050227047,4218.545421936613,134627.8401826356,3179.8482558261335,127820.19178080978,135989.3698630008,135989.3698630008,135989.3698630008,135989.3698630008,2002-02-01
2002,3,127820.19178080978,4,208193046.0,2002-03-01,1.0,6.123233995736766e-17,127820.19178080978,0.0,131904.78082190527,4474.443111892335,133947.07534245303,3694.6498014845324,127820.19178080978,127820.19178080978,135989.3698630008,135989.3698630008,135989.3698630008,2002-03-01
2002,4,127820.19178080978,4,208193046.0,2002-04-01,0.8660254037844387,-0.4999999999999998,127820.19178080978,0.0,130543.25114154012,4218.545421936629,133266.31050227044,4022.225240849965,127820.19178080978,127820.19178080978,127820.19178080978,135989.3698630008,135989.3698630008,2002-04-01
2002,5,127820.19178080978,4,208193046.0,2002-05-01,0.49999999999999994,-0.8660254037844387,127820.19178080978,0.0,129181.72146117494,3335.052986548725,132585.54566208788,4206.543845919485,127820.19178080978,127820.19178080978,127820.19178080978,135989.3698630008,135989.3698630008,2002-05-01
2002,6,127820.19178080978,4,208193046.0,2002-06-01,1.2246467991473532e-16,-1.0,127820.19178080978,0.0,127820.19178080978,0.0,131904.78082190527,4266.214114897103,127820.19178080978,127820.19178080978,127820.19178080978,135989.3698630008,135989.3698630008,2002-06-01
2002,7,127820.19178080978,4,208193046.0,2002-07-01,-0.4999999999999997,-0.8660254037844388,127820.19178080978,0.0,127820.19178080978,0.0,131224.0159817227,4206.543845919489,127820.19178080978,127820.19178080978,127820.19178080978,127820.19178080978,135989.3698630008,2002-07-01
2002,8,127820.19178080978,4,208193046.0,2002-08-01,-0.8660254037844385,-0.5000000000000004,127820.19178080978,0.0,127820.19178080978,0.0,130543.25114154012,4022.225240849976,127820.19178080978,127820.19178080978,127820.19178080978,127820.19178080978,135989.3698630008,2002-08-01
2002,9,127820.19178080978,4,208193046.0,2002-09-01,-1.0,-1.8369701987210297e-16,127820.19178080978,0.0,127820.19178080978,0.0,129862.48630135752,3694.64980148455,127820.19178080978,127820.19178080978,127820.19178080978,127820.19178080978,135989.3698630008,2002-09-01
2002,10,127820.19178080978,4,208193046.0,2002-10-01,-0.8660254037844386,0.5000000000000001,127820.19178080978,0.0,127820.19178080978,0.0,129181.72146117495,3179.848255826161,127820.19178080978,127820.19178080978,127820.19178080978,127820.19178080978,135989.3698630008,2002-10-01
2002,11,127820.19178080978,4,208193046.0,2002-11-01,-0.5000000000000004,0.8660254037844384,127820.19178080978,0.0,127820.19178080978,0.0,128500.95662099235,2358.238582404925,127820.19178080978,127820.19178080978,127820.19178080978,127820.19178080978,135989.3698630008,2002-11-01
2002,12,127820.19178080978,4,208193046.0,2002-12-01,-2.4492935982947064e-16,1.0,127820.19178080978,0.0,127820.19178080978,0.0,127820.19178080978,0.0,127820.19178080978,127820.19178080978,127820.19178080978,127820.19178080978,135989.3698630008,2002-12-01
2003,1,109423.42410957864,4,210691362.0,2003-01-01,0.49999999999999994,0.8660254037844387,121687.9358903994,10621.37876720424,124754.0638356046,7510.448951840717,126287.12780820718,5310.689383601903,127820.19178080978,127820.19178080978,127820.19178080978,127820.19178080978,127820.19178080978,2003-01-01
2003,2,109423.42410957864,4,210691362.0,2003-02-01,0.8660254037844386,0.5000000000000001,115555.67999998904,10621.378767204242,121687.93589039939,9500.0499752965,124754.06383560458,7160.932104018953,109423.42410957864,127820.19178080978,127820.19178080978,127820.19178080978,127820.19178080978,2003-02-01
2003,3,109423.42410957864,4,210691362.0,2003-03-01,1.0,6.123233995736766e-17,109423.42410957864,0.0,118621.8079451942,10076.324638714905,123220.999863002,8320.251234656287,109423.42410957864,109423.42410957864,127820.19178080978,127820.19178080978,127820.19178080978,2003-03-01
2003,4,109423.42410957864,4,210691362.0,2003-04-01,0.8660254037844387,-0.4999999999999998,109423.42410957864,0.0,115555.67999998904,9500.049975296519,121687.9358903994,9057.94224740876,109423.42410957864,109423.42410957864,109423.42410957864,127820.19178080978,127820.19178080978,2003-04-01
2003,5,109423.42410957864,4,210691362.0,2003-05-01,0.49999999999999994,-0.8660254037844387,109423.42410957864,0.0,112489.55205478384,7510.448951840767,120154.8719177968,9473.02275132643,109423.42410957864,109423.42410957864,109423.42410957864,127820.19178080978,127820.19178080978,2003-05-01
2003,6,109423.42410957864,4,210691362.0,2003-06-01,1.2246467991473532e-16,-1.0,109423.42410957864,0.0,109423.42410957864,0.0,118621.8079451942,9607.398580108287,109423.42410957864,109423.42410957864,109423.42410957864,127820.19178080978,127820.19178080978,2003-06-01
2003,7,109423.42410957864,4,210691362.0,2003-07-01,-0.4999999999999997,-0.8660254037844388,109423.42410957864,0.0,109423.42410957864,0.0,117088.7439725916,9473.022751326424,109423.42410957864,109423.42410957864,109423.42410957864,109423.42410957864,127820.19178080978,2003-07-01
2003,8,109423.42410957864,4,210691362.0,2003-08-01,-0.8660254037844385,-0.5000000000000004,109423.42410957864,0.0,109423.42410957864,0.0,115555.67999998904,9057.942247408744,109423.42410957864,109423.42410957864,109423.42410957864,109423.42410957864,127820.19178080978,2003-08-01
2003,9,109423.42410957864,4,210691362.0,2003-09-01,-1.0,-1.8369701987210297e-16,109423.42410957864,0.0,109423.42410957864,0.0,114022.61602738644,8320.251234656267,109423.42410957864,109423.42410957864,109423.42410957864,109423.42410957864,127820.19178080978,2003-09-01
2003,10,109423.42410957864,4,210691362.0,2003-10-01,-0.8660254037844386,0.5000000000000001,109423.42410957864,0.0,109423.42410957864,0.0,112489.55205478384,7160.9321040189225,109423.42410957864,109423.42410957864,109423.42410957864,109423.42410957864,127820.19178080978,2003-10-01
2003,11,109423.42410957864,4,210691362.0,2003-11-01,-0.5000000000000004,0.8660254037844384,109423.42410957864,0.0,109423.42410957864,0.0,110956.48808218124,5310.689383601851,109423.42410957864,109423.42410957864,109423.42410957864,109423.42410957864,127820.19178080978,2003-11-01
2003,12,109423.42410957864,4,210691362.0,2003-12-01,-2.4492935982947064e-16,1.0,109423.42410957864,0.0,109423.42410957864,0.0,109423.42410957864,0.0,109423.42410957864,109423.42410957864,109423.42410957864,109423.42410957864,127820.19178080978,2003-12-01
2004,1,129727.67123286439,4,213219659.0,2004-01-01,0.49999999999999994,0.8660254037844387,116191.50648400723,11722.662542321656,112807.46529679293,8289.174177237026,111115.4447031858,5861.331271160586,109423.42410957864,109423.42410957864,109423.42410957864,109423.42410957864,109423.42410957864,2004-01-01
2004,2,129727.67123286439,4,213219659.0,2004-02-01,0.8660254037844386,0.5000000000000001,122959.5888584358,11722.662542321656,116191.50648400722,10485.068128768582,112807.46529679293,7903.417473736102,129727.67123286439,109423.42410957864,109423.42410957864,109423.42410957864,109423.42410957864,2004-02-01
2004,3,129727.67123286439,4,213219659.0,2004-03-01,1.0,6.123233995736766e-17,129727.67123286439,0.0,119575.5476712215,11121.094162582824,114499.48589040007,9182.941276171448,129727.67123286439,129727.67123286439,109423.42410957864,109423.42410957864,109423.42410957864,2004-03-01
2004,4,129727.67123286439,4,213219659.0,2004-04-01,0.8660254037844387,-0.4999999999999998,129727.67123286439,0.0,122959.58885843582,10485.068128768564,116191.50648400723,9997.120206472135,129727.67123286439,129727.67123286439,129727.67123286439,109423.42410957864,109423.42410957864,2004-04-01
2004,5,129727.67123286439,4,213219659.0,2004-05-01,0.49999999999999994,-0.8660254037844387,129727.67123286439,0.0,126343.6300456501,8289.17417723698,117883.52707761437,10455.238571514166,129727.67123286439,129727.67123286439,129727.67123286439,109423.42410957864,109423.42410957864,2004-05-01
2004,6,129727.67123286439,4,213219659.0,2004-06-01,1.2246467991473532e-16,-1.0,129727.67123286439,0.0,129727.67123286439,0.0,119575.54767122153,10603.547235500284,129727.67123286439,129727.67123286439,129727.67123286439,109423.42410957864,109423.42410957864,2004-06-01
2004,7,129727.67123286439,4,213219659.0,2004-07-01,-0.4999999999999997,-0.8660254037844388,129727.67123286439,0.0,129727.67123286439,0.0,121267.56826482866,10455.238571514177,129727.67123286439,129727.67123286439,129727.67123286439,129727.67123286439,109423.42410957864,2004-07-01
2004,8,129727.67123286439,4,213219659.0,2004-08-01,-0.8660254037844385,-0.5000000000000004,129727.67123286439,0.0,129727.67123286439,0.0,122959.5888584358,9997.120206472158,129727.67123286439,129727.67123286439,129727.67123286439,129727.67123286439,109423.42410957864,2004-08-01
2004,9,129727.67123286439,4,213219659.0,2004-09-01,-1.0,-1.8369701987210297e-16,129727.67123286439,0.0,129727.67123286439,0.0,124651.60945204295,9182.941276171485,129727.67123286439,129727.67123286439,129727.67123286439,129727.67123286439,109423.42410957864,2004-09-01
2004,10,129727.67123286439,4,213219659.0,2004-10-01,-0.8660254037844386,0.5000000000000001,129727.67123286439,0.0,129727.67123286439,0.0,126343.6300456501,7903.417473736157,129727.67123286439,129727.67123286439,129727.67123286439,129727.67123286439,109423.42410957864,2004-10-01
2004,11,129727.67123286439,4,213219659.0,2004-11-01,-0.5000000000000004,0.8660254037844384,129727.67123286439,0.0,129727.67123286439,0.0,128035.65063925723,5861.331271160679,129727.67123286439,129727.67123286439,129727.67123286439,129727.67123286439,109423.42410957864,2004-11-01
2004,12,129727.67123286439,4,213219659.0,2004-12-01,-2.4492935982947064e-16,1.0,129727.67123286439,0.0,129727.67123286439,0.0,129727.67123286439,0.0,129727.67123286439,129727.67123286439,129727.67123286439,129727.67123286439,109423.42410957864,2004-12-01
2005,1,120483.58904108444,4,215778295.0,2005-01-01,0.49999999999999994,0.8660254037844387,126646.31050227107,5337.073341835058,128186.99086756773,3773.8807517010737,128957.33105021606,2668.536670917213,129727.67123286439,129727.67123286439,129727.67123286439,129727.67123286439,129727.67123286439,2005-01-01
2005,2,120483.58904108444,4,215778295.0,2005-02-01,0.8660254037844386,0.5000000000000001,123564.94977167777,5337.073341835051,126646.31050227107,4773.623517297762,128186.99086756773,3598.2541130212235,120483.58904108444,129727.67123286439,129727.67123286439,129727.67123286439,129727.67123286439,2005-02-01
2005,3,120483.58904108444,4,215778295.0,2005-03-01,1.0,6.123233995736766e-17,120483.58904108444,0.0,125105.63013697443,5063.192339869293,127416.6506849194,4180.793476546139,120483.58904108444,120483.58904108444,129727.67123286439,129727.67123286439,129727.67123286439,2005-03-01
2005,4,120483.58904108444,4,215778295.0,2005-04-01,0.8660254037844387,-0.4999999999999998,120483.58904108444,0.0,123564.94977167777,4773.623517297776,126646.3105022711,4551.4714388865195,120483.58904108444,120483.58904108444,120483.58904108444,129727.67123286439,129727.67123286439,2005-04-01
2005,5,120483.58904108444,4,215778295.0,2005-05-01,0.49999999999999994,-0.8660254037844387,120483.58904108444,0.0,122024.2694063811,3773.8807517011137,125875.97031962273,4760.042768534866,120483.58904108444,120483.58904108444,120483.58904108444,129727.67123286439,129727.67123286439,2005-05-01
2005,6,120483.58904108444,4,215778295.0,2005-06-01,1.2246467991473532e-16,-1.0,120483.58904108444,0.0,120483.58904108444,0.0,125105.6301369744,4827.564478220336,120483.58904108444,120483.58904108444,120483.58904108444,129727.67123286439,129727.67123286439,2005-06-01
2005,7,120483.58904108444,4,215778295.0,2005-07-01,-0.4999999999999997,-0.8660254037844388,120483.58904108444,0.0,120483.58904108444,0.0,124335.2899543261,4760.042768534845,120483.58904108444,120483.58904108444,120483.58904108444,120483.58904108444,129727.67123286439,2005-07-01
2005,8,120483.58904108444,4,215778295.0,2005-08-01,-0.8660254037844385,-0.5000000000000004,120483.58904108444,0.0,120483.58904108444,0.0,123564.94977167777,4551.471438886477,120483.58904108444,120483.58904108444,120483.58904108444,120483.58904108444,129727.67123286439,2005-08-01
2005,9,120483.58904108444,4,215778295.0,2005-09-01,-1.0,-1.8369701987210297e-16,120483.58904108444,0.0,120483.58904108444,0.0,122794.60958902944,4180.793476546069,120483.58904108444,120483.58904108444,120483.58904108444,120483.58904108444,129727.67123286439,2005-09-01
2005,10,120483.58904108444,4,215778295.0,2005-10-01,-0.8660254037844386,0.5000000000000001,120483.58904108444,0.0,120483.58904108444,0.0,122024.2694063811,3598.2541130211157,120483.58904108444,120483.58904108444,120483.58904108444,120483.58904108444,129727.67123286439,2005-10-01
2005,11,120483.58904108444,4,215778295.0,2005-11-01,-0.5000000000000004,0.8660254037844384,120483.58904108444,0.0,120483.58904108444,0.0,121253.92922373279,2668.536670917037,120483.58904108444,120483.58904108444,120483.58904108444,120483.58904108444,129727.67123286439,2005-11-01
2005,12,120483.58904108444,4,215778295.0,2005-12-01,-2.4492935982947064e-16,1.0,120483.58904108444,0.0,120483.58904108444,0.0,120483.58904108444,0.0,120483.58904108444,120483.58904108444,120483.58904108444,120483.58904108444,129727.67123286439,2005-12-01
2006,1,107382.93150683912,4,218367634.0,2006-01-01,0.49999999999999994,0.8660254037844387,116116.703196336,7563.668153957537,118300.14611871022,5348.321042307858,119391.86757989733,3781.8340769784018,120483.58904108444,120483.58904108444,120483.58904108444,120483.58904108444,120483.58904108444,2006-01-01
2006,2,107382.93150683912,4,218367634.0,2006-02-01,0.8660254037844386,0.5000000000000001,111749.81735158754,7563.668153957524,116116.703196336,6765.150460599608,118300.14611871022,5099.424029115526,107382.93150683912,120483.58904108444,120483.58904108444,120483.58904108444,120483.58904108444,2006-02-01
2006,3,107382.93150683912,4,218367634.0,2006-03-01,1.0,6.123233995736766e-17,107382.93150683912,0.0,113933.26027396177,7175.52564965596,117208.42465752311,5924.995302004393,107382.93150683912,107382.93150683912,120483.58904108444,120483.58904108444,120483.58904108444,2006-03-01
2006,4,107382.93150683912,4,218367634.0,2006-04-01,0.8660254037844387,-0.4999999999999998,107382.93150683912,0.0,111749.81735158757,6765.150460599636,116116.70319633599,6450.317874799274,107382.93150683912,107382.93150683912,107382.93150683912,120483.58904108444,120483.58904108444,2006-04-01
2006,5,107382.93150683912,4,218367634.0,2006-05-01,0.49999999999999994,-0.8660254037844387,107382.93150683912,0.0,109566.37442921333,5348.32104230793,115024.98173514889,6745.9039053534925,107382.93150683912,107382.93150683912,107382.93150683912,120483.58904108444,120483.58904108444,2006-05-01
2006,6,107382.93150683912,4,218367634.0,2006-06-01,1.2246467991473532e-16,-1.0,107382.93150683912,0.0,107382.93150683912,0.0,113933.26027396177,6841.595265119062,107382.93150683912,107382.93150683912,107382.93150683912,120483.58904108444,120483.58904108444,2006-06-01
2006,7,107382.93150683912,4,218367634.0,2006-07-01,-0.4999999999999997,-0.8660254037844388,107382.93150683912,0.0,107382.93150683912,0.0,112841.53881277466,6745.903905353473,107382.93150683912,107382.93150683912,107382.93150683912,107382.93150683912,120483.58904108444,2006-07-01
2006,8,107382.93150683912,4,218367634.0,2006-08-01,-0.8660254037844385,-0.5000000000000004,107382.93150683912,0.0,107382.93150683912,0.0,111749.81735158754,6450.317874799237,107382.93150683912,107382.93150683912,107382.93150683912,107382.93150683912,120483.58904108444,2006-08-01
2006,9,107382.93150683912,4,218367634.0,2006-09-01,-1.0,-1.8369701987210297e-16,107382.93150683912,0.0,107382.93150683912,0.0,110658.09589040045,5924.995302004336,107382.93150683912,107382.93150683912,107382.93150683912,107382.93150683912,120483.58904108444,2006-09-01
2006,10,107382.93150683912,4,218367634.0,2006-10-01,-0.8660254037844386,0.5000000000000001,107382.93150683912,0.0,107382.93150683912,0.0,109566.37442921333,5099.424029115442,107382.93150683912,107382.93150683912,107382.93150683912,107382.93150683912,120483.58904108444,2006-10-01
2006,11,107382.93150683912,4,218367634.0,2006-11-01,-0.5000000000000004,0.8660254037844384,107382.93150683912,0.0,107382.93150683912,0.0,108474.65296802622,3781.83407697827,107382.93150683912,107382.93150683912,107382.93150683912,107382.93150683912,120483.58904108444,2006-11-01
2006,12,107382.93150683912,4,218367634.0,2006-12-01,-2.4492935982947064e-16,1.0,107382.93150683912,0.0,107382.93150683912,0.0,107382.93150683912,0.0,107382.93150683912,107382.93150683912,107382.93150683912,107382.93150683912,120483.58904108444,2006-12-01
2007,1,136014.794520535,4,220988046.0,2007-01-01,0.49999999999999994,0.8660254037844387,116926.88584473776,16530.61381835777,112154.90867578844,11688.90912813674,109768.92009131378,8265.306909178662,107382.93150683912,107382.93150683912,107382.93150683912,107382.93150683912,107382.93150683912,2007-01-01
2007,2,136014.794520535,4,220988046.0,2007-02-01,0.8660254037844386,0.5000000000000001,126470.84018263638,16530.61381835779,116926.88584473776,14785.430483058077,112154.90867578844,11144.937562769632,136014.794520535,107382.93150683912,107382.93150683912,107382.93150683912,107382.93150683912,2007-02-01
2007,3,136014.794520535,4,220988046.0,2007-03-01,1.0,6.123233995736766e-17,136014.794520535,0.0,121698.86301368706,15682.317235998997,114540.8972602631,12949.247272538536,136014.794520535,136014.794520535,107382.93150683912,107382.93150683912,107382.93150683912,2007-03-01
2007,4,136014.794520535,4,220988046.0,2007-04-01,0.8660254037844387,-0.4999999999999998,136014.794520535,0.0,126470.84018263638,14785.430483058077,116926.88584473776,14097.354831487224,136014.794520535,136014.794520535,136014.794520535,107382.93150683912,107382.93150683912,2007-04-01
2007,5,136014.794520535,4,220988046.0,2007-05-01,0.49999999999999994,-0.8660254037844387,136014.794520535,0.0,131242.8173515857,11688.90912813674,119312.87442921242,14743.36658421549,136014.794520535,136014.794520535,136014.794520535,107382.93150683912,107382.93150683912,2007-05-01
2007,6,136014.794520535,4,220988046.0,2007-06-01,1.2246467991473532e-16,-1.0,136014.794520535,0.0,136014.794520535,0.0,121698.86301368708,14952.502797206354,136014.794520535,136014.794520535,136014.794520535,107382.93150683912,107382.93150683912,2007-06-01
2007,7,136014.794520535,4,220988046.0,2007-07-01,-0.4999999999999997,-0.8660254037844388,136014.794520535,0.0,136014.794520535,0.0,124084.85159816172,14743.366584215495,136014.794520535,136014.794520535,136014.794520535,136014.794520535,107382.93150683912,2007-07-01
2007,8,136014.794520535,4,220988046.0,2007-08-01,-0.8660254037844385,-0.5000000000000004,136014.794520535,0.0,136014.794520535,0.0,126470.84018263638,14097.354831487237,136014.794520535,136014.794520535,136014.794520535,136014.794520535,107382.93150683912,2007-08-01
2007,9,136014.794520535,4,220988046.0,2007-09-01,-1.0,-1.8369701987210297e-16,136014.794520535,0.0,136014.794520535,0.0,128856.82876711104,12949.247272538561,136014.794520535,136014.794520535,136014.794520535,136014.794520535,107382.93150683912,2007-09-01
2007,10,136014.794520535,4,220988046.0,2007-10-01,-0.8660254037844386,0.5000000000000001,136014.794520535,0.0,136014.794520535,0.0,131242.8173515857,11144.937562769677,136014.794520535,136014.794520535,136014.794520535,136014.794520535,107382.93150683912,2007-10-01
2007,11,136014.794520535,4,220988046.0,2007-11-01,-0.5000000000000004,0.8660254037844384,136014.794520535,0.0,136014.794520535,0.0,133628.80593606035,8265.306909178742,136014.794520535,136014.794520535,136014.794520535,136014.794520535,107382.93150683912,2007-11-01
2007,12,136014.794520535,4,220988046.0,2007-12-01,-2.4492935982947064e-16,1.0,136014.794520535,0.0,136014.794520535,0.0,136014.794520535,0.0,136014.794520535,136014.794520535,136014.794520535,136014.794520535,107382.93150683912,2007-12-01
2008,1,141701.45205478105,4,223639902.0,2008-01-01,0.49999999999999994,0.8660254037844387,137910.34703195037,3283.193258186146,136962.57077624268,2321.568216808805,136488.68264838884,1641.5966290923002,136014.794520535,136014.794520535,136014.794520535,136014.794520535,136014.794520535,2008-01-01
2008,2,141701.45205478105,4,223639902.0,2008-02-01,0.8660254037844386,0.5000000000000001,139805.8995433657,3283.193258186161,137910.34703195037,2936.5773234288476,136962.57077624268,2213.5284431087844,141701.45205478105,136014.794520535,136014.794520535,136014.794520535,136014.794520535,2008-02-01
2008,3,141701.45205478105,4,223639902.0,2008-03-01,1.0,6.123233995736766e-17,141701.45205478105,0.0,138858.12328765803,3114.7106083128238,137436.45890409654,2571.8876389552056,141701.45205478105,141701.45205478105,136014.794520535,136014.794520535,136014.794520535,2008-03-01
2008,4,141701.45205478105,4,223639902.0,2008-04-01,0.8660254037844387,-0.4999999999999998,141701.45205478105,0.0,139805.89954336573,2936.5773234288476,137910.34703195034,2799.9166183163666,141701.45205478105,141701.45205478105,141701.45205478105,136014.794520535,136014.794520535,2008-04-01
2008,5,141701.45205478105,4,223639902.0,2008-05-01,0.49999999999999994,-0.8660254037844387,141701.45205478105,0.0,140753.6757990734,2321.5682168088047,138384.2351598042,2928.2228902172583,141701.45205478105,141701.45205478105,141701.45205478105,136014.794520535,136014.794520535,2008-05-01
2008,6,141701.45205478105,4,223639902.0,2008-06-01,1.2246467991473532e-16,-1.0,141701.45205478105,0.0,141701.45205478105,0.0,138858.123287658,2969.7600413526734,141701.45205478105,141701.45205478105,141701.45205478105,136014.794520535,136014.794520535,2008-06-01
2008,7,141701.45205478105,4,223639902.0,2008-07-01,-0.4999999999999997,-0.8660254037844388,141701.45205478105,0.0,141701.45205478105,0.0,139332.01141551186,2928.2228902172583,141701.45205478105,141701.45205478105,141701.45205478105,141701.45205478105,136014.794520535,2008-07-01
2008,8,141701.45205478105,4,223639902.0,2008-08-01,-0.8660254037844385,-0.5000000000000004,141701.45205478105,0.0,141701.45205478105,0.0,139805.89954336573,2799.9166183163666,141701.45205478105,141701.45205478105,141701.45205478105,141701.45205478105,136014.794520535,2008-08-01
2008,9,141701.45205478105,4,223639902.0,2008-09-01,-1.0,-1.8369701987210297e-16,141701.45205478105,0.0,141701.45205478105,0.0,140279.78767121953,2571.8876389552024,141701.45205478105,141701.45205478105,141701.45205478105,141701.45205478105,136014.794520535,2008-09-01
2008,10,141701.45205478105,4,223639902.0,2008-10-01,-0.8660254037844386,0.5000000000000001,141701.45205478105,0.0,141701.45205478105,0.0,140753.6757990734,2213.5284431087703,141701.45205478105,141701.45205478105,141701.45205478105,141701.45205478105,136014.794520535,2008-10-01
2008,11,141701.45205478105,4,223639902.0,2008-11-01,-0.5000000000000004,0.8660254037844384,141701.45205478105,0.0,141701.45205478105,0.0,141227.56392692722,1641.5966290922593,141701.45205478105,141701.45205478105,141701.45205478105,141701.45205478105,136014.794520535,2008-11-01
2008,12,141701.45205478105,4,223639902.0,2008-12-01,-2.4492935982947064e-16,1.0,141701.45205478105,0.0,141701.45205478105,0.0,141701.45205478105,0.0,141701.45205478105,141701.45205478105,141701.45205478105,141701.45205478105,136014.794520535,2008-12-01
2009,1,141920.35616437008,4,226323581.0,2009-01-01,0.49999999999999994,0.8660254037844387,141774.42009131072,126.38434659815218,141737.9360730459,89.36722849989165,141719.69406391348,63.19217327648988,141701.45205478105,141701.45205478105,141701.45205478105,141701.45205478105,141701.45205478105,2009-01-01
2009,2,141920.35616437008,4,226323581.0,2009-02-01,0.8660254037844386,0.5000000000000001,141847.3881278404,126.38434659816268,141774.42009131072,113.04159610182224,141737.9360730459,85.20830907713504,141920.35616437008,141701.45205478105,141701.45205478105,141701.45205478105,141701.45205478105,2009-02-01
2009,3,141920.35616437008,4,226323581.0,2009-03-01,1.0,6.123233995736766e-17,141920.35616437008,0.0,141810.90410957558,119.89871874104912,141756.17808217832,99.0031086092728,141920.35616437008,141920.35616437008,141701.45205478105,141701.45205478105,141701.45205478105,2009-03-01
2009,4,141920.35616437008,4,226323581.0,2009-04-01,0.8660254037844387,-0.4999999999999998,141920.35616437008,0.0,141847.38812784042,113.0415961018119,141774.42009131072,107.78093291000754,141920.35616437008,141920.35616437008,141920.35616437008,141701.45205478105,141701.45205478105,2009-04-01
2009,5,141920.35616437008,4,226323581.0,2009-05-01,0.49999999999999994,-0.8660254037844387,141920.35616437008,0.0,141883.87214610525,89.36722849986552,141792.66210044315,112.71999773660639,141920.35616437008,141920.35616437008,141920.35616437008,141701.45205478105,141701.45205478105,2009-05-01
2009,6,141920.35616437008,4,226323581.0,2009-06-01,1.2246467991473532e-16,-1.0,141920.35616437008,0.0,141920.35616437008,0.0,141810.90410957558,114.31894281643197,141920.35616437008,141920.35616437008,141920.35616437008,141701.45205478105,141701.45205478105,2009-06-01
2009,7,141920.35616437008,4,226323581.0,2009-07-01,-0.4999999999999997,-0.8660254037844388,141920.35616437008,0.0,141920.35616437008,0.0,141829.14611870798,112.71999773655855,141920.35616437008,141920.35616437008,141920.35616437008,141920.35616437008,141701.45205478105,2009-07-01
2009,8,141920.35616437008,4,226323581.0,2009-08-01,-0.8660254037844385,-0.5000000000000004,141920.35616437008,0.0,141920.35616437008,0.0,141847.3881278404,107.78093290990354,141920.35616437008,141920.35616437008,141920.35616437008,141920.35616437008,141701.45205478105,2009-08-01
2009,9,141920.35616437008,4,226323581.0,2009-09-01,-1.0,-1.8369701987210297e-16,141920.35616437008,0.0,141920.35616437008,0.0,141865.63013697285,99.00310860910083,141920.35616437008,141920.35616437008,141920.35616437008,141920.35616437008,141701.45205478105,2009-09-01
2009,10,141920.35616437008,4,226323581.0,2009-10-01,-0.8660254037844386,0.5000000000000001,141920.35616437008,0.0,141920.35616437008,0.0,141883.87214610525,85.208309076867,141920.35616437008,141920.35616437008,141920.35616437008,141920.35616437008,141701.45205478105,2009-10-01
2009,11,141920.35616437008,4,226323581.0,2009-11-01,-0.5000000000000004,0.8660254037844384,141920.35616437008,0.0,141920.35616437008,0.0,141902.11415523765,63.19217327604102,141920.35616437008,141920.35616437008,141920.35616437008,141920.35616437008,141701.45205478105,2009-11-01
2009,12,141920.35616437008,4,226323581.0,2009-12-01,-2.4492935982947064e-16,1.0,141920.35616437008,0.0,141920.35616437008,0.0,141920.35616437008,0.0,141920.35616437008,141920.35616437008,141920.35616437008,141920.35616437008,141701.45205478105,2009-12-01
2010,1,285308.2635616167,5,229039464.0,2010-01-01,0.49999999999999994,0.8660254037844387,189716.3252967856,82785.0469343375,165818.34073057785,58537.8680681166,153869.34844747395,41392.52346716866,141920.35616437008,141920.35616437008,141920.35616437008,141920.35616437008,141920.35616437008,2010-01-01
2010,2,285308.2635616167,5,229039464.0,2010-02-01,0.8660254037844386,0.5000000000000001,237512.29442920117,82785.04693433752,189716.3252967856,74045.19698627562,165818.34073057785,55813.66725714329,285308.2635616167,141920.35616437008,141920.35616437008,141920.35616437008,141920.35616437008,2010-02-01
2010,3,285308.2635616167,5,229039464.0,2010-03-01,1.0,6.123233995736766e-17,285308.2635616167,0.0,213614.3098629934,78536.79135493381,177767.33301368172,64849.62113330344,285308.2635616167,285308.2635616167,141920.35616437008,141920.35616437008,141920.35616437008,2010-03-01
2010,4,285308.2635616167,5,229039464.0,2010-04-01,0.8660254037844387,-0.4999999999999998,285308.2635616167,0.0,237512.29442920117,74045.1969862756,189716.32529678565,70599.32523973421,285308.2635616167,285308.2635616167,285308.2635616167,141920.35616437008,141920.35616437008,2010-04-01
2010,5,285308.2635616167,5,229039464.0,2010-05-01,0.49999999999999994,-0.8660254037844387,285308.2635616167,0.0,261410.27899540894,58537.86806811654,201665.31757988952,73834.54166045482,285308.2635616167,285308.2635616167,285308.2635616167,141920.35616437008,141920.35616437008,2010-05-01
2010,6,285308.2635616167,5,229039464.0,2010-06-01,1.2246467991473532e-16,-1.0,285308.2635616167,0.0,285308.2635616167,0.0,213614.3098629934,74881.89243631596,285308.2635616167,285308.2635616167,285308.2635616167,141920.35616437008,141920.35616437008,2010-06-01
2010,7,285308.2635616167,5,229039464.0,2010-07-01,-0.4999999999999997,-0.8660254037844388,285308.2635616167,0.0,285308.2635616167,0.0,225563.3021460973,73834.5416604548,285308.2635616167,285308.2635616167,285308.2635616167,285308.2635616167,141920.35616437008,2010-07-01
2010,8,285308.2635616167,5,229039464.0,2010-08-01,-0.8660254037844385,-0.5000000000000004,285308.2635616167,0.0,285308.2635616167,0.0,237512.29442920117,70599.32523973416,285308.2635616167,285308.2635616167,285308.2635616167,285308.2635616167,141920.35616437008,2010-08-01
2010,9,285308.2635616167,5,229039464.0,2010-09-01,-1.0,-1.8369701987210297e-16,285308.2635616167,0.0,285308.2635616167,0.0,249461.28671230504,64849.62113330334,285308.2635616167,285308.2635616167,285308.2635616167,285308.2635616167,141920.35616437008,2010-09-01
2010,10,285308.2635616167,5,229039464.0,2010-10-01,-0.8660254037844386,0.5000000000000001,285308.2635616167,0.0,285308.2635616167,0.0,261410.2789954089,55813.66725714312,285308.2635616167,285308.2635616167,285308.2635616167,285308.2635616167,141920.35616437008,2010-10-01
2010,11,285308.2635616167,5,229039464.0,2010-11-01,-0.5000000000000004,0.8660254037844384,285308.2635616167,0.0,285308.2635616167,0.0,273359.27127851284,41392.523467168365,285308.2635616167,285308.2635616167,285308.2635616167,285308.2635616167,141920.35616437008,2010-11-01
2010,12,840246.2465752626,5,229039464.0,2010-12-01,-2.4492935982947064e-16,1.0,470287.59123283206,320393.5938764765,377797.92739722435,226552.48287878514,331553.09547942056,160196.7969382381,285308.2635616167,285308.2635616167,285308.2635616167,285308.2635616167,141920.35616437008,2010-12-01
2011,1,402137.09589037276,6,231787938.0,2011-01-01,0.49999999999999994,0.8660254037844387,509230.5353424174,292559.0450286318,397269.399452017,221988.0020881047,341288.8315068169,160680.16034259647,840246.2465752626,285308.2635616167,285308.2635616167,285308.2635616167,285308.2635616167,2011-01-01
2011,2,402137.09589037276,6,231787938.0,2011-02-01,0.8660254037844386,0.5000000000000001,548173.4794520027,252942.4360823596,416740.8715068097,215224.0388665754,351024.56753421325,160519.1933649935,402137.09589037276,840246.2465752626,285308.2635616167,285308.2635616167,285308.2635616167,2011-02-01
2011,3,402137.09589037276,6,231787938.0,2011-03-01,1.0,6.123233995736766e-17,402137.09589037276,0.0,436212.34356160247,206044.09480366224,360760.30356160953,159711.94783656,402137.09589037276,402137.09589037276,840246.2465752626,285308.2635616167,285308.2635616167,2011-03-01
2011,4,402137.09589037276,6,231787938.0,2011-04-01,0.8660254037844387,-0.4999999999999998,402137.09589037276,0.0,455683.8156163951,194105.69121828082,370496.0395890058,158248.53382360982,402137.09589037276,402137.09589037276,402137.09589037276,285308.2635616167,285308.2635616167,2011-04-01
2011,5,402137.09589037276,6,231787938.0,2011-05-01,0.49999999999999994,-0.8660254037844387,402137.09589037276,0.0,475155.2876711877,178857.31180368116,380231.7756164022,156110.4992153652,402137.09589037276,402137.09589037276,402137.09589037276,285308.2635616167,285308.2635616167,2011-05-01
2011,6,945959.9999999101,6,231787938.0,2011-06-01,1.2246467991473532e-16,-1.0,583411.3972602185,313976.30007912556,492774.24657529563,222014.77091781184,435286.08698626,222126.41608212172,402137.09589037276,402137.09589037276,402137.09589037276,840246.2465752626,285308.2635616167,2011-06-01
2011,7,402137.09589037276,6,231787938.0,2011-07-01,-0.4999999999999997,-0.8660254037844388,583411.3972602185,313976.30007912556,492774.24657529563,222014.77091781184,445021.8230136563,217466.75510939525,945959.9999999101,402137.09589037276,402137.09589037276,402137.09589037276,285308.2635616167,2011-07-01
2011,8,402137.09589037276,6,231787938.0,2011-08-01,-0.8660254037844385,-0.5000000000000004,583411.3972602185,313976.30007912556,492774.24657529563,222014.77091781184,454757.55904105265,212218.358693365,402137.09589037276,945959.9999999101,402137.09589037276,402137.09589037276,285308.2635616167,2011-08-01
2011,9,945959.9999999101,6,231787938.0,2011-09-01,-1.0,-1.8369701987210297e-16,583411.3972602185,313976.30007912556,583411.3972602185,280828.94012031873,509811.8704109105,247091.81166156082,402137.09589037276,402137.09589037276,945959.9999999101,402137.09589037276,285308.2635616167,2011-09-01
2011,10,402137.09589037276,6,231787938.0,2011-10-01,-0.8660254037844386,0.5000000000000001,583411.3972602185,313976.30007912556,583411.3972602185,280828.94012031873,519547.6064383068,239630.88475249126,945959.9999999101,402137.09589037276,402137.09589037276,402137.09589037276,285308.2635616167,2011-10-01
2011,11,402137.09589037276,6,231787938.0,2011-11-01,-0.5000000000000004,0.8660254037844384,583411.3972602185,313976.30007912556,583411.3972602185,280828.94012031873,529283.3424657031,231483.8132498804,402137.09589037276,945959.9999999101,402137.09589037276,402137.09589037276,285308.2635616167,2011-11-01
2011,12,402137.09589037276,6,231787938.0,2011-12-01,-2.4492935982947064e-16,1.0,402137.09589037276,0.0,492774.2465752957,222014.77091781184,492774.24657529563,211682.77833006388,402137.09589037276,402137.09589037276,945959.9999999101,945959.9999999101,840246.2465752626,2011-12-01
2012,1,891877.281972518,8,234569393.0,2012-01-01,0.49999999999999994,0.8660254037844387,565383.8245844211,282751.62826750404,574397.6109223198,267412.2998904408,533585.9287488078,238172.3218813521,402137.09589037276,402137.09589037276,402137.09589037276,402137.09589037276,402137.09589037276,2012-01-01
2012,2,891877.281972518,8,234569393.0,2012-02-01,0.8660254037844386,0.5000000000000001,728630.5532784695,282751.6282675042,656020.975269344,278816.10624588496,574397.6109223198,254967.62384965838,891877.281972518,402137.09589037276,402137.09589037276,402137.09589037276,402137.09589037276,2012-02-01
2012,3,1469033.94520534,8,234569393.0,2012-03-01,1.0,6.123233995736766e-17,1084262.8363834585,333221.5548820565,743199.9661369157,428956.0578989161,663305.6816985671,355596.5699698296,891877.281972518,891877.281972518,402137.09589037276,945959.9999999101,402137.09589037276,2012-03-01
2012,4,891877.281972518,8,234569393.0,2012-04-01,0.8660254037844387,-0.4999999999999998,1084262.8363834585,333221.5548820565,824823.3304839398,396439.9876854498,704117.3638720792,350970.98452127306,1469033.94520534,891877.281972518,891877.281972518,402137.09589037276,402137.09589037276,2012-04-01
2012,5,891877.281972518,8,234569393.0,2012-05-01,0.49999999999999994,-0.8660254037844387,1084262.8363834585,333221.5548820565,906446.694830964,338136.55733492656,744929.0460455912,340996.0724256549,891877.281972518,1469033.94520534,891877.281972518,402137.09589037276,402137.09589037276,2012-05-01
2012,6,891877.281972518,8,234569393.0,2012-06-01,1.2246467991473532e-16,-1.0,891877.281972518,0.0,988070.0591779882,235623.2210946272,740422.152876642,338445.39375164465,891877.281972518,891877.281972518,1469033.94520534,402137.09589037276,945959.9999999101,2012-06-01
2012,7,891877.281972518,8,234569393.0,2012-07-01,-0.4999999999999997,-0.8660254037844388,891877.281972518,0.0,988070.0591779883,235623.2210946272,781233.835050154,323125.7685900516,891877.281972518,891877.281972518,891877.281972518,891877.281972518,402137.09589037276,2012-07-01
2012,8,891877.281972518,8,234569393.0,2012-08-01,-0.8660254037844385,-0.5000000000000004,891877.281972518,0.0,988070.0591779882,235623.2210946272,822045.5172236661,301066.80011998076,891877.281972518,891877.281972518,891877.281972518,891877.281972518,402137.09589037276,2012-08-01
2012,9,891877.281972518,8,234569393.0,2012-09-01,-1.0,-1.8369701987210297e-16,891877.281972518,0.0,891877.281972518,0.0,817538.6240547169,299443.6251045243,891877.281972518,891877.281972518,891877.281972518,1469033.94520534,945959.9999999101,2012-09-01
2012,10,891877.281972518,8,234569393.0,2012-10-01,-0.8660254037844386,0.5000000000000001,891877.281972518,0.0,891877.281972518,0.0,858350.306228229,269563.96043356153,891877.281972518,891877.281972518,891877.281972518,891877.281972518,402137.09589037276,2012-10-01
2012,11,891877.281972518,8,234569393.0,2012-11-01,-0.5000000000000004,0.8660254037844384,891877.281972518,0.0,891877.281972518,0.0,899161.9884017411,228098.55533492894,891877.281972518,891877.281972518,891877.281972518,891877.281972518,402137.09589037276,2012-11-01
2012,12,891877.281972518,8,234569393.0,2012-12-01,-2.4492935982947064e-16,1.0,891877.281972518,0.0,891877.281972518,0.0,939973.6705752531,166610.7774410275,891877.281972518,891877.281972518,891877.281972518,891877.281972518,402137.09589037276,2012-12-01
2013,1,904616.7123286811,10,237384226.0,2013-01-01,0.49999999999999994,0.8660254037844387,896123.7587579057,7355.113545470018,894000.5203652118,5200.850664390619,941035.2897716,166316.78159205904,891877.281972518,891877.281972518,891877.281972518,891877.281972518,891877.281972518,2013-01-01
2013,2,904616.7123286811,10,237384226.0,2013-02-01,0.8660254037844386,0.5000000000000001,900370.2355432934,7355.113545470119,896123.7587579056,6578.613547948049,942096.908967947,166014.85937297682,904616.7123286811,891877.281972518,891877.281972518,891877.281972518,891877.281972518,2013-02-01
2013,3,904616.7123286811,10,237384226.0,2013-03-01,1.0,6.123233995736766e-17,904616.7123286811,0.0,898246.9971505996,6977.673375839319,895062.1395615587,5761.624163748696,904616.7123286811,904616.7123286811,891877.281972518,891877.281972518,1469033.94520534,2013-03-01
2013,4,904616.7123286811,10,237384226.0,2013-04-01,0.8660254037844387,-0.4999999999999998,904616.7123286811,0.0,900370.2355432934,6578.613547948082,896123.7587579057,6272.461907057465,904616.7123286811,904616.7123286811,904616.7123286811,891877.281972518,891877.281972518,2013-04-01
2013,5,904616.7123286811,10,237384226.0,2013-05-01,0.49999999999999994,-0.8660254037844387,904616.7123286811,0.0,902493.4739359872,5200.85066439066,897185.3779542526,6559.897681991944,904616.7123286811,904616.7123286811,904616.7123286811,891877.281972518,891877.281972518,2013-05-01
2013,6,1494536.3835615017,10,237384226.0,2013-06-01,1.2246467991473532e-16,-1.0,1101256.6027396212,340590.28098652494,1002936.6575341512,240833.69729180314,947406.9697533346,172417.80741628143,904616.7123286811,904616.7123286811,904616.7123286811,891877.281972518,891877.281972518,2013-06-01
2013,7,904616.7123286811,10,237384226.0,2013-07-01,-0.4999999999999997,-0.8660254037844388,1101256.6027396214,340590.28098652494,1002936.6575341512,240833.69729180314,948468.5889496816,172083.71084980536,1494536.3835615017,904616.7123286811,904616.7123286811,904616.7123286811,891877.281972518,2013-07-01
2013,8,904616.7123286811,10,237384226.0,2013-08-01,-0.8660254037844385,-0.5000000000000004,1101256.6027396212,340590.28098652494,1002936.6575341513,240833.69729180314,949530.2081460286,171741.8055666483,904616.7123286811,1494536.3835615017,904616.7123286811,904616.7123286811,891877.281972518,2013-08-01
2013,9,904616.7123286811,10,237384226.0,2013-09-01,-1.0,-1.8369701987210297e-16,904616.7123286811,0.0,1002936.6575341512,240833.69729180314,950591.8273423753,171392.0448346334,904616.7123286811,904616.7123286811,1494536.3835615017,904616.7123286811,891877.281972518,2013-09-01
2013,10,904616.7123286811,10,237384226.0,2013-10-01,-0.8660254037844386,0.5000000000000001,904616.7123286811,0.0,1002936.6575341513,240833.69729180314,951653.4465387223,171034.38046121912,904616.7123286811,904616.7123286811,904616.7123286811,904616.7123286811,891877.281972518,2013-10-01
2013,11,1494536.3835615017,10,237384226.0,2013-11-01,-0.5000000000000004,0.8660254037844384,1101256.6027396212,340590.28098652494,1101256.6027396214,304633.20830464916,1001875.0383378043,230150.65152348147,904616.7123286811,904616.7123286811,904616.7123286811,904616.7123286811,891877.281972518,2013-11-01
2013,12,904616.7123286811,10,237384226.0,2013-12-01,-2.4492935982947064e-16,1.0,1101256.6027396212,340590.28098652494,1002936.6575341512,240833.6972918031,1002936.6575341512,229625.9205974314,1494536.3835615017,904616.7123286811,904616.7123286811,1494536.3835615017,891877.281972518,2013-12-01
2014,1,1252899.0044930317,8,240232836.0,2014-01-01,0.49999999999999994,0.8660254037844387,1217350.7001277383,296562.07796057774,1060983.7062282097,254008.6427095117,1031960.1818811805,237929.45501443185,904616.7123286811,1494536.3835615017,904616.7123286811,904616.7123286811,904616.7123286811,2014-01-01
2014,2,683042.42915062,8,240232836.0,2014-02-01,0.8660254037844386,0.5000000000000001,946852.7153241108,287266.49487369414,1024054.6590318661,294213.66312002833,1013495.6582830087,256577.23567812287,1252899.0044930317,904616.7123286811,1494536.3835615017,904616.7123286811,904616.7123286811,2014-02-01
2014,3,683042.42915062,8,240232836.0,2014-03-01,1.0,6.123233995736766e-17,872994.6209314239,329006.8471734199,987125.6118355226,324545.7713443378,995031.1346848368,272597.6230040276,683042.42915062,1252899.0044930317,904616.7123286811,904616.7123286811,904616.7123286811,2014-03-01
2014,4,683042.42915062,8,240232836.0,2014-04-01,0.8660254037844387,-0.4999999999999998,683042.42915062,0.0,950196.564639179,347599.2303847715,976566.6110866652,286431.81415674026,683042.42915062,683042.42915062,1252899.0044930317,904616.7123286811,904616.7123286811,2014-04-01
2014,5,1252899.0044930317,8,240232836.0,2014-05-01,0.49999999999999994,-0.8660254037844387,872994.6209314239,329006.8471734199,909923.6681277674,279183.67297856166,1005590.1354336943,295965.2083208539,683042.42915062,683042.42915062,683042.42915062,1494536.3835615017,904616.7123286811,2014-05-01
2014,6,683042.42915062,8,240232836.0,2014-06-01,1.2246467991473532e-16,-1.0,872994.6209314239,329006.8471734199,872994.6209314239,294272.67013706034,937965.6392327877,265199.95360851893,1252899.0044930317,683042.42915062,683042.42915062,904616.7123286811,1494536.3835615017,2014-06-01
2014,7,1252899.0044930317,8,240232836.0,2014-07-01,-0.4999999999999997,-0.8660254037844388,1062946.8127122277,329006.84717342,872994.6209314239,294272.67013706034,966989.1635798168,279870.69471710455,683042.42915062,1252899.0044930317,683042.42915062,1252899.0044930317,904616.7123286811,2014-07-01
2014,8,683042.42915062,8,240232836.0,2014-08-01,-0.8660254037844385,-0.5000000000000004,872994.6209314239,329006.84717342,872994.6209314239,294272.67013706034,948524.639981645,291430.30121255136,1252899.0044930317,683042.42915062,1252899.0044930317,683042.42915062,904616.7123286811,2014-08-01
2014,9,683042.42915062,8,240232836.0,2014-09-01,-1.0,-1.8369701987210297e-16,872994.6209314239,329006.84717342,872994.6209314239,294272.67013706034,930060.1163834734,301316.7254944514,683042.42915062,1252899.0044930317,683042.42915062,683042.42915062,904616.7123286811,2014-09-01
2014,10,683042.42915062,8,240232836.0,2014-10-01,-0.8660254037844386,0.5000000000000001,683042.42915062,0.0,872994.6209314239,294272.67013706034,911595.5927853015,309690.2509847787,683042.42915062,683042.42915062,1252899.0044930317,683042.42915062,904616.7123286811,2014-10-01
2014,11,683042.42915062,8,240232836.0,2014-11-01,-0.5000000000000004,0.8660254037844384,683042.42915062,0.0,778018.525041022,232642.9726931312,843971.0965843947,254509.91770721917,683042.42915062,683042.42915062,683042.42915062,1252899.0044930317,1494536.3835615017,2014-11-01
2014,12,1252899.0044930317,8,240232836.0,2014-12-01,-2.4492935982947064e-16,1.0,872994.6209314239,329006.84717342,872994.6209314239,294272.67013706034,872994.6209314239,280577.98201309546,683042.42915062,683042.42915062,683042.42915062,683042.42915062,904616.7123286811,2014-12-01
2015,1,1132934.76712318,8,243115631.0,2015-01-01,0.49999999999999994,0.8660254037844387,1022958.7335889438,300424.99077005597,853000.5813697819,266016.9134445729,862997.6011506029,267650.77280170325,1252899.0044930317,683042.42915062,683042.42915062,1252899.0044930317,1252899.0044930317,2015-01-01
2015,2,508937.3972602256,8,243115631.0,2015-02-01,0.8660254037844386,0.5000000000000001,964923.7229588125,399425.21387614735,823983.0760547161,296063.0333758277,848488.84849307,282594.31493993156,1132934.76712318,1252899.0044930317,683042.42915062,683042.42915062,683042.42915062,2015-02-01
2015,3,508937.3972602256,8,243115631.0,2015-03-01,1.0,6.123233995736766e-17,716936.5205478771,360265.04946399544,794965.5707396505,320188.7002214661,833980.0958355373,296011.61505421076,508937.3972602256,1132934.76712318,1252899.0044930317,683042.42915062,683042.42915062,2015-03-01
2015,4,508937.3972602256,8,243115631.0,2015-04-01,0.8660254037844387,-0.4999999999999998,508937.3972602256,0.0,765948.0654245848,339657.842971458,819471.3431780044,308102.133087793,508937.3972602256,508937.3972602256,1132934.76712318,683042.42915062,683042.42915062,2015-04-01
2015,5,508937.3972602256,8,243115631.0,2015-05-01,0.49999999999999994,-0.8660254037844387,508937.3972602256,0.0,736930.560109519,355236.9059645009,757474.5425752705,287092.7507872167,508937.3972602256,508937.3972602256,508937.3972602256,683042.42915062,1252899.0044930317,2015-05-01
2015,6,508937.3972602256,8,243115631.0,2015-06-01,1.2246467991473532e-16,-1.0,508937.3972602256,0.0,612936.9589040513,254745.85950049807,742965.7899177376,295473.31049269566,508937.3972602256,508937.3972602256,508937.3972602256,1252899.0044930317,683042.42915062,2015-06-01
2015,7,508937.3972602256,8,243115631.0,2015-07-01,-0.4999999999999997,-0.8660254037844388,508937.3972602256,0.0,508937.3972602256,0.0,680968.9893150037,253872.44742402484,508937.3972602256,508937.3972602256,508937.3972602256,1132934.76712318,1252899.0044930317,2015-07-01
2015,8,1132934.76712318,8,243115631.0,2015-08-01,-0.8660254037844385,-0.5000000000000004,716936.5205478771,360265.04946399544,612936.9589040513,254745.85950049807,718460.0174793837,285460.5933662037,508937.3972602256,508937.3972602256,508937.3972602256,508937.3972602256,683042.42915062,2015-08-01
2015,9,508937.3972602256,8,243115631.0,2015-09-01,-1.0,-1.8369701987210297e-16,716936.5205478771,360265.04946399544,612936.9589040513,254745.85950049807,703951.2648218508,291778.95275692124,1132934.76712318,508937.3972602256,508937.3972602256,508937.3972602256,683042.42915062,2015-09-01
2015,10,508937.3972602256,8,243115631.0,2015-10-01,-0.8660254037844386,0.5000000000000001,716936.5205478771,360265.04946399544,612936.9589040513,254745.85950049807,689442.512164318,297191.6602707402,508937.3972602256,1132934.76712318,508937.3972602256,508937.3972602256,683042.42915062,2015-10-01
2015,11,508937.3972602256,8,243115631.0,2015-11-01,-0.5000000000000004,0.8660254037844384,508937.3972602256,0.0,612936.9589040513,254745.85950049807,674933.7595067852,301747.4562488394,508937.3972602256,508937.3972602256,1132934.76712318,508937.3972602256,683042.42915062,2015-11-01
2015,12,508937.3972602256,8,243115631.0,2015-12-01,-2.4492935982947064e-16,1.0,508937.3972602256,0.0,612936.9589040513,254745.85950049807,612936.9589040513,242890.6467989389,508937.3972602256,508937.3972602256,508937.3972602256,508937.3972602256,1252899.0044930317,2015-12-01
2016,1,1250166.754191662,7,246033018.0,2016-01-01,0.49999999999999994,0.8660254037844387,756013.8495707043,427948.9687556182,736475.1850592907,354444.073984577,622706.2911597582,266879.84060645575,508937.3972602256,508937.3972602256,508937.3972602256,508937.3972602256,1132934.76712318,2016-01-01
2016,2,1250166.754191662,7,246033018.0,2016-02-01,0.8660254037844386,0.5000000000000001,1003090.3018811833,427948.9687556183,756013.8495707043,382769.1940153982,684475.4042373778,318868.95769945957,1250166.754191662,508937.3972602256,508937.3972602256,1132934.76712318,508937.3972602256,2016-02-01
2016,3,1250166.754191662,7,246033018.0,2016-03-01,1.0,6.123233995736766e-17,1250166.754191662,0.0,879552.0757259438,405988.039076396,746244.5173149975,351859.936697774,1250166.754191662,1250166.754191662,508937.3972602256,508937.3972602256,508937.3972602256,2016-03-01
2016,4,1250166.754191662,7,246033018.0,2016-04-01,0.8660254037844387,-0.4999999999999998,1250166.754191662,0.0,1003090.301881183,382769.1940153982,808013.6303926172,370956.679314435,1250166.754191662,1250166.754191662,1250166.754191662,508937.3972602256,508937.3972602256,2016-04-01
2016,5,625363.152986242,7,246033018.0,2016-05-01,0.49999999999999994,-0.8660254037844387,1041898.8871231886,360730.52734659717,1022494.5945021858,354624.54113336,817715.7767031187,363878.4089080094,1250166.754191662,1250166.754191662,1250166.754191662,508937.3972602256,508937.3972602256,2016-05-01
2016,6,625363.152986242,7,246033018.0,2016-06-01,1.2246467991473532e-16,-1.0,833631.0200547153,360730.52734659705,1041898.8871231886,322647.19228253496,827417.92301362,356371.65555162827,625363.152986242,1250166.754191662,1250166.754191662,508937.3972602256,508937.3972602256,2016-06-01
2016,7,1250166.754191662,7,246033018.0,2016-07-01,-0.4999999999999997,-0.8660254037844388,833631.0200547153,360730.52734659705,1041898.8871231886,322647.19228253496,889187.0360912398,360367.23374158505,625363.152986242,625363.152986242,1250166.754191662,1250166.754191662,508937.3972602256,2016-07-01
2016,8,625363.152986242,7,246033018.0,2016-08-01,-0.8660254037844385,-0.5000000000000004,833631.0200547153,360730.52734659705,937764.953588952,342219.02639067057,846889.4015798281,358941.7502743857,1250166.754191662,625363.152986242,625363.152986242,1250166.754191662,1132934.76712318,2016-08-01
2016,9,625363.152986242,7,246033018.0,2016-09-01,-1.0,-1.8369701987210297e-16,833631.0200547153,360730.52734659705,833631.0200547153,322647.19228253496,856591.5478903296,350449.54543691967,625363.152986242,1250166.754191662,625363.152986242,1250166.754191662,508937.3972602256,2016-09-01
2016,10,625363.152986242,7,246033018.0,2016-10-01,-0.8660254037844386,0.5000000000000001,625363.152986242,0.0,729497.0865204786,255075.00206777797,866293.6942008309,341445.76373649697,625363.152986242,625363.152986242,1250166.754191662,1250166.754191662,508937.3972602256,2016-10-01
2016,11,625363.152986242,7,246033018.0,2016-11-01,-0.5000000000000004,0.8660254037844384,625363.152986242,0.0,729497.0865204786,255075.00206777797,875995.8405113323,331888.7722114259,625363.152986242,625363.152986242,625363.152986242,625363.152986242,508937.3972602256,2016-11-01
2016,12,625363.152986242,7,246033018.0,2016-12-01,-2.4492935982947064e-16,1.0,625363.152986242,0.0,729497.0865204786,255075.00206777797,885697.9868218336,321729.27522401133,625363.152986242,625363.152986242,625363.152986242,625363.152986242,508937.3972602256,2016-12-01
2017,1,664272.8017424026,8,248985414.0,2017-01-01,0.49999999999999994,0.8660254037844387,638333.0359049622,22464.49618344464,631848.094445602,15884.797587252731,836873.4907843954,305434.5109299961,625363.152986242,625363.152986242,625363.152986242,1250166.754191662,1250166.754191662,2017-01-01
2017,2,664272.8017424026,8,248985414.0,2017-02-01,0.8660254037844386,0.5000000000000001,651302.9188236824,22464.49618344484,638333.0359049622,20092.856218586014,788048.9947469571,279051.37103762,664272.8017424026,625363.152986242,625363.152986242,625363.152986242,1250166.754191662,2017-02-01
2017,3,664272.8017424026,8,248985414.0,2017-03-01,1.0,6.123233995736766e-17,664272.8017424026,0.0,644817.9773643223,21311.692328352645,739224.4987095188,239265.5599307103,664272.8017424026,664272.8017424026,625363.152986242,625363.152986242,1250166.754191662,2017-03-01
2017,4,664272.8017424026,8,248985414.0,2017-04-01,0.8660254037844387,-0.4999999999999998,664272.8017424026,0.0,651302.9188236824,20092.856218586097,690400.0026720805,177271.7178232006,664272.8017424026,664272.8017424026,664272.8017424026,625363.152986242,1250166.754191662,2017-04-01
2017,5,664272.8017424026,8,248985414.0,2017-05-01,0.49999999999999994,-0.8660254037844387,664272.8017424026,0.0,657787.8602830425,15884.797587252939,693642.4734017606,176327.31876052672,664272.8017424026,664272.8017424026,664272.8017424026,625363.152986242,625363.152986242,2017-05-01
2017,6,664272.8017424026,8,248985414.0,2017-06-01,1.2246467991473532e-16,-1.0,664272.8017424026,0.0,664272.8017424026,0.0,696884.9441314406,175312.42381267372,664272.8017424026,664272.8017424026,664272.8017424026,625363.152986242,625363.152986242,2017-06-01
2017,7,664272.8017424026,8,248985414.0,2017-07-01,-0.4999999999999997,-0.8660254037844388,664272.8017424026,0.0,664272.8017424026,0.0,648060.4480940023,20035.692927170516,664272.8017424026,664272.8017424026,664272.8017424026,664272.8017424026,1250166.754191662,2017-07-01
2017,8,664272.8017424026,8,248985414.0,2017-08-01,-0.8660254037844385,-0.5000000000000004,664272.8017424026,0.0,664272.8017424026,0.0,651302.9188236824,19157.78671551451,664272.8017424026,664272.8017424026,664272.8017424026,664272.8017424026,625363.152986242,2017-08-01
2017,9,664272.8017424026,8,248985414.0,2017-09-01,-1.0,-1.8369701987210297e-16,664272.8017424026,0.0,664272.8017424026,0.0,654545.3895533625,17597.55077028058,664272.8017424026,664272.8017424026,664272.8017424026,664272.8017424026,625363.152986242,2017-09-01
2017,10,1128974.9689752352,8,248985414.0,2017-10-01,-0.8660254037844386,0.5000000000000001,819173.5241533468,268295.92134487885,741723.1629478749,189713.86534765622,696513.0408857785,137014.54120682456,664272.8017424026,664272.8017424026,664272.8017424026,664272.8017424026,625363.152986242,2017-10-01
2017,11,664272.8017424026,8,248985414.0,2017-11-01,-0.5000000000000004,0.8660254037844384,819173.5241533468,268295.92134487885,741723.1629478746,189713.86534765622,699755.5116154585,135631.1148928976,1128974.9689752352,664272.8017424026,664272.8017424026,664272.8017424026,625363.152986242,2017-11-01
2017,12,664272.8017424026,8,248985414.0,2017-12-01,-2.4492935982947064e-16,1.0,819173.5241533468,268295.92134487885,741723.1629478746,189713.86534765622,702997.9823451387,134147.96067243937,664272.8017424026,1128974.9689752352,664272.8017424026,664272.8017424026,625363.152986242,2017-12-01
2018,1,686390.116208154,8,251973239.0,2018-01-01,0.49999999999999994,0.8660254037844387,671645.2398976531,12769.437460557032,745409.3820255,188116.1406524468,704841.0918839512,133718.78424173433,664272.8017424026,664272.8017424026,1128974.9689752352,664272.8017424026,664272.8017424026,2018-01-01
2018,2,686390.116208154,8,251973239.0,2018-02-01,0.8660254037844386,0.5000000000000001,679017.6780529035,12769.437460557292,749095.6011031251,186417.28014371914,706684.201422764,133260.41953295047,686390.116208154,664272.8017424026,664272.8017424026,664272.8017424026,664272.8017424026,2018-02-01
2018,3,1178523.9244272853,8,251973239.0,2018-03-01,1.0,6.123233995736766e-17,850434.7189478645,284133.5866526316,834804.1215506056,247747.89056568875,749538.4616465041,189290.0322749877,686390.116208154,686390.116208154,664272.8017424026,664272.8017424026,664272.8017424026,2018-03-01
2018,4,686390.116208154,8,251973239.0,2018-04-01,0.8660254037844387,-0.4999999999999998,850434.7189478645,284133.5866526316,761039.9794227588,204811.3394921598,751381.5711853168,188490.3170034759,1178523.9244272853,686390.116208154,686390.116208154,1128974.9689752352,664272.8017424026,2018-04-01
2018,5,686390.116208154,8,251973239.0,2018-05-01,0.49999999999999994,-0.8660254037844387,850434.7189478645,284133.5866526316,764726.198500384,202911.61132772654,753224.6807241294,187667.44826413854,686390.116208154,1178523.9244272853,686390.116208154,664272.8017424026,664272.8017424026,2018-05-01
2018,6,686390.116208154,8,251973239.0,2018-06-01,1.2246467991473532e-16,-1.0,686390.116208154,0.0,768412.4175780093,200912.78588493116,755067.7902629421,186821.12011325892,686390.116208154,686390.116208154,1178523.9244272853,664272.8017424026,664272.8017424026,2018-06-01
2018,7,686390.116208154,8,251973239.0,2018-07-01,-0.4999999999999997,-0.8660254037844388,686390.116208154,0.0,768412.4175780093,200912.78588493116,756910.8998017545,185951.01223513042,686390.116208154,686390.116208154,686390.116208154,686390.116208154,664272.8017424026,2018-07-01
2018,8,686390.116208154,8,251973239.0,2018-08-01,-0.8660254037844385,-0.5000000000000004,686390.116208154,0.0,768412.4175780093,200912.78588493116,758754.0093405672,185056.78920445975,686390.116208154,686390.116208154,686390.116208154,686390.116208154,664272.8017424026,2018-08-01
2018,9,686390.116208154,8,251973239.0,2018-09-01,-1.0,-1.8369701987210297e-16,686390.116208154,0.0,686390.116208154,0.0,760597.1188793797,184138.09969301685,686390.116208154,686390.116208154,686390.116208154,1178523.9244272853,664272.8017424026,2018-09-01
2018,10,1178523.9244272853,8,251973239.0,2018-10-01,-0.8660254037844386,0.5000000000000001,850434.7189478645,284133.5866526316,768412.4175780093,200912.78588493116,764726.198500384,193468.63032452916,686390.116208154,686390.116208154,686390.116208154,686390.116208154,1128974.9689752352,2018-10-01
2018,11,686390.116208154,8,251973239.0,2018-11-01,-0.5000000000000004,0.8660254037844384,850434.7189478645,284133.5866526316,768412.4175780093,200912.78588493116,766569.3080391967,192527.71048523625,1178523.9244272853,686390.116208154,686390.116208154,686390.116208154,664272.8017424026,2018-11-01
2018,12,686390.116208154,8,251973239.0,2018-12-01,-2.4492935982947064e-16,1.0,850434.7189478645,284133.5866526316,768412.4175780093,200912.78588493116,768412.4175780093,191562.8250423915,686390.116208154,1178523.9244272853,686390.116208154,686390.116208154,664272.8017424026,2018-12-01
2019,1,1046466.0936108595,7,254996918.0,2019-01-01,0.49999999999999994,0.8660254037844387,806415.4420090559,207889.96248217014,828425.0804784602,223967.32272506892,798418.7490282347,205258.39702203413,686390.116208154,686390.116208154,1178523.9244272853,686390.116208154,686390.116208154,2019-01-01
2019,2,1046466.0936108595,7,254996918.0,2019-02-01,0.8660254037844386,0.5000000000000001,926440.7678099576,207889.96248217038,888437.7433789112,226524.01299875163,828425.0804784602,213544.46343184705,1046466.0936108595,686390.116208154,686390.116208154,686390.116208154,686390.116208154,2019-02-01
2019,3,1046466.0936108595,7,254996918.0,2019-03-01,1.0,6.123233995736766e-17,1046466.0936108595,0.0,948450.4062793618,209335.2526004983,817420.2612437579,196592.10813791072,1046466.0936108595,1046466.0936108595,686390.116208154,686390.116208154,1178523.9244272853,2019-03-01
2019,4,1046466.0936108595,7,254996918.0,2019-04-01,0.8660254037844387,-0.4999999999999998,1046466.0936108595,0.0,926440.7678099576,185942.43518000506,847426.5926939836,202174.89325618887,1046466.0936108595,1046466.0936108595,1046466.0936108595,1178523.9244272853,686390.116208154,2019-04-01
2019,5,1046466.0936108595,7,254996918.0,2019-05-01,0.49999999999999994,-0.8660254037844387,1046466.0936108595,0.0,986453.4307104085,147000.40221175936,877432.9241442089,202821.23322941837,1046466.0936108595,1046466.0936108595,1046466.0936108595,686390.116208154,686390.116208154,2019-05-01
2019,6,1046466.0936108595,7,254996918.0,2019-06-01,1.2246467991473532e-16,-1.0,1046466.0936108595,0.0,1046466.0936108595,0.0,907439.2555944342,198579.33562876133,1046466.0936108595,1046466.0936108595,1046466.0936108595,686390.116208154,686390.116208154,2019-06-01
2019,7,1500424.1210080767,7,254996918.0,2019-07-01,-0.4999999999999997,-0.8660254037844388,1197785.4360765985,262092.78931857596,1122125.764843729,185327.5886272616,975275.4226610946,248873.58232371573,1046466.0936108595,1046466.0936108595,1046466.0936108595,1046466.0936108595,686390.116208154,2019-07-01
2019,8,1500424.1210080767,7,254996918.0,2019-08-01,-0.8660254037844385,-0.5000000000000004,1349104.7785423377,262092.78931857625,1197785.4360765985,234422.91733154585,1043111.5897277547,272767.6580582826,1500424.1210080767,1046466.0936108595,1046466.0936108595,1046466.0936108595,686390.116208154,2019-08-01
2019,9,1046466.0936108595,7,254996918.0,2019-09-01,-1.0,-1.8369701987210297e-16,1349104.7785423377,262092.78931857625,1197785.4360765985,234422.91733154585,1073117.9211779803,248702.20089125558,1500424.1210080767,1500424.1210080767,1046466.0936108595,1046466.0936108595,686390.116208154,2019-09-01
2019,10,1046466.0936108595,7,254996918.0,2019-10-01,-0.8660254037844386,0.5000000000000001,1197785.4360765985,262092.78931857596,1197785.4360765985,234422.91733154585,1062113.101943278,246526.27627693937,1046466.0936108595,1500424.1210080767,1500424.1210080767,1046466.0936108595,1178523.9244272853,2019-10-01
2019,11,1046466.0936108595,7,254996918.0,2019-11-01,-0.5000000000000004,0.8660254037844384,1046466.0936108595,0.0,1197785.4360765985,234422.91733154585,1092119.4333935035,216752.8465954508,1046466.0936108595,1046466.0936108595,1500424.1210080767,1046466.0936108595,686390.116208154,2019-11-01
2019,12,1046466.0936108595,7,254996918.0,2019-12-01,-2.4492935982947064e-16,1.0,1046466.0936108595,0.0,1197785.4360765985,234422.91733154585,1122125.764843729,176702.92251118988,1046466.0936108595,1046466.0936108595,1046466.0936108595,1046466.0936108595,686390.116208154,2019-12-01
2020,1,629990.07990131,8,258056881.0,2020-01-01,0.49999999999999994,0.8660254037844387,907640.7557076764,240452.53862623128,1052713.0958921376,275425.49279569456,1087419.4303679334,226732.10900124552,1046466.0936108595,1046466.0936108595,1046466.0936108595,1500424.1210080767,1046466.0936108595,2020-01-01
2020,2,722131.6316410273,8,258056881.0,2020-02-01,0.8660254037844386,0.5000000000000001,799529.2683843989,218759.82978815743,922997.6809976292,193483.03271205578,1060391.5585371137,250177.00490442786,629990.07990131,1046466.0936108595,1046466.0936108595,1500424.1210080767,1046466.0936108595,2020-02-01
2020,3,629054.7396136388,8,258056881.0,2020-03-01,1.0,6.123233995736766e-17,660392.1503853254,53470.00443852533,853429.1219980923,214148.41451940808,1025607.2790373456,279579.5627844596,722131.6316410273,629990.07990131,1046466.0936108595,1046466.0936108595,1046466.0936108595,2020-03-01
2020,4,630666.5307095292,8,258056881.0,2020-04-01,0.8660254037844387,-0.4999999999999998,660617.6339880652,53278.77999795777,784129.1948478707,206321.46638481034,990957.3154622345,301654.18431006704,629054.7396136388,722131.6316410273,629990.07990131,1046466.0936108595,1046466.0936108595,2020-04-01
2020,5,1203884.2523204335,8,258056881.0,2020-05-01,0.49999999999999994,-0.8660254037844387,821201.8408812005,331413.66973367933,810365.5546327997,251430.43484372314,1004075.4953546991,307650.82513865683,630666.5307095292,629054.7396136388,722131.6316410273,1046466.0936108595,1046466.0936108595,2020-05-01
2020,6,1106753.9159560592,8,258056881.0,2020-06-01,1.2246467991473532e-16,-1.0,980434.8996620072,306776.8073051192,820413.5250236663,263660.062882804,1009099.4805501326,308895.7373971188,1203884.2523204335,630666.5307095292,629054.7396136388,1046466.0936108595,1046466.0936108595,2020-06-01
2020,7,641389.6272465144,8,258056881.0,2020-07-01,-0.4999999999999997,-0.8660254037844388,984009.2651743358,300665.49150327855,822313.4495812004,262049.59570277226,937513.2727366689,283147.5610331602,1106753.9159560592,1203884.2523204335,630666.5307095292,629990.07990131,1500424.1210080767,2020-07-01
2020,8,723066.9719286985,8,258056881.0,2020-08-01,-0.8660254037844385,-0.5000000000000004,823736.8383770908,248478.9665335644,822469.3396291457,261978.34792605296,872733.5103133875,225763.2581232111,641389.6272465144,1106753.9159560592,1203884.2523204335,722131.6316410273,1500424.1210080767,2020-08-01
2020,9,629054.7396136388,8,258056881.0,2020-09-01,-1.0,-1.8369701987210297e-16,664503.7795962839,51090.83073655658,822469.3396291455,261978.34792605296,837949.2308136191,228699.19018205302,723066.9719286985,641389.6272465144,1106753.9159560592,629054.7396136388,1046466.0936108595,2020-09-01
2020,10,1105818.575668388,8,258056881.0,2020-10-01,-0.8660254037844386,0.5000000000000001,819313.4290702417,252534.10507619442,901661.3471222887,264209.5765335252,842895.2709850796,234194.4917391958,629054.7396136388,723066.9719286985,641389.6272465144,630666.5307095292,1046466.0936108595,2020-10-01
2020,11,1583516.4983971098,8,258056881.0,2020-11-01,-0.5000000000000004,0.8660254037844384,1106129.9378930454,477230.95557060844,964933.3881350681,373791.6953358351,887649.4713839339,314261.2001040852,1105818.575668388,629054.7396136388,723066.9719286985,1203884.2523204335,1046466.0936108595,2020-11-01
2020,12,1114030.9424848256,8,258056881.0,2020-12-01,-2.4492935982947064e-16,1.0,1267788.6721834412,273459.1485512767,966146.2258898625,374355.272504429,893279.8754567644,317948.9030362372,1583516.4983971098,1105818.575668388,629054.7396136388,1106753.9159560592,1046466.0936108595,2020-12-01
2021,1,1033601.1655971621,8,261153564.0,2021-01-01,0.49999999999999994,0.8660254037844387,1243716.2021596993,297010.80492942454,1031514.8156149705,338867.040489909,926914.1325980853,308780.5845496506,1114030.9424848256,1583516.4983971098,1105818.575668388,641389.6272465144,629990.07990131,2021-01-01
2021,2,547590.8820739206,8,261153564.0,2021-02-01,0.8660254037844386,0.5000000000000001,898407.6633853028,306466.22618130164,1002268.8006391741,376314.9426954218,912369.07013416,323083.368487862,1033601.1655971621,1114030.9424848256,1583516.4983971098,723066.9719286985,722131.6316410273,2021-02-01
2021,3,1033601.1655971621,8,261153564.0,2021-03-01,1.0,6.123233995736766e-17,871597.7377560815,280598.16802107025,1069693.2049697614,329387.7230347161,946081.2722994535,311740.5029714991,547590.8820739206,1033601.1655971621,1114030.9424848256,629054.7396136388,629054.7396136388,2021-03-01
2021,4,1027273.379843738,8,261153564.0,2021-04-01,0.8660254037844387,-0.4999999999999998,869488.4758382734,278789.4472027158,1056602.3389989864,329225.6171546785,979131.8430606375,295880.9910490303,1033601.1655971621,547590.8820739206,1033601.1655971621,1105818.575668388,630666.5307095292,2021-04-01
2021,5,547590.8820739206,8,261153564.0,2021-05-01,0.49999999999999994,-0.8660254037844387,869488.4758382736,278789.4472027158,883948.0696117883,262505.1185921443,924440.7288734281,310837.82813470653,1027273.379843738,1033601.1655971621,547590.8820739206,1583516.4983971098,1203884.2523204335,2021-05-01
2021,6,1033601.1655971621,8,261153564.0,2021-06-01,1.2246467991473532e-16,-1.0,869488.4758382734,278789.4472027158,870543.1067971777,250169.72199509252,918344.66634352,307638.16828091204,547590.8820739206,1027273.379843738,1033601.1655971621,1114030.9424848256,1106753.9159560592,2021-06-01
2021,7,546333.4546766605,8,261153564.0,2021-07-01,-0.4999999999999997,-0.8660254037844388,709175.1674492477,280961.8594874005,789331.8216437605,265283.538873553,910423.3186293655,316513.52740657807,1033601.1655971621,547590.8820739206,1027273.379843738,1033601.1655971621,641389.6272465144,2021-07-01
2021,8,552800.8834273447,8,261153564.0,2021-08-01,-0.8660254037844385,-0.5000000000000004,710911.8345670557,279475.8668993702,790200.1552026648,264340.86284068576,896234.4779209193,329236.64747521485,546333.4546766605,1033601.1655971621,547590.8820739206,547590.8820739206,723066.9719286985,2021-08-01
2021,9,552800.8834273447,8,261153564.0,2021-09-01,-1.0,-1.8369701987210297e-16,550645.0738437833,3733.971730161002,710066.7748410284,248180.04324525586,889879.989905395,335537.76883974083,552800.8834273447,546333.4546766605,1033601.1655971621,1033601.1655971621,629054.7396136388,2021-09-01
2021,10,643625.11138898,8,261153564.0,2021-10-01,-0.8660254037844386,0.5000000000000001,583075.6260812231,52437.39246258953,646125.3967652355,193509.75930408604,851363.867882111,335023.9652215844,552800.8834273447,552800.8834273447,546333.4546766605,1027273.379843738,1105818.575668388,2021-10-01
2021,11,547145.178090359,8,261153564.0,2021-11-01,-0.5000000000000004,0.8660254037844384,581190.3909688946,54143.95151967873,646051.1127679752,193555.22970171925,764999.5911898817,252559.2113088518,643625.11138898,552800.8834273447,552800.8834273447,547590.8820739206,1583516.4983971098,2021-11-01
2021,12,547590.8820739206,8,261153564.0,2021-12-01,-2.4492935982947064e-16,1.0,579453.7238510865,55574.49862044702,565049.3988474349,38600.1097315983,717796.2528223064,233618.47455016559,547145.178090359,643625.11138898,552800.8834273447,1033601.1655971621,1114030.9424848256,2021-12-01
2022,1,538180.6060848804,8,264287406.0,2022-01-01,0.49999999999999994,0.8660254037844387,544305.5554163867,5309.040991111281,563690.590748805,39523.18220507374,676511.2061962828,215834.33985852628,547590.8820739206,547145.178090359,643625.11138898,546333.4546766605,1033601.1655971621,2022-01-01
2022,2,534210.7188903602,8,264287406.0,2022-02-01,0.8660254037844386,0.5000000000000001,539994.0690163871,6871.948599746308,560592.2299926408,41239.02942860929,675396.1925976528,216594.1207410787,538180.6060848804,547590.8820739206,547145.178090359,552800.8834273447,547590.8820739206,2022-02-01
2022,3,991645.4749889469,8,264287406.0,2022-03-01,1.0,6.123233995736766e-17,688012.2666547293,262961.56354794925,633732.9952529079,180084.45431211914,671899.8850469681,210540.2704880885,534210.7188903602,538180.6060848804,547590.8820739206,552800.8834273447,1033601.1655971621,2022-03-01
2022,4,538180.6060848804,8,264287406.0,2022-04-01,0.8660254037844387,-0.4999999999999998,688012.2666547293,262961.56354794925,616158.9110355579,184027.91523139426,631142.1539003967,180719.64059198246,991645.4749889469,534210.7188903602,538180.6060848804,643625.11138898,1027273.379843738,2022-04-01
2022,5,532918.7595204973,8,264287406.0,2022-05-01,0.49999999999999994,-0.8660254037844387,687581.6135314415,263340.17095888266,613787.8412739143,185182.97091276923,629919.4770209447,181384.71278857128,538180.6060848804,991645.4749889469,534210.7188903602,547145.178090359,547590.8820739206,2022-05-01
2022,6,617057.5131259687,8,264287406.0,2022-06-01,1.2246467991473532e-16,-1.0,562718.9595771154,47132.05447095354,625365.6131159223,182366.6900078732,595207.5059816786,129562.91121572655,532918.7595204973,538180.6060848804,991645.4749889469,547590.8820739206,1033601.1655971621,2022-06-01
2022,7,533276.6104684424,8,264287406.0,2022-07-01,-0.4999999999999997,-0.8660254037844388,561084.2943716361,48474.55959176394,624548.2805131826,182845.9454755518,594119.4356309938,130064.52376091365,617057.5131259687,532918.7595204973,538180.6060848804,538180.6060848804,546333.4546766605,2022-07-01
2022,8,531984.6510985796,8,264287406.0,2022-08-01,-0.8660254037844385,-0.5000000000000004,560772.9248976636,48748.16349131221,624177.2692145526,183068.0329486209,592384.7496035966,130802.4126890375,533276.6104684424,617057.5131259687,532918.7595204973,534210.7188903602,552800.8834273447,2022-08-01
2022,9,533276.6104684424,8,264287406.0,2022-09-01,-1.0,-1.8369701987210297e-16,532845.957345155,745.9130899483582,547782.4584611352,34007.55293609976,590757.7268570216,131459.32866803432,531984.6510985796,533276.6104684424,617057.5131259687,991645.4749889469,552800.8834273447,2022-09-01
2022,10,533276.6104684424,8,264287406.0,2022-10-01,-0.8660254037844386,0.5000000000000001,532845.9573451548,745.9130899483582,546965.1258583955,34341.7650825896,581562.0184469767,131284.38659103564,533276.6104684424,531984.6510985796,533276.6104684424,538180.6060848804,643625.11138898,2022-10-01
2022,11,532918.7595204973,8,264287406.0,2022-11-01,-0.5000000000000004,0.8660254037844384,533157.3268191274,206.60534103929984,546965.1258583955,34341.7650825896,580376.4835661548,131687.05106903377,533276.6104684424,533276.6104684424,531984.6510985796,532918.7595204973,547145.178090359,2022-11-01
2022,12,992937.4343588097,8,264287406.0,2022-12-01,-2.4492935982947064e-16,1.0,686377.6014492498,265488.66337280424,609611.7793972023,187791.11914230243,617488.6962565623,176676.41713705077,532918.7595204973,533276.6104684424,533276.6104684424,617057.5131259687,547590.8820739206,2022-12-01
2023,1,641375.202199939,8,267458855.0,2023-01-01,0.49999999999999994,0.8660254037844387,722410.4653597487,240477.2976946762,627628.2113524518,184153.10382068853,626088.2459328172,174968.434826017,992937.4343588097,532918.7595204973,533276.6104684424,533276.6104684424,538180.6060848804,2023-01-01
2023,2,548883.2794328246,8,267458855.0,2023-02-01,0.8660254037844386,0.5000000000000001,727731.9719971912,234284.31849810042,630444.6494081592,182519.75672733472,627310.959311356,174318.06654943942,641375.202199939,992937.4343588097,532918.7595204973,531984.6510985796,534210.7188903602,2023-02-01
2023,3,1067633.1476409945,8,267458855.0,2023-03-01,1.0,6.123233995736766e-17,752630.5430912528,276692.3735832453,719504.0722702512,245222.3392644092,633643.2653656933,189477.1477232377,548883.2794328246,641375.202199939,992937.4343588097,533276.6104684424,991645.4749889469,2023-03-01
2023,4,548113.6848958384,8,267458855.0,2023-04-01,0.8660254037844387,-0.4999999999999998,721543.3706565524,299722.7858685312,721976.9180081505,243033.86016376052,634471.0219332731,189043.39382793783,1067633.1476409945,548883.2794328246,641375.202199939,533276.6104684424,538180.6060848804,2023-04-01
2023,5,971964.9070327844,7,267458855.0,2023-05-01,0.49999999999999994,-0.8660254037844387,862570.5798565391,276496.75794936816,795151.2759268652,240811.69961421407,671058.2008926304,209031.80548723668,548113.6848958384,1067633.1476409945,548883.2794328246,532918.7595204973,532918.7595204973,2023-05-01
2023,6,549380.7391862492,7,267458855.0,2023-06-01,1.2246467991473532e-16,-1.0,689819.7770382906,244345.67141930497,721225.1600647718,235985.05968777035,665418.469730987,211519.3746455568,971964.9070327844,548113.6848958384,1067633.1476409945,992937.4343588097,617057.5131259687,2023-06-01
2023,7,978912.9421615509,8,267458855.0,2023-07-01,-0.4999999999999997,-0.8660254037844388,833419.5294601949,246009.3384065988,777481.4500583736,252777.80688465462,702554.8307054127,224906.62829332752,549380.7391862492,971964.9070327844,548113.6848958384,641375.202199939,533276.6104684424,2023-07-01
2023,8,635966.356145145,8,267458855.0,2023-08-01,-0.8660254037844385,-0.5000000000000004,721420.0124976482,227159.02774534997,791995.2961770938,239160.44241640533,711219.9727926265,219679.87628229728,978912.9421615509,549380.7391862492,971964.9070327844,548883.2794328246,531984.6510985796,2023-08-01
2023,9,548883.2794328246,8,267458855.0,2023-09-01,-1.0,-1.8369701987210297e-16,721254.19257984,227347.50711065417,705536.9848090654,211785.54057452493,712520.5285396584,218574.05504983364,635966.356145145,978912.9421615509,549380.7391862492,1067633.1476409945,533276.6104684424,2023-09-01
2023,10,547246.1506657015,8,267458855.0,2023-10-01,-0.8660254037844386,0.5000000000000001,577365.2620812237,50756.63716959999,705392.3957707091,211914.76747244905,713684.6568894299,217567.49599074904,548883.2794328246,635966.356145145,978912.9421615509,548113.6848958384,533276.6104684424,2023-10-01
2023,11,552654.9967204954,8,267458855.0,2023-11-01,-0.5000000000000004,0.8660254037844384,549594.8089396737,2773.735674217244,635507.4107186612,171757.78634939148,715329.3433227631,216146.74104528865,547246.1506657015,548883.2794328246,635966.356145145,971964.9070327844,532918.7595204973,2023-11-01
2023,12,635196.7616081588,8,267458855.0,2023-12-01,-2.4492935982947064e-16,1.0,578365.9696647851,49291.15629191858,649810.0811223127,166648.48065780915,685517.6205935422,198311.89003185046,552654.9967204954,547246.1506657015,548883.2794328246,549380.7391862492,992937.4343588097,2023-12-01
2024,1,900982.8962410103,7,270668362.0,2024-01-01,0.49999999999999994,0.8660254037844387,696278.218189888,182020.02540847726,636821.740135556,136106.93474521476,707151.5950969649,207027.45726604364,635196.7616081588,552654.9967204954,547246.1506657015,978912.9421615509,641375.202199939,2024-01-01
2024,2,474688.9576876261,8,270668362.0,2024-02-01,0.8660254037844386,0.5000000000000001,670289.538512265,215302.71190807168,609942.1737259695,151378.15519355712,700968.7349515315,213199.72147681037,900982.8962410103,635196.7616081588,552654.9967204954,635966.356145145,548883.2794328246,2024-02-01
2024,3,899992.9018136131,7,270668362.0,2024-03-01,1.0,6.123233995736766e-17,758554.9185807499,245835.63174929278,668460.4441227675,186778.8199017743,686998.7144659165,191363.81899158843,474688.9576876261,900982.8962410103,635196.7616081588,548883.2794328246,1067633.1476409945,2024-03-01
2024,4,471114.31999995525,7,270668362.0,2024-04-01,0.8660254037844387,-0.4999999999999998,615265.3931670648,246587.733157394,655771.8056784766,198855.83537531822,680582.1007245929,197632.387979181,899992.9018136131,474688.9576876261,900982.8962410103,547246.1506657015,548113.6848958384,2024-04-01
2024,5,992335.484706755,8,270668362.0,2024-05-01,0.49999999999999994,-0.8660254037844387,787814.2355067744,278129.31437618006,729051.8870095197,231577.38583296316,682279.6488640904,200430.40531859754,471114.31999995525,899992.9018136131,474688.9576876261,552654.9967204954,971964.9070327844,2024-05-01
2024,6,904557.5339286812,8,270668362.0,2024-06-01,1.2246467991473532e-16,-1.0,789335.7795451303,279060.77321435855,773945.3490629401,235814.05304676056,711877.7150926264,205189.18384562107,992335.484706755,471114.31999995525,899992.9018136131,635196.7616081588,549380.7391862492,2024-06-01
2024,7,466713.2925972159,8,270668362.0,2024-07-01,-0.4999999999999997,-0.8660254037844388,787868.770410884,281570.36928269564,701567.0817889745,254897.0987505939,669194.4109622652,197728.92853681598,904557.5339286812,992335.484706755,471114.31999995525,900982.8962410103,978912.9421615509,2024-07-01
2024,8,466713.2925972159,8,270668362.0,2024-08-01,-0.8660254037844385,-0.5000000000000004,612661.3730410376,252789.4905958488,700237.804273906,256333.63883308717,655089.9889999378,206171.00228698616,466713.2925972159,904557.5339286812,992335.484706755,474688.9576876261,635966.356145145,2024-08-01
2024,9,899992.9018136131,7,270668362.0,2024-09-01,-1.0,-1.8369701987210297e-16,611139.8290026815,250154.09901546268,700237.8042739062,256333.63883308717,684349.1241983367,214475.19705319524,466713.2925972159,466713.2925972159,904557.5339286812,899992.9018136131,548883.2794328246,2024-09-01
2024,10,556471.2322300841,8,270668362.0,2024-10-01,-0.8660254037844386,0.5000000000000001,641059.1422136376,228690.05406273738,714463.9563122609,243101.47172221873,685117.8809953687,213954.99733263237,899992.9018136131,466713.2925972159,466713.2925972159,471114.31999995525,547246.1506657015,2024-10-01
2024,11,910553.210164297,8,270668362.0,2024-11-01,-0.5000000000000004,0.8660254037844384,789005.7814026646,201450.03709924428,700833.5772218512,226104.09706443184,714942.7321156855,218703.73499628334,556471.2322300841,899992.9018136131,466713.2925972159,992335.484706755,552654.9967204954,2024-11-01
2024,12,464128.6493369422,7,270668362.0,2024-12-01,-2.4492935982947064e-16,1.0,643717.6972437744,235653.7319257069,627428.7631232281,218087.8196957379,700687.0560930842,229674.50355907605,910553.210164297,556471.2322300841,899992.9018136131,904557.5339286812,635196.7616081588,2024-12-01
